[debug] [2026-05-15T10:39:00.228Z] [Firebase Plugin] Activating Firebase extension.
[debug] [2026-05-15T10:41:27.900Z] [Firebase Plugin] requireAuthWrapper
[debug] [2026-05-15T10:41:27.902Z] > command requires scopes: ["email","openid","https://www.googleapis.com/auth/cloudplatformprojects.readonly","https://www.googleapis.com/auth/firebase","https://www.googleapis.com/auth/cloud-platform"]
[debug] [2026-05-15T10:41:27.903Z] > authorizing via signed-in user (ramalanchiamsi@gmail.com)
[debug] [2026-05-15T10:41:29.830Z] Checked if tokens are valid: false, expires at: 1778817810869
[debug] [2026-05-15T10:41:29.830Z] Checked if tokens are valid: false, expires at: 1778817810869
[debug] [2026-05-15T10:41:29.831Z] > refreshing access token with scopes: []
[debug] [2026-05-15T10:41:29.834Z] >>> [apiv2][query] POST https://www.googleapis.com/oauth2/v3/token [none]
[debug] [2026-05-15T10:41:29.835Z] >>> [apiv2][body] POST https://www.googleapis.com/oauth2/v3/token [omitted]
[debug] [2026-05-15T10:41:29.886Z] [Firebase Plugin] VSCode notification server listening on port 40001
[info] [Firebase Plugin] Starting SQL Connect toolkit (version 3.4.5) on port 50001
[info] i  dataconnect: downloading dataconnect-emulator-3.4.5... {"metadata":{"emulator":{"name":"dataconnect"},"message":"downloading dataconnect-emulator-3.4.5..."}}
[debug] [2026-05-15T10:41:32.680Z] >>> [apiv2][query] GET https://storage.googleapis.com/firemat-preview-drop/emulator/dataconnect-emulator-macos-amd64-v3.4.5 
[debug] [2026-05-15T10:41:33.030Z] <<< [apiv2][status] POST https://www.googleapis.com/oauth2/v3/token 200
[debug] [2026-05-15T10:41:33.031Z] <<< [apiv2][body] POST https://www.googleapis.com/oauth2/v3/token [omitted]
[debug] [2026-05-15T10:41:33.077Z] [Firebase Plugin] User found:  ramalanchiamsi@gmail.com
[info] [Firebase Plugin] (Core:Project) New user detected, fetching projects
[debug] [2026-05-15T10:41:33.083Z] Checked if tokens are valid: true, expires at: 1778845292032
[debug] [2026-05-15T10:41:33.086Z] >>> [apiv2][query] GET https://firebase.googleapis.com/v1beta1/projects pageSize=1000
[debug] [2026-05-15T10:41:33.329Z] <<< [apiv2][status] GET https://storage.googleapis.com/firemat-preview-drop/emulator/dataconnect-emulator-macos-amd64-v3.4.5 200
[debug] [2026-05-15T10:41:33.331Z] <<< [apiv2][body] GET https://storage.googleapis.com/firemat-preview-drop/emulator/dataconnect-emulator-macos-amd64-v3.4.5 [stream]
[debug] [2026-05-15T10:41:41.721Z] <<< [apiv2][status] GET https://firebase.googleapis.com/v1beta1/projects 200
[debug] [2026-05-15T10:41:41.722Z] <<< [apiv2][body] GET https://firebase.googleapis.com/v1beta1/projects [omitted]
[info] i  dataconnect: Removing outdated emulator files: dataconnect-emulator-3.4.6 {"metadata":{"emulator":{"name":"dataconnect"},"message":"Removing outdated emulator files: dataconnect-emulator-3.4.6"}}
[debug] [2026-05-15T10:42:02.545Z] 'fdc build' failed with error: Unable to build your SQL Connect schema and connectors (exit code 1): E0515 17:42:02.542373   83596 cmd.go:43] Error loading data connect config: could not find dataconnect.yaml in `/Users/tius/Documents/Data Tius/Projeksi-bisnis/dataconnect`
 {"metadata":{"emulator":{"name":"dataconnect"},"message":"'fdc build' failed with error: Unable to build your SQL Connect schema and connectors (exit code 1): E0515 17:42:02.542373   83596 cmd.go:43] Error loading data connect config: could not find dataconnect.yaml in `/Users/tius/Documents/Data Tius/Projeksi-bisnis/dataconnect`\n"}}
[debug] [2026-05-15T10:42:02.546Z] Ignoring unsupported arg: auto_download {"metadata":{"emulator":{"name":"dataconnect"},"message":"Ignoring unsupported arg: auto_download"}}
[debug] [2026-05-15T10:42:02.547Z] Ignoring unsupported arg: port {"metadata":{"emulator":{"name":"dataconnect"},"message":"Ignoring unsupported arg: port"}}
[debug] [2026-05-15T10:42:02.547Z] Starting SQL Connect Emulator with command {"binary":"/Users/tius/.cache/firebase/emulators/dataconnect-emulator-3.4.5","args":["--logtostderr","-v=2","dev","--listen=localhost:50001","--config_dir=/Users/tius/Documents/Data Tius/Projeksi-bisnis/dataconnect","--enable_output_schema_extensions=true","--enable_output_generated_sdk=true"],"optionalArgs":["listen","config_dir","enable_output_schema_extensions","enable_output_generated_sdk"],"joinArgs":true,"shell":false,"port":9399} {"metadata":{"emulator":{"name":"dataconnect"},"message":"Starting SQL Connect Emulator with command {\"binary\":\"/Users/tius/.cache/firebase/emulators/dataconnect-emulator-3.4.5\",\"args\":[\"--logtostderr\",\"-v=2\",\"dev\",\"--listen=localhost:50001\",\"--config_dir=/Users/tius/Documents/Data Tius/Projeksi-bisnis/dataconnect\",\"--enable_output_schema_extensions=true\",\"--enable_output_generated_sdk=true\"],\"optionalArgs\":[\"listen\",\"config_dir\",\"enable_output_schema_extensions\",\"enable_output_generated_sdk\"],\"joinArgs\":true,\"shell\":false,\"port\":9399}"}}
[info] i  dataconnect: SQL Connect Emulator logging to dataconnect-debug.log {"metadata":{"emulator":{"name":"dataconnect"},"message":"SQL Connect Emulator logging to dataconnect-debug.log"}}
[debug] [2026-05-15T10:42:02.693Z] E0515 17:42:02.692106   83597 dev.go:83] Failed to load initial config from "/Users/tius/Documents/Data Tius/Projeksi-bisnis/dataconnect": could not find dataconnect.yaml in `/Users/tius/Documents/Data Tius/Projeksi-bisnis/dataconnect`
E0515 17:42:02.693178   83597 watch.go:116] watchAllDir unable to walk dir `/Users/tius/Documents/Data Tius/Projeksi-bisnis/dataconnect`: lstat /Users/tius/Documents/Data Tius/Projeksi-bisnis/dataconnect: no such file or directory
 {"metadata":{"emulator":{"name":"dataconnect"},"message":"E0515 17:42:02.692106   83597 dev.go:83] Failed to load initial config from \"/Users/tius/Documents/Data Tius/Projeksi-bisnis/dataconnect\": could not find dataconnect.yaml in `/Users/tius/Documents/Data Tius/Projeksi-bisnis/dataconnect`\nE0515 17:42:02.693178   83597 watch.go:116] watchAllDir unable to walk dir `/Users/tius/Documents/Data Tius/Projeksi-bisnis/dataconnect`: lstat /Users/tius/Documents/Data Tius/Projeksi-bisnis/dataconnect: no such file or directory\n"}}
[debug] [2026-05-15T10:42:02.700Z] I0515 17:42:02.699806   83597 dev.go:104] Listening on address (HTTP + gRPC): 127.0.0.1:50001
 {"metadata":{"emulator":{"name":"dataconnect"},"message":"I0515 17:42:02.699806   83597 dev.go:104] Listening on address (HTTP + gRPC): 127.0.0.1:50001\n"}}
[error] [Firebase Plugin] error:  {}
[debug] [2026-05-15T10:42:13.140Z] E0515 17:42:12.695396   83597 watch.go:40] Failed to load config from "/Users/tius/Documents/Data Tius/Projeksi-bisnis/dataconnect": could not find dataconnect.yaml in `/Users/tius/Documents/Data Tius/Projeksi-bisnis/dataconnect`
 {"metadata":{"emulator":{"name":"dataconnect"},"message":"E0515 17:42:12.695396   83597 watch.go:40] Failed to load config from \"/Users/tius/Documents/Data Tius/Projeksi-bisnis/dataconnect\": could not find dataconnect.yaml in `/Users/tius/Documents/Data Tius/Projeksi-bisnis/dataconnect`\n"}}
[debug] [2026-05-15T10:42:25.843Z] E0515 17:42:22.694328   83597 watch.go:40] Failed to load config from "/Users/tius/Documents/Data Tius/Projeksi-bisnis/dataconnect": could not find dataconnect.yaml in `/Users/tius/Documents/Data Tius/Projeksi-bisnis/dataconnect`
 {"metadata":{"emulator":{"name":"dataconnect"},"message":"E0515 17:42:22.694328   83597 watch.go:40] Failed to load config from \"/Users/tius/Documents/Data Tius/Projeksi-bisnis/dataconnect\": could not find dataconnect.yaml in `/Users/tius/Documents/Data Tius/Projeksi-bisnis/dataconnect`\n"}}
[debug] [2026-05-15T10:42:32.773Z] E0515 17:42:32.693861   83597 watch.go:40] Failed to load config from "/Users/tius/Documents/Data Tius/Projeksi-bisnis/dataconnect": could not find dataconnect.yaml in `/Users/tius/Documents/Data Tius/Projeksi-bisnis/dataconnect`
 {"metadata":{"emulator":{"name":"dataconnect"},"message":"E0515 17:42:32.693861   83597 watch.go:40] Failed to load config from \"/Users/tius/Documents/Data Tius/Projeksi-bisnis/dataconnect\": could not find dataconnect.yaml in `/Users/tius/Documents/Data Tius/Projeksi-bisnis/dataconnect`\n"}}
[debug] [2026-05-15T10:42:42.809Z] E0515 17:42:42.694454   83597 watch.go:40] Failed to load config from "/Users/tius/Documents/Data Tius/Projeksi-bisnis/dataconnect": could not find dataconnect.yaml in `/Users/tius/Documents/Data Tius/Projeksi-bisnis/dataconnect`
 {"metadata":{"emulator":{"name":"dataconnect"},"message":"E0515 17:42:42.694454   83597 watch.go:40] Failed to load config from \"/Users/tius/Documents/Data Tius/Projeksi-bisnis/dataconnect\": could not find dataconnect.yaml in `/Users/tius/Documents/Data Tius/Projeksi-bisnis/dataconnect`\n"}}
[debug] [2026-05-15T10:42:52.744Z] E0515 17:42:52.725280   83597 watch.go:40] Failed to load config from "/Users/tius/Documents/Data Tius/Projeksi-bisnis/dataconnect": could not find dataconnect.yaml in `/Users/tius/Documents/Data Tius/Projeksi-bisnis/dataconnect`
 {"metadata":{"emulator":{"name":"dataconnect"},"message":"E0515 17:42:52.725280   83597 watch.go:40] Failed to load config from \"/Users/tius/Documents/Data Tius/Projeksi-bisnis/dataconnect\": could not find dataconnect.yaml in `/Users/tius/Documents/Data Tius/Projeksi-bisnis/dataconnect`\n"}}
[debug] [2026-05-15T10:43:02.692Z] E0515 17:43:02.692205   83597 watch.go:116] watchAllDir unable to walk dir `/Users/tius/Documents/Data Tius/Projeksi-bisnis/dataconnect`: lstat /Users/tius/Documents/Data Tius/Projeksi-bisnis/dataconnect: no such file or directory
 {"metadata":{"emulator":{"name":"dataconnect"},"message":"E0515 17:43:02.692205   83597 watch.go:116] watchAllDir unable to walk dir `/Users/tius/Documents/Data Tius/Projeksi-bisnis/dataconnect`: lstat /Users/tius/Documents/Data Tius/Projeksi-bisnis/dataconnect: no such file or directory\n"}}
[debug] [2026-05-15T10:43:02.694Z] E0515 17:43:02.692605   83597 watch.go:40] Failed to load config from "/Users/tius/Documents/Data Tius/Projeksi-bisnis/dataconnect": could not find dataconnect.yaml in `/Users/tius/Documents/Data Tius/Projeksi-bisnis/dataconnect`
 {"metadata":{"emulator":{"name":"dataconnect"},"message":"E0515 17:43:02.692605   83597 watch.go:40] Failed to load config from \"/Users/tius/Documents/Data Tius/Projeksi-bisnis/dataconnect\": could not find dataconnect.yaml in `/Users/tius/Documents/Data Tius/Projeksi-bisnis/dataconnect`\n"}}
[debug] [2026-05-15T10:43:12.699Z] E0515 17:43:12.698945   83597 watch.go:40] Failed to load config from "/Users/tius/Documents/Data Tius/Projeksi-bisnis/dataconnect": could not find dataconnect.yaml in `/Users/tius/Documents/Data Tius/Projeksi-bisnis/dataconnect`
 {"metadata":{"emulator":{"name":"dataconnect"},"message":"E0515 17:43:12.698945   83597 watch.go:40] Failed to load config from \"/Users/tius/Documents/Data Tius/Projeksi-bisnis/dataconnect\": could not find dataconnect.yaml in `/Users/tius/Documents/Data Tius/Projeksi-bisnis/dataconnect`\n"}}
[debug] [2026-05-15T10:43:22.692Z] E0515 17:43:22.692354   83597 watch.go:40] Failed to load config from "/Users/tius/Documents/Data Tius/Projeksi-bisnis/dataconnect": could not find dataconnect.yaml in `/Users/tius/Documents/Data Tius/Projeksi-bisnis/dataconnect`
 {"metadata":{"emulator":{"name":"dataconnect"},"message":"E0515 17:43:22.692354   83597 watch.go:40] Failed to load config from \"/Users/tius/Documents/Data Tius/Projeksi-bisnis/dataconnect\": could not find dataconnect.yaml in `/Users/tius/Documents/Data Tius/Projeksi-bisnis/dataconnect`\n"}}
[debug] [2026-05-15T10:43:32.692Z] E0515 17:43:32.691824   83597 watch.go:40] Failed to load config from "/Users/tius/Documents/Data Tius/Projeksi-bisnis/dataconnect": could not find dataconnect.yaml in `/Users/tius/Documents/Data Tius/Projeksi-bisnis/dataconnect`
 {"metadata":{"emulator":{"name":"dataconnect"},"message":"E0515 17:43:32.691824   83597 watch.go:40] Failed to load config from \"/Users/tius/Documents/Data Tius/Projeksi-bisnis/dataconnect\": could not find dataconnect.yaml in `/Users/tius/Documents/Data Tius/Projeksi-bisnis/dataconnect`\n"}}
[debug] [2026-05-15T10:43:42.691Z] E0515 17:43:42.691153   83597 watch.go:40] Failed to load config from "/Users/tius/Documents/Data Tius/Projeksi-bisnis/dataconnect": could not find dataconnect.yaml in `/Users/tius/Documents/Data Tius/Projeksi-bisnis/dataconnect`
 {"metadata":{"emulator":{"name":"dataconnect"},"message":"E0515 17:43:42.691153   83597 watch.go:40] Failed to load config from \"/Users/tius/Documents/Data Tius/Projeksi-bisnis/dataconnect\": could not find dataconnect.yaml in `/Users/tius/Documents/Data Tius/Projeksi-bisnis/dataconnect`\n"}}
[debug] [2026-05-15T10:43:52.690Z] E0515 17:43:52.690494   83597 watch.go:40] Failed to load config from "/Users/tius/Documents/Data Tius/Projeksi-bisnis/dataconnect": could not find dataconnect.yaml in `/Users/tius/Documents/Data Tius/Projeksi-bisnis/dataconnect`
 {"metadata":{"emulator":{"name":"dataconnect"},"message":"E0515 17:43:52.690494   83597 watch.go:40] Failed to load config from \"/Users/tius/Documents/Data Tius/Projeksi-bisnis/dataconnect\": could not find dataconnect.yaml in `/Users/tius/Documents/Data Tius/Projeksi-bisnis/dataconnect`\n"}}
[debug] [2026-05-15T10:44:02.691Z] E0515 17:44:02.690959   83597 watch.go:116] watchAllDir unable to walk dir `/Users/tius/Documents/Data Tius/Projeksi-bisnis/dataconnect`: lstat /Users/tius/Documents/Data Tius/Projeksi-bisnis/dataconnect: no such file or directory
E0515 17:44:02.691121   83597 watch.go:40] Failed to load config from "/Users/tius/Documents/Data Tius/Projeksi-bisnis/dataconnect": could not find dataconnect.yaml in `/Users/tius/Documents/Data Tius/Projeksi-bisnis/dataconnect`
 {"metadata":{"emulator":{"name":"dataconnect"},"message":"E0515 17:44:02.690959   83597 watch.go:116] watchAllDir unable to walk dir `/Users/tius/Documents/Data Tius/Projeksi-bisnis/dataconnect`: lstat /Users/tius/Documents/Data Tius/Projeksi-bisnis/dataconnect: no such file or directory\nE0515 17:44:02.691121   83597 watch.go:40] Failed to load config from \"/Users/tius/Documents/Data Tius/Projeksi-bisnis/dataconnect\": could not find dataconnect.yaml in `/Users/tius/Documents/Data Tius/Projeksi-bisnis/dataconnect`\n"}}
[debug] [2026-05-15T10:44:12.695Z] E0515 17:44:12.690204   83597 watch.go:40] Failed to load config from "/Users/tius/Documents/Data Tius/Projeksi-bisnis/dataconnect": could not find dataconnect.yaml in `/Users/tius/Documents/Data Tius/Projeksi-bisnis/dataconnect`
 {"metadata":{"emulator":{"name":"dataconnect"},"message":"E0515 17:44:12.690204   83597 watch.go:40] Failed to load config from \"/Users/tius/Documents/Data Tius/Projeksi-bisnis/dataconnect\": could not find dataconnect.yaml in `/Users/tius/Documents/Data Tius/Projeksi-bisnis/dataconnect`\n"}}
[debug] [2026-05-15T10:44:22.689Z] E0515 17:44:22.689355   83597 watch.go:40] Failed to load config from "/Users/tius/Documents/Data Tius/Projeksi-bisnis/dataconnect": could not find dataconnect.yaml in `/Users/tius/Documents/Data Tius/Projeksi-bisnis/dataconnect`
 {"metadata":{"emulator":{"name":"dataconnect"},"message":"E0515 17:44:22.689355   83597 watch.go:40] Failed to load config from \"/Users/tius/Documents/Data Tius/Projeksi-bisnis/dataconnect\": could not find dataconnect.yaml in `/Users/tius/Documents/Data Tius/Projeksi-bisnis/dataconnect`\n"}}
[debug] [2026-05-15T10:44:32.690Z] E0515 17:44:32.690233   83597 watch.go:40] Failed to load config from "/Users/tius/Documents/Data Tius/Projeksi-bisnis/dataconnect": could not find dataconnect.yaml in `/Users/tius/Documents/Data Tius/Projeksi-bisnis/dataconnect`
 {"metadata":{"emulator":{"name":"dataconnect"},"message":"E0515 17:44:32.690233   83597 watch.go:40] Failed to load config from \"/Users/tius/Documents/Data Tius/Projeksi-bisnis/dataconnect\": could not find dataconnect.yaml in `/Users/tius/Documents/Data Tius/Projeksi-bisnis/dataconnect`\n"}}
[debug] [2026-05-15T10:44:42.691Z] E0515 17:44:42.690550   83597 watch.go:40] Failed to load config from "/Users/tius/Documents/Data Tius/Projeksi-bisnis/dataconnect": could not find dataconnect.yaml in `/Users/tius/Documents/Data Tius/Projeksi-bisnis/dataconnect`
 {"metadata":{"emulator":{"name":"dataconnect"},"message":"E0515 17:44:42.690550   83597 watch.go:40] Failed to load config from \"/Users/tius/Documents/Data Tius/Projeksi-bisnis/dataconnect\": could not find dataconnect.yaml in `/Users/tius/Documents/Data Tius/Projeksi-bisnis/dataconnect`\n"}}
[debug] [2026-05-15T10:44:52.692Z] E0515 17:44:52.691755   83597 watch.go:40] Failed to load config from "/Users/tius/Documents/Data Tius/Projeksi-bisnis/dataconnect": could not find dataconnect.yaml in `/Users/tius/Documents/Data Tius/Projeksi-bisnis/dataconnect`
 {"metadata":{"emulator":{"name":"dataconnect"},"message":"E0515 17:44:52.691755   83597 watch.go:40] Failed to load config from \"/Users/tius/Documents/Data Tius/Projeksi-bisnis/dataconnect\": could not find dataconnect.yaml in `/Users/tius/Documents/Data Tius/Projeksi-bisnis/dataconnect`\n"}}
[debug] [2026-05-15T10:45:02.690Z] E0515 17:45:02.688284   83597 watch.go:116] watchAllDir unable to walk dir `/Users/tius/Documents/Data Tius/Projeksi-bisnis/dataconnect`: lstat /Users/tius/Documents/Data Tius/Projeksi-bisnis/dataconnect: no such file or directory
E0515 17:45:02.689494   83597 watch.go:40] Failed to load config from "/Users/tius/Documents/Data Tius/Projeksi-bisnis/dataconnect": could not find dataconnect.yaml in `/Users/tius/Documents/Data Tius/Projeksi-bisnis/dataconnect`
 {"metadata":{"emulator":{"name":"dataconnect"},"message":"E0515 17:45:02.688284   83597 watch.go:116] watchAllDir unable to walk dir `/Users/tius/Documents/Data Tius/Projeksi-bisnis/dataconnect`: lstat /Users/tius/Documents/Data Tius/Projeksi-bisnis/dataconnect: no such file or directory\nE0515 17:45:02.689494   83597 watch.go:40] Failed to load config from \"/Users/tius/Documents/Data Tius/Projeksi-bisnis/dataconnect\": could not find dataconnect.yaml in `/Users/tius/Documents/Data Tius/Projeksi-bisnis/dataconnect`\n"}}
[debug] [2026-05-15T10:45:12.688Z] E0515 17:45:12.688696   83597 watch.go:40] Failed to load config from "/Users/tius/Documents/Data Tius/Projeksi-bisnis/dataconnect": could not find dataconnect.yaml in `/Users/tius/Documents/Data Tius/Projeksi-bisnis/dataconnect`
 {"metadata":{"emulator":{"name":"dataconnect"},"message":"E0515 17:45:12.688696   83597 watch.go:40] Failed to load config from \"/Users/tius/Documents/Data Tius/Projeksi-bisnis/dataconnect\": could not find dataconnect.yaml in `/Users/tius/Documents/Data Tius/Projeksi-bisnis/dataconnect`\n"}}
[debug] [2026-05-15T10:45:22.687Z] E0515 17:45:22.687589   83597 watch.go:40] Failed to load config from "/Users/tius/Documents/Data Tius/Projeksi-bisnis/dataconnect": could not find dataconnect.yaml in `/Users/tius/Documents/Data Tius/Projeksi-bisnis/dataconnect`
 {"metadata":{"emulator":{"name":"dataconnect"},"message":"E0515 17:45:22.687589   83597 watch.go:40] Failed to load config from \"/Users/tius/Documents/Data Tius/Projeksi-bisnis/dataconnect\": could not find dataconnect.yaml in `/Users/tius/Documents/Data Tius/Projeksi-bisnis/dataconnect`\n"}}
[debug] [2026-05-15T10:45:32.687Z] E0515 17:45:32.687558   83597 watch.go:40] Failed to load config from "/Users/tius/Documents/Data Tius/Projeksi-bisnis/dataconnect": could not find dataconnect.yaml in `/Users/tius/Documents/Data Tius/Projeksi-bisnis/dataconnect`
 {"metadata":{"emulator":{"name":"dataconnect"},"message":"E0515 17:45:32.687558   83597 watch.go:40] Failed to load config from \"/Users/tius/Documents/Data Tius/Projeksi-bisnis/dataconnect\": could not find dataconnect.yaml in `/Users/tius/Documents/Data Tius/Projeksi-bisnis/dataconnect`\n"}}
[debug] [2026-05-15T10:45:42.687Z] E0515 17:45:42.687293   83597 watch.go:40] Failed to load config from "/Users/tius/Documents/Data Tius/Projeksi-bisnis/dataconnect": could not find dataconnect.yaml in `/Users/tius/Documents/Data Tius/Projeksi-bisnis/dataconnect`
 {"metadata":{"emulator":{"name":"dataconnect"},"message":"E0515 17:45:42.687293   83597 watch.go:40] Failed to load config from \"/Users/tius/Documents/Data Tius/Projeksi-bisnis/dataconnect\": could not find dataconnect.yaml in `/Users/tius/Documents/Data Tius/Projeksi-bisnis/dataconnect`\n"}}
[debug] [2026-05-15T10:45:52.687Z] E0515 17:45:52.687718   83597 watch.go:40] Failed to load config from "/Users/tius/Documents/Data Tius/Projeksi-bisnis/dataconnect": could not find dataconnect.yaml in `/Users/tius/Documents/Data Tius/Projeksi-bisnis/dataconnect`
 {"metadata":{"emulator":{"name":"dataconnect"},"message":"E0515 17:45:52.687718   83597 watch.go:40] Failed to load config from \"/Users/tius/Documents/Data Tius/Projeksi-bisnis/dataconnect\": could not find dataconnect.yaml in `/Users/tius/Documents/Data Tius/Projeksi-bisnis/dataconnect`\n"}}
[debug] [2026-05-15T10:46:02.688Z] E0515 17:46:02.687586   83597 watch.go:116] watchAllDir unable to walk dir `/Users/tius/Documents/Data Tius/Projeksi-bisnis/dataconnect`: lstat /Users/tius/Documents/Data Tius/Projeksi-bisnis/dataconnect: no such file or directory
 {"metadata":{"emulator":{"name":"dataconnect"},"message":"E0515 17:46:02.687586   83597 watch.go:116] watchAllDir unable to walk dir `/Users/tius/Documents/Data Tius/Projeksi-bisnis/dataconnect`: lstat /Users/tius/Documents/Data Tius/Projeksi-bisnis/dataconnect: no such file or directory\n"}}
[debug] [2026-05-15T10:46:02.690Z] E0515 17:46:02.687783   83597 watch.go:40] Failed to load config from "/Users/tius/Documents/Data Tius/Projeksi-bisnis/dataconnect": could not find dataconnect.yaml in `/Users/tius/Documents/Data Tius/Projeksi-bisnis/dataconnect`
 {"metadata":{"emulator":{"name":"dataconnect"},"message":"E0515 17:46:02.687783   83597 watch.go:40] Failed to load config from \"/Users/tius/Documents/Data Tius/Projeksi-bisnis/dataconnect\": could not find dataconnect.yaml in `/Users/tius/Documents/Data Tius/Projeksi-bisnis/dataconnect`\n"}}
[debug] [2026-05-15T10:46:12.687Z] E0515 17:46:12.687311   83597 watch.go:40] Failed to load config from "/Users/tius/Documents/Data Tius/Projeksi-bisnis/dataconnect": could not find dataconnect.yaml in `/Users/tius/Documents/Data Tius/Projeksi-bisnis/dataconnect`
 {"metadata":{"emulator":{"name":"dataconnect"},"message":"E0515 17:46:12.687311   83597 watch.go:40] Failed to load config from \"/Users/tius/Documents/Data Tius/Projeksi-bisnis/dataconnect\": could not find dataconnect.yaml in `/Users/tius/Documents/Data Tius/Projeksi-bisnis/dataconnect`\n"}}
[debug] [2026-05-15T10:46:22.773Z] E0515 17:46:22.772909   83597 watch.go:40] Failed to load config from "/Users/tius/Documents/Data Tius/Projeksi-bisnis/dataconnect": could not find dataconnect.yaml in `/Users/tius/Documents/Data Tius/Projeksi-bisnis/dataconnect`
 {"metadata":{"emulator":{"name":"dataconnect"},"message":"E0515 17:46:22.772909   83597 watch.go:40] Failed to load config from \"/Users/tius/Documents/Data Tius/Projeksi-bisnis/dataconnect\": could not find dataconnect.yaml in `/Users/tius/Documents/Data Tius/Projeksi-bisnis/dataconnect`\n"}}
[debug] [2026-05-15T10:46:32.694Z] E0515 17:46:32.690519   83597 watch.go:40] Failed to load config from "/Users/tius/Documents/Data Tius/Projeksi-bisnis/dataconnect": could not find dataconnect.yaml in `/Users/tius/Documents/Data Tius/Projeksi-bisnis/dataconnect`
 {"metadata":{"emulator":{"name":"dataconnect"},"message":"E0515 17:46:32.690519   83597 watch.go:40] Failed to load config from \"/Users/tius/Documents/Data Tius/Projeksi-bisnis/dataconnect\": could not find dataconnect.yaml in `/Users/tius/Documents/Data Tius/Projeksi-bisnis/dataconnect`\n"}}
[debug] [2026-05-15T10:46:42.685Z] E0515 17:46:42.685556   83597 watch.go:40] Failed to load config from "/Users/tius/Documents/Data Tius/Projeksi-bisnis/dataconnect": could not find dataconnect.yaml in `/Users/tius/Documents/Data Tius/Projeksi-bisnis/dataconnect`
 {"metadata":{"emulator":{"name":"dataconnect"},"message":"E0515 17:46:42.685556   83597 watch.go:40] Failed to load config from \"/Users/tius/Documents/Data Tius/Projeksi-bisnis/dataconnect\": could not find dataconnect.yaml in `/Users/tius/Documents/Data Tius/Projeksi-bisnis/dataconnect`\n"}}
[debug] [2026-05-15T10:46:53.013Z] E0515 17:46:52.685023   83597 watch.go:40] Failed to load config from "/Users/tius/Documents/Data Tius/Projeksi-bisnis/dataconnect": could not find dataconnect.yaml in `/Users/tius/Documents/Data Tius/Projeksi-bisnis/dataconnect`
 {"metadata":{"emulator":{"name":"dataconnect"},"message":"E0515 17:46:52.685023   83597 watch.go:40] Failed to load config from \"/Users/tius/Documents/Data Tius/Projeksi-bisnis/dataconnect\": could not find dataconnect.yaml in `/Users/tius/Documents/Data Tius/Projeksi-bisnis/dataconnect`\n"}}
[debug] [2026-05-15T10:47:02.684Z] E0515 17:47:02.684540   83597 watch.go:40] Failed to load config from "/Users/tius/Documents/Data Tius/Projeksi-bisnis/dataconnect": could not find dataconnect.yaml in `/Users/tius/Documents/Data Tius/Projeksi-bisnis/dataconnect`
E0515 17:47:02.684488   83597 watch.go:116] watchAllDir unable to walk dir `/Users/tius/Documents/Data Tius/Projeksi-bisnis/dataconnect`: lstat /Users/tius/Documents/Data Tius/Projeksi-bisnis/dataconnect: no such file or directory
 {"metadata":{"emulator":{"name":"dataconnect"},"message":"E0515 17:47:02.684540   83597 watch.go:40] Failed to load config from \"/Users/tius/Documents/Data Tius/Projeksi-bisnis/dataconnect\": could not find dataconnect.yaml in `/Users/tius/Documents/Data Tius/Projeksi-bisnis/dataconnect`\nE0515 17:47:02.684488   83597 watch.go:116] watchAllDir unable to walk dir `/Users/tius/Documents/Data Tius/Projeksi-bisnis/dataconnect`: lstat /Users/tius/Documents/Data Tius/Projeksi-bisnis/dataconnect: no such file or directory\n"}}
[debug] [2026-05-15T10:47:12.685Z] E0515 17:47:12.684801   83597 watch.go:40] Failed to load config from "/Users/tius/Documents/Data Tius/Projeksi-bisnis/dataconnect": could not find dataconnect.yaml in `/Users/tius/Documents/Data Tius/Projeksi-bisnis/dataconnect`
 {"metadata":{"emulator":{"name":"dataconnect"},"message":"E0515 17:47:12.684801   83597 watch.go:40] Failed to load config from \"/Users/tius/Documents/Data Tius/Projeksi-bisnis/dataconnect\": could not find dataconnect.yaml in `/Users/tius/Documents/Data Tius/Projeksi-bisnis/dataconnect`\n"}}
[debug] [2026-05-15T10:47:22.684Z] E0515 17:47:22.684151   83597 watch.go:40] Failed to load config from "/Users/tius/Documents/Data Tius/Projeksi-bisnis/dataconnect": could not find dataconnect.yaml in `/Users/tius/Documents/Data Tius/Projeksi-bisnis/dataconnect`
 {"metadata":{"emulator":{"name":"dataconnect"},"message":"E0515 17:47:22.684151   83597 watch.go:40] Failed to load config from \"/Users/tius/Documents/Data Tius/Projeksi-bisnis/dataconnect\": could not find dataconnect.yaml in `/Users/tius/Documents/Data Tius/Projeksi-bisnis/dataconnect`\n"}}
[debug] [2026-05-15T10:47:32.911Z] E0515 17:47:32.689982   83597 watch.go:40] Failed to load config from "/Users/tius/Documents/Data Tius/Projeksi-bisnis/dataconnect": could not find dataconnect.yaml in `/Users/tius/Documents/Data Tius/Projeksi-bisnis/dataconnect`
 {"metadata":{"emulator":{"name":"dataconnect"},"message":"E0515 17:47:32.689982   83597 watch.go:40] Failed to load config from \"/Users/tius/Documents/Data Tius/Projeksi-bisnis/dataconnect\": could not find dataconnect.yaml in `/Users/tius/Documents/Data Tius/Projeksi-bisnis/dataconnect`\n"}}
[debug] [2026-05-15T10:47:42.698Z] E0515 17:47:42.696171   83597 watch.go:40] Failed to load config from "/Users/tius/Documents/Data Tius/Projeksi-bisnis/dataconnect": could not find dataconnect.yaml in `/Users/tius/Documents/Data Tius/Projeksi-bisnis/dataconnect`
 {"metadata":{"emulator":{"name":"dataconnect"},"message":"E0515 17:47:42.696171   83597 watch.go:40] Failed to load config from \"/Users/tius/Documents/Data Tius/Projeksi-bisnis/dataconnect\": could not find dataconnect.yaml in `/Users/tius/Documents/Data Tius/Projeksi-bisnis/dataconnect`\n"}}
[debug] [2026-05-15T10:47:52.684Z] E0515 17:47:52.683753   83597 watch.go:40] Failed to load config from "/Users/tius/Documents/Data Tius/Projeksi-bisnis/dataconnect": could not find dataconnect.yaml in `/Users/tius/Documents/Data Tius/Projeksi-bisnis/dataconnect`
 {"metadata":{"emulator":{"name":"dataconnect"},"message":"E0515 17:47:52.683753   83597 watch.go:40] Failed to load config from \"/Users/tius/Documents/Data Tius/Projeksi-bisnis/dataconnect\": could not find dataconnect.yaml in `/Users/tius/Documents/Data Tius/Projeksi-bisnis/dataconnect`\n"}}
[debug] [2026-05-15T10:48:02.683Z] E0515 17:48:02.682993   83597 watch.go:116] watchAllDir unable to walk dir `/Users/tius/Documents/Data Tius/Projeksi-bisnis/dataconnect`: lstat /Users/tius/Documents/Data Tius/Projeksi-bisnis/dataconnect: no such file or directory
E0515 17:48:02.683151   83597 watch.go:40] Failed to load config from "/Users/tius/Documents/Data Tius/Projeksi-bisnis/dataconnect": could not find dataconnect.yaml in `/Users/tius/Documents/Data Tius/Projeksi-bisnis/dataconnect`
 {"metadata":{"emulator":{"name":"dataconnect"},"message":"E0515 17:48:02.682993   83597 watch.go:116] watchAllDir unable to walk dir `/Users/tius/Documents/Data Tius/Projeksi-bisnis/dataconnect`: lstat /Users/tius/Documents/Data Tius/Projeksi-bisnis/dataconnect: no such file or directory\nE0515 17:48:02.683151   83597 watch.go:40] Failed to load config from \"/Users/tius/Documents/Data Tius/Projeksi-bisnis/dataconnect\": could not find dataconnect.yaml in `/Users/tius/Documents/Data Tius/Projeksi-bisnis/dataconnect`\n"}}
[debug] [2026-05-15T10:48:12.715Z] E0515 17:48:12.713409   83597 watch.go:40] Failed to load config from "/Users/tius/Documents/Data Tius/Projeksi-bisnis/dataconnect": could not find dataconnect.yaml in `/Users/tius/Documents/Data Tius/Projeksi-bisnis/dataconnect`
 {"metadata":{"emulator":{"name":"dataconnect"},"message":"E0515 17:48:12.713409   83597 watch.go:40] Failed to load config from \"/Users/tius/Documents/Data Tius/Projeksi-bisnis/dataconnect\": could not find dataconnect.yaml in `/Users/tius/Documents/Data Tius/Projeksi-bisnis/dataconnect`\n"}}
[debug] [2026-05-15T10:48:22.777Z] E0515 17:48:22.683627   83597 watch.go:40] Failed to load config from "/Users/tius/Documents/Data Tius/Projeksi-bisnis/dataconnect": could not find dataconnect.yaml in `/Users/tius/Documents/Data Tius/Projeksi-bisnis/dataconnect`
 {"metadata":{"emulator":{"name":"dataconnect"},"message":"E0515 17:48:22.683627   83597 watch.go:40] Failed to load config from \"/Users/tius/Documents/Data Tius/Projeksi-bisnis/dataconnect\": could not find dataconnect.yaml in `/Users/tius/Documents/Data Tius/Projeksi-bisnis/dataconnect`\n"}}
[debug] [2026-05-15T10:48:32.683Z] E0515 17:48:32.682798   83597 watch.go:40] Failed to load config from "/Users/tius/Documents/Data Tius/Projeksi-bisnis/dataconnect": could not find dataconnect.yaml in `/Users/tius/Documents/Data Tius/Projeksi-bisnis/dataconnect`
 {"metadata":{"emulator":{"name":"dataconnect"},"message":"E0515 17:48:32.682798   83597 watch.go:40] Failed to load config from \"/Users/tius/Documents/Data Tius/Projeksi-bisnis/dataconnect\": could not find dataconnect.yaml in `/Users/tius/Documents/Data Tius/Projeksi-bisnis/dataconnect`\n"}}
[debug] [2026-05-15T10:48:42.682Z] E0515 17:48:42.682444   83597 watch.go:40] Failed to load config from "/Users/tius/Documents/Data Tius/Projeksi-bisnis/dataconnect": could not find dataconnect.yaml in `/Users/tius/Documents/Data Tius/Projeksi-bisnis/dataconnect`
 {"metadata":{"emulator":{"name":"dataconnect"},"message":"E0515 17:48:42.682444   83597 watch.go:40] Failed to load config from \"/Users/tius/Documents/Data Tius/Projeksi-bisnis/dataconnect\": could not find dataconnect.yaml in `/Users/tius/Documents/Data Tius/Projeksi-bisnis/dataconnect`\n"}}
[debug] [2026-05-15T10:48:52.757Z] E0515 17:48:52.682878   83597 watch.go:40] Failed to load config from "/Users/tius/Documents/Data Tius/Projeksi-bisnis/dataconnect": could not find dataconnect.yaml in `/Users/tius/Documents/Data Tius/Projeksi-bisnis/dataconnect`
 {"metadata":{"emulator":{"name":"dataconnect"},"message":"E0515 17:48:52.682878   83597 watch.go:40] Failed to load config from \"/Users/tius/Documents/Data Tius/Projeksi-bisnis/dataconnect\": could not find dataconnect.yaml in `/Users/tius/Documents/Data Tius/Projeksi-bisnis/dataconnect`\n"}}
[debug] [2026-05-15T10:49:02.683Z] E0515 17:49:02.682233   83597 watch.go:116] watchAllDir unable to walk dir `/Users/tius/Documents/Data Tius/Projeksi-bisnis/dataconnect`: lstat /Users/tius/Documents/Data Tius/Projeksi-bisnis/dataconnect: no such file or directory
E0515 17:49:02.682439   83597 watch.go:40] Failed to load config from "/Users/tius/Documents/Data Tius/Projeksi-bisnis/dataconnect": could not find dataconnect.yaml in `/Users/tius/Documents/Data Tius/Projeksi-bisnis/dataconnect`
 {"metadata":{"emulator":{"name":"dataconnect"},"message":"E0515 17:49:02.682233   83597 watch.go:116] watchAllDir unable to walk dir `/Users/tius/Documents/Data Tius/Projeksi-bisnis/dataconnect`: lstat /Users/tius/Documents/Data Tius/Projeksi-bisnis/dataconnect: no such file or directory\nE0515 17:49:02.682439   83597 watch.go:40] Failed to load config from \"/Users/tius/Documents/Data Tius/Projeksi-bisnis/dataconnect\": could not find dataconnect.yaml in `/Users/tius/Documents/Data Tius/Projeksi-bisnis/dataconnect`\n"}}
[debug] [2026-05-15T10:49:12.682Z] E0515 17:49:12.682241   83597 watch.go:40] Failed to load config from "/Users/tius/Documents/Data Tius/Projeksi-bisnis/dataconnect": could not find dataconnect.yaml in `/Users/tius/Documents/Data Tius/Projeksi-bisnis/dataconnect`
 {"metadata":{"emulator":{"name":"dataconnect"},"message":"E0515 17:49:12.682241   83597 watch.go:40] Failed to load config from \"/Users/tius/Documents/Data Tius/Projeksi-bisnis/dataconnect\": could not find dataconnect.yaml in `/Users/tius/Documents/Data Tius/Projeksi-bisnis/dataconnect`\n"}}
[debug] [2026-05-15T10:49:22.680Z] E0515 17:49:22.680305   83597 watch.go:40] Failed to load config from "/Users/tius/Documents/Data Tius/Projeksi-bisnis/dataconnect": could not find dataconnect.yaml in `/Users/tius/Documents/Data Tius/Projeksi-bisnis/dataconnect`
 {"metadata":{"emulator":{"name":"dataconnect"},"message":"E0515 17:49:22.680305   83597 watch.go:40] Failed to load config from \"/Users/tius/Documents/Data Tius/Projeksi-bisnis/dataconnect\": could not find dataconnect.yaml in `/Users/tius/Documents/Data Tius/Projeksi-bisnis/dataconnect`\n"}}
[debug] [2026-05-15T10:49:32.681Z] E0515 17:49:32.681496   83597 watch.go:40] Failed to load config from "/Users/tius/Documents/Data Tius/Projeksi-bisnis/dataconnect": could not find dataconnect.yaml in `/Users/tius/Documents/Data Tius/Projeksi-bisnis/dataconnect`
 {"metadata":{"emulator":{"name":"dataconnect"},"message":"E0515 17:49:32.681496   83597 watch.go:40] Failed to load config from \"/Users/tius/Documents/Data Tius/Projeksi-bisnis/dataconnect\": could not find dataconnect.yaml in `/Users/tius/Documents/Data Tius/Projeksi-bisnis/dataconnect`\n"}}
[debug] [2026-05-15T10:49:42.681Z] E0515 17:49:42.681486   83597 watch.go:40] Failed to load config from "/Users/tius/Documents/Data Tius/Projeksi-bisnis/dataconnect": could not find dataconnect.yaml in `/Users/tius/Documents/Data Tius/Projeksi-bisnis/dataconnect`
 {"metadata":{"emulator":{"name":"dataconnect"},"message":"E0515 17:49:42.681486   83597 watch.go:40] Failed to load config from \"/Users/tius/Documents/Data Tius/Projeksi-bisnis/dataconnect\": could not find dataconnect.yaml in `/Users/tius/Documents/Data Tius/Projeksi-bisnis/dataconnect`\n"}}
[debug] [2026-05-15T10:49:52.691Z] E0515 17:49:52.683240   83597 watch.go:40] Failed to load config from "/Users/tius/Documents/Data Tius/Projeksi-bisnis/dataconnect": could not find dataconnect.yaml in `/Users/tius/Documents/Data Tius/Projeksi-bisnis/dataconnect`
 {"metadata":{"emulator":{"name":"dataconnect"},"message":"E0515 17:49:52.683240   83597 watch.go:40] Failed to load config from \"/Users/tius/Documents/Data Tius/Projeksi-bisnis/dataconnect\": could not find dataconnect.yaml in `/Users/tius/Documents/Data Tius/Projeksi-bisnis/dataconnect`\n"}}
[debug] [2026-05-15T10:50:02.680Z] E0515 17:50:02.679696   83597 watch.go:116] watchAllDir unable to walk dir `/Users/tius/Documents/Data Tius/Projeksi-bisnis/dataconnect`: lstat /Users/tius/Documents/Data Tius/Projeksi-bisnis/dataconnect: no such file or directory
 {"metadata":{"emulator":{"name":"dataconnect"},"message":"E0515 17:50:02.679696   83597 watch.go:116] watchAllDir unable to walk dir `/Users/tius/Documents/Data Tius/Projeksi-bisnis/dataconnect`: lstat /Users/tius/Documents/Data Tius/Projeksi-bisnis/dataconnect: no such file or directory\n"}}
[debug] [2026-05-15T10:50:02.682Z] E0515 17:50:02.679932   83597 watch.go:40] Failed to load config from "/Users/tius/Documents/Data Tius/Projeksi-bisnis/dataconnect": could not find dataconnect.yaml in `/Users/tius/Documents/Data Tius/Projeksi-bisnis/dataconnect`
 {"metadata":{"emulator":{"name":"dataconnect"},"message":"E0515 17:50:02.679932   83597 watch.go:40] Failed to load config from \"/Users/tius/Documents/Data Tius/Projeksi-bisnis/dataconnect\": could not find dataconnect.yaml in `/Users/tius/Documents/Data Tius/Projeksi-bisnis/dataconnect`\n"}}
[debug] [2026-05-15T10:50:12.770Z] E0515 17:50:12.680796   83597 watch.go:40] Failed to load config from "/Users/tius/Documents/Data Tius/Projeksi-bisnis/dataconnect": could not find dataconnect.yaml in `/Users/tius/Documents/Data Tius/Projeksi-bisnis/dataconnect`
 {"metadata":{"emulator":{"name":"dataconnect"},"message":"E0515 17:50:12.680796   83597 watch.go:40] Failed to load config from \"/Users/tius/Documents/Data Tius/Projeksi-bisnis/dataconnect\": could not find dataconnect.yaml in `/Users/tius/Documents/Data Tius/Projeksi-bisnis/dataconnect`\n"}}
[debug] [2026-05-15T10:50:22.680Z] E0515 17:50:22.679935   83597 watch.go:40] Failed to load config from "/Users/tius/Documents/Data Tius/Projeksi-bisnis/dataconnect": could not find dataconnect.yaml in `/Users/tius/Documents/Data Tius/Projeksi-bisnis/dataconnect`
 {"metadata":{"emulator":{"name":"dataconnect"},"message":"E0515 17:50:22.679935   83597 watch.go:40] Failed to load config from \"/Users/tius/Documents/Data Tius/Projeksi-bisnis/dataconnect\": could not find dataconnect.yaml in `/Users/tius/Documents/Data Tius/Projeksi-bisnis/dataconnect`\n"}}
[debug] [2026-05-15T10:50:32.681Z] E0515 17:50:32.680888   83597 watch.go:40] Failed to load config from "/Users/tius/Documents/Data Tius/Projeksi-bisnis/dataconnect": could not find dataconnect.yaml in `/Users/tius/Documents/Data Tius/Projeksi-bisnis/dataconnect`
 {"metadata":{"emulator":{"name":"dataconnect"},"message":"E0515 17:50:32.680888   83597 watch.go:40] Failed to load config from \"/Users/tius/Documents/Data Tius/Projeksi-bisnis/dataconnect\": could not find dataconnect.yaml in `/Users/tius/Documents/Data Tius/Projeksi-bisnis/dataconnect`\n"}}
[debug] [2026-05-15T10:50:42.678Z] E0515 17:50:42.678456   83597 watch.go:40] Failed to load config from "/Users/tius/Documents/Data Tius/Projeksi-bisnis/dataconnect": could not find dataconnect.yaml in `/Users/tius/Documents/Data Tius/Projeksi-bisnis/dataconnect`
 {"metadata":{"emulator":{"name":"dataconnect"},"message":"E0515 17:50:42.678456   83597 watch.go:40] Failed to load config from \"/Users/tius/Documents/Data Tius/Projeksi-bisnis/dataconnect\": could not find dataconnect.yaml in `/Users/tius/Documents/Data Tius/Projeksi-bisnis/dataconnect`\n"}}
[debug] [2026-05-15T10:50:52.677Z] E0515 17:50:52.677607   83597 watch.go:40] Failed to load config from "/Users/tius/Documents/Data Tius/Projeksi-bisnis/dataconnect": could not find dataconnect.yaml in `/Users/tius/Documents/Data Tius/Projeksi-bisnis/dataconnect`
 {"metadata":{"emulator":{"name":"dataconnect"},"message":"E0515 17:50:52.677607   83597 watch.go:40] Failed to load config from \"/Users/tius/Documents/Data Tius/Projeksi-bisnis/dataconnect\": could not find dataconnect.yaml in `/Users/tius/Documents/Data Tius/Projeksi-bisnis/dataconnect`\n"}}
[debug] [2026-05-15T10:51:02.677Z] E0515 17:51:02.677467   83597 watch.go:116] watchAllDir unable to walk dir `/Users/tius/Documents/Data Tius/Projeksi-bisnis/dataconnect`: lstat /Users/tius/Documents/Data Tius/Projeksi-bisnis/dataconnect: no such file or directory
 {"metadata":{"emulator":{"name":"dataconnect"},"message":"E0515 17:51:02.677467   83597 watch.go:116] watchAllDir unable to walk dir `/Users/tius/Documents/Data Tius/Projeksi-bisnis/dataconnect`: lstat /Users/tius/Documents/Data Tius/Projeksi-bisnis/dataconnect: no such file or directory\n"}}
[debug] [2026-05-15T10:51:02.758Z] E0515 17:51:02.757877   83597 watch.go:40] Failed to load config from "/Users/tius/Documents/Data Tius/Projeksi-bisnis/dataconnect": could not find dataconnect.yaml in `/Users/tius/Documents/Data Tius/Projeksi-bisnis/dataconnect`
 {"metadata":{"emulator":{"name":"dataconnect"},"message":"E0515 17:51:02.757877   83597 watch.go:40] Failed to load config from \"/Users/tius/Documents/Data Tius/Projeksi-bisnis/dataconnect\": could not find dataconnect.yaml in `/Users/tius/Documents/Data Tius/Projeksi-bisnis/dataconnect`\n"}}
[debug] [2026-05-15T10:51:12.679Z] E0515 17:51:12.679226   83597 watch.go:40] Failed to load config from "/Users/tius/Documents/Data Tius/Projeksi-bisnis/dataconnect": could not find dataconnect.yaml in `/Users/tius/Documents/Data Tius/Projeksi-bisnis/dataconnect`
 {"metadata":{"emulator":{"name":"dataconnect"},"message":"E0515 17:51:12.679226   83597 watch.go:40] Failed to load config from \"/Users/tius/Documents/Data Tius/Projeksi-bisnis/dataconnect\": could not find dataconnect.yaml in `/Users/tius/Documents/Data Tius/Projeksi-bisnis/dataconnect`\n"}}
[debug] [2026-05-15T10:51:22.680Z] E0515 17:51:22.680216   83597 watch.go:40] Failed to load config from "/Users/tius/Documents/Data Tius/Projeksi-bisnis/dataconnect": could not find dataconnect.yaml in `/Users/tius/Documents/Data Tius/Projeksi-bisnis/dataconnect`
 {"metadata":{"emulator":{"name":"dataconnect"},"message":"E0515 17:51:22.680216   83597 watch.go:40] Failed to load config from \"/Users/tius/Documents/Data Tius/Projeksi-bisnis/dataconnect\": could not find dataconnect.yaml in `/Users/tius/Documents/Data Tius/Projeksi-bisnis/dataconnect`\n"}}
[debug] [2026-05-15T10:51:32.715Z] E0515 17:51:32.714084   83597 watch.go:40] Failed to load config from "/Users/tius/Documents/Data Tius/Projeksi-bisnis/dataconnect": could not find dataconnect.yaml in `/Users/tius/Documents/Data Tius/Projeksi-bisnis/dataconnect`
 {"metadata":{"emulator":{"name":"dataconnect"},"message":"E0515 17:51:32.714084   83597 watch.go:40] Failed to load config from \"/Users/tius/Documents/Data Tius/Projeksi-bisnis/dataconnect\": could not find dataconnect.yaml in `/Users/tius/Documents/Data Tius/Projeksi-bisnis/dataconnect`\n"}}
[debug] [2026-05-15T10:51:42.688Z] E0515 17:51:42.687842   83597 watch.go:40] Failed to load config from "/Users/tius/Documents/Data Tius/Projeksi-bisnis/dataconnect": could not find dataconnect.yaml in `/Users/tius/Documents/Data Tius/Projeksi-bisnis/dataconnect`
 {"metadata":{"emulator":{"name":"dataconnect"},"message":"E0515 17:51:42.687842   83597 watch.go:40] Failed to load config from \"/Users/tius/Documents/Data Tius/Projeksi-bisnis/dataconnect\": could not find dataconnect.yaml in `/Users/tius/Documents/Data Tius/Projeksi-bisnis/dataconnect`\n"}}
[debug] [2026-05-15T10:51:52.677Z] E0515 17:51:52.676974   83597 watch.go:40] Failed to load config from "/Users/tius/Documents/Data Tius/Projeksi-bisnis/dataconnect": could not find dataconnect.yaml in `/Users/tius/Documents/Data Tius/Projeksi-bisnis/dataconnect`
 {"metadata":{"emulator":{"name":"dataconnect"},"message":"E0515 17:51:52.676974   83597 watch.go:40] Failed to load config from \"/Users/tius/Documents/Data Tius/Projeksi-bisnis/dataconnect\": could not find dataconnect.yaml in `/Users/tius/Documents/Data Tius/Projeksi-bisnis/dataconnect`\n"}}
[debug] [2026-05-15T10:52:02.681Z] E0515 17:52:02.681296   83597 watch.go:116] watchAllDir unable to walk dir `/Users/tius/Documents/Data Tius/Projeksi-bisnis/dataconnect`: lstat /Users/tius/Documents/Data Tius/Projeksi-bisnis/dataconnect: no such file or directory
 {"metadata":{"emulator":{"name":"dataconnect"},"message":"E0515 17:52:02.681296   83597 watch.go:116] watchAllDir unable to walk dir `/Users/tius/Documents/Data Tius/Projeksi-bisnis/dataconnect`: lstat /Users/tius/Documents/Data Tius/Projeksi-bisnis/dataconnect: no such file or directory\n"}}
[debug] [2026-05-15T10:52:02.684Z] E0515 17:52:02.682643   83597 watch.go:40] Failed to load config from "/Users/tius/Documents/Data Tius/Projeksi-bisnis/dataconnect": could not find dataconnect.yaml in `/Users/tius/Documents/Data Tius/Projeksi-bisnis/dataconnect`
 {"metadata":{"emulator":{"name":"dataconnect"},"message":"E0515 17:52:02.682643   83597 watch.go:40] Failed to load config from \"/Users/tius/Documents/Data Tius/Projeksi-bisnis/dataconnect\": could not find dataconnect.yaml in `/Users/tius/Documents/Data Tius/Projeksi-bisnis/dataconnect`\n"}}
[debug] [2026-05-15T10:52:12.676Z] E0515 17:52:12.676269   83597 watch.go:40] Failed to load config from "/Users/tius/Documents/Data Tius/Projeksi-bisnis/dataconnect": could not find dataconnect.yaml in `/Users/tius/Documents/Data Tius/Projeksi-bisnis/dataconnect`
 {"metadata":{"emulator":{"name":"dataconnect"},"message":"E0515 17:52:12.676269   83597 watch.go:40] Failed to load config from \"/Users/tius/Documents/Data Tius/Projeksi-bisnis/dataconnect\": could not find dataconnect.yaml in `/Users/tius/Documents/Data Tius/Projeksi-bisnis/dataconnect`\n"}}
[debug] [2026-05-15T10:52:22.728Z] E0515 17:52:22.675646   83597 watch.go:40] Failed to load config from "/Users/tius/Documents/Data Tius/Projeksi-bisnis/dataconnect": could not find dataconnect.yaml in `/Users/tius/Documents/Data Tius/Projeksi-bisnis/dataconnect`
 {"metadata":{"emulator":{"name":"dataconnect"},"message":"E0515 17:52:22.675646   83597 watch.go:40] Failed to load config from \"/Users/tius/Documents/Data Tius/Projeksi-bisnis/dataconnect\": could not find dataconnect.yaml in `/Users/tius/Documents/Data Tius/Projeksi-bisnis/dataconnect`\n"}}
[debug] [2026-05-15T10:52:32.675Z] E0515 17:52:32.675280   83597 watch.go:40] Failed to load config from "/Users/tius/Documents/Data Tius/Projeksi-bisnis/dataconnect": could not find dataconnect.yaml in `/Users/tius/Documents/Data Tius/Projeksi-bisnis/dataconnect`
 {"metadata":{"emulator":{"name":"dataconnect"},"message":"E0515 17:52:32.675280   83597 watch.go:40] Failed to load config from \"/Users/tius/Documents/Data Tius/Projeksi-bisnis/dataconnect\": could not find dataconnect.yaml in `/Users/tius/Documents/Data Tius/Projeksi-bisnis/dataconnect`\n"}}
[debug] [2026-05-15T10:52:42.681Z] E0515 17:52:42.681257   83597 watch.go:40] Failed to load config from "/Users/tius/Documents/Data Tius/Projeksi-bisnis/dataconnect": could not find dataconnect.yaml in `/Users/tius/Documents/Data Tius/Projeksi-bisnis/dataconnect`
 {"metadata":{"emulator":{"name":"dataconnect"},"message":"E0515 17:52:42.681257   83597 watch.go:40] Failed to load config from \"/Users/tius/Documents/Data Tius/Projeksi-bisnis/dataconnect\": could not find dataconnect.yaml in `/Users/tius/Documents/Data Tius/Projeksi-bisnis/dataconnect`\n"}}
[debug] [2026-05-15T10:52:52.674Z] E0515 17:52:52.674029   83597 watch.go:40] Failed to load config from "/Users/tius/Documents/Data Tius/Projeksi-bisnis/dataconnect": could not find dataconnect.yaml in `/Users/tius/Documents/Data Tius/Projeksi-bisnis/dataconnect`
 {"metadata":{"emulator":{"name":"dataconnect"},"message":"E0515 17:52:52.674029   83597 watch.go:40] Failed to load config from \"/Users/tius/Documents/Data Tius/Projeksi-bisnis/dataconnect\": could not find dataconnect.yaml in `/Users/tius/Documents/Data Tius/Projeksi-bisnis/dataconnect`\n"}}
[debug] [2026-05-15T10:53:02.674Z] E0515 17:53:02.674002   83597 watch.go:116] watchAllDir unable to walk dir `/Users/tius/Documents/Data Tius/Projeksi-bisnis/dataconnect`: lstat /Users/tius/Documents/Data Tius/Projeksi-bisnis/dataconnect: no such file or directory
 {"metadata":{"emulator":{"name":"dataconnect"},"message":"E0515 17:53:02.674002   83597 watch.go:116] watchAllDir unable to walk dir `/Users/tius/Documents/Data Tius/Projeksi-bisnis/dataconnect`: lstat /Users/tius/Documents/Data Tius/Projeksi-bisnis/dataconnect: no such file or directory\n"}}
[debug] [2026-05-15T10:53:02.681Z] E0515 17:53:02.674133   83597 watch.go:40] Failed to load config from "/Users/tius/Documents/Data Tius/Projeksi-bisnis/dataconnect": could not find dataconnect.yaml in `/Users/tius/Documents/Data Tius/Projeksi-bisnis/dataconnect`
 {"metadata":{"emulator":{"name":"dataconnect"},"message":"E0515 17:53:02.674133   83597 watch.go:40] Failed to load config from \"/Users/tius/Documents/Data Tius/Projeksi-bisnis/dataconnect\": could not find dataconnect.yaml in `/Users/tius/Documents/Data Tius/Projeksi-bisnis/dataconnect`\n"}}
[debug] [2026-05-15T10:53:13.618Z] E0515 17:53:12.674681   83597 watch.go:40] Failed to load config from "/Users/tius/Documents/Data Tius/Projeksi-bisnis/dataconnect": could not find dataconnect.yaml in `/Users/tius/Documents/Data Tius/Projeksi-bisnis/dataconnect`
 {"metadata":{"emulator":{"name":"dataconnect"},"message":"E0515 17:53:12.674681   83597 watch.go:40] Failed to load config from \"/Users/tius/Documents/Data Tius/Projeksi-bisnis/dataconnect\": could not find dataconnect.yaml in `/Users/tius/Documents/Data Tius/Projeksi-bisnis/dataconnect`\n"}}
[debug] [2026-05-15T10:53:22.741Z] E0515 17:53:22.674251   83597 watch.go:40] Failed to load config from "/Users/tius/Documents/Data Tius/Projeksi-bisnis/dataconnect": could not find dataconnect.yaml in `/Users/tius/Documents/Data Tius/Projeksi-bisnis/dataconnect`
 {"metadata":{"emulator":{"name":"dataconnect"},"message":"E0515 17:53:22.674251   83597 watch.go:40] Failed to load config from \"/Users/tius/Documents/Data Tius/Projeksi-bisnis/dataconnect\": could not find dataconnect.yaml in `/Users/tius/Documents/Data Tius/Projeksi-bisnis/dataconnect`\n"}}
[debug] [2026-05-15T10:53:32.673Z] E0515 17:53:32.673664   83597 watch.go:40] Failed to load config from "/Users/tius/Documents/Data Tius/Projeksi-bisnis/dataconnect": could not find dataconnect.yaml in `/Users/tius/Documents/Data Tius/Projeksi-bisnis/dataconnect`
 {"metadata":{"emulator":{"name":"dataconnect"},"message":"E0515 17:53:32.673664   83597 watch.go:40] Failed to load config from \"/Users/tius/Documents/Data Tius/Projeksi-bisnis/dataconnect\": could not find dataconnect.yaml in `/Users/tius/Documents/Data Tius/Projeksi-bisnis/dataconnect`\n"}}
[debug] [2026-05-15T10:53:42.757Z] E0515 17:53:42.673371   83597 watch.go:40] Failed to load config from "/Users/tius/Documents/Data Tius/Projeksi-bisnis/dataconnect": could not find dataconnect.yaml in `/Users/tius/Documents/Data Tius/Projeksi-bisnis/dataconnect`
 {"metadata":{"emulator":{"name":"dataconnect"},"message":"E0515 17:53:42.673371   83597 watch.go:40] Failed to load config from \"/Users/tius/Documents/Data Tius/Projeksi-bisnis/dataconnect\": could not find dataconnect.yaml in `/Users/tius/Documents/Data Tius/Projeksi-bisnis/dataconnect`\n"}}
[debug] [2026-05-15T10:53:52.673Z] E0515 17:53:52.672834   83597 watch.go:40] Failed to load config from "/Users/tius/Documents/Data Tius/Projeksi-bisnis/dataconnect": could not find dataconnect.yaml in `/Users/tius/Documents/Data Tius/Projeksi-bisnis/dataconnect`
 {"metadata":{"emulator":{"name":"dataconnect"},"message":"E0515 17:53:52.672834   83597 watch.go:40] Failed to load config from \"/Users/tius/Documents/Data Tius/Projeksi-bisnis/dataconnect\": could not find dataconnect.yaml in `/Users/tius/Documents/Data Tius/Projeksi-bisnis/dataconnect`\n"}}
[debug] [2026-05-15T10:54:02.672Z] E0515 17:54:02.672619   83597 watch.go:40] Failed to load config from "/Users/tius/Documents/Data Tius/Projeksi-bisnis/dataconnect": could not find dataconnect.yaml in `/Users/tius/Documents/Data Tius/Projeksi-bisnis/dataconnect`
E0515 17:54:02.672522   83597 watch.go:116] watchAllDir unable to walk dir `/Users/tius/Documents/Data Tius/Projeksi-bisnis/dataconnect`: lstat /Users/tius/Documents/Data Tius/Projeksi-bisnis/dataconnect: no such file or directory
 {"metadata":{"emulator":{"name":"dataconnect"},"message":"E0515 17:54:02.672619   83597 watch.go:40] Failed to load config from \"/Users/tius/Documents/Data Tius/Projeksi-bisnis/dataconnect\": could not find dataconnect.yaml in `/Users/tius/Documents/Data Tius/Projeksi-bisnis/dataconnect`\nE0515 17:54:02.672522   83597 watch.go:116] watchAllDir unable to walk dir `/Users/tius/Documents/Data Tius/Projeksi-bisnis/dataconnect`: lstat /Users/tius/Documents/Data Tius/Projeksi-bisnis/dataconnect: no such file or directory\n"}}
[debug] [2026-05-15T10:54:12.673Z] E0515 17:54:12.672973   83597 watch.go:40] Failed to load config from "/Users/tius/Documents/Data Tius/Projeksi-bisnis/dataconnect": could not find dataconnect.yaml in `/Users/tius/Documents/Data Tius/Projeksi-bisnis/dataconnect`
 {"metadata":{"emulator":{"name":"dataconnect"},"message":"E0515 17:54:12.672973   83597 watch.go:40] Failed to load config from \"/Users/tius/Documents/Data Tius/Projeksi-bisnis/dataconnect\": could not find dataconnect.yaml in `/Users/tius/Documents/Data Tius/Projeksi-bisnis/dataconnect`\n"}}
[debug] [2026-05-15T10:54:22.725Z] E0515 17:54:22.671414   83597 watch.go:40] Failed to load config from "/Users/tius/Documents/Data Tius/Projeksi-bisnis/dataconnect": could not find dataconnect.yaml in `/Users/tius/Documents/Data Tius/Projeksi-bisnis/dataconnect`
 {"metadata":{"emulator":{"name":"dataconnect"},"message":"E0515 17:54:22.671414   83597 watch.go:40] Failed to load config from \"/Users/tius/Documents/Data Tius/Projeksi-bisnis/dataconnect\": could not find dataconnect.yaml in `/Users/tius/Documents/Data Tius/Projeksi-bisnis/dataconnect`\n"}}
[debug] [2026-05-15T10:54:32.672Z] E0515 17:54:32.671842   83597 watch.go:40] Failed to load config from "/Users/tius/Documents/Data Tius/Projeksi-bisnis/dataconnect": could not find dataconnect.yaml in `/Users/tius/Documents/Data Tius/Projeksi-bisnis/dataconnect`
 {"metadata":{"emulator":{"name":"dataconnect"},"message":"E0515 17:54:32.671842   83597 watch.go:40] Failed to load config from \"/Users/tius/Documents/Data Tius/Projeksi-bisnis/dataconnect\": could not find dataconnect.yaml in `/Users/tius/Documents/Data Tius/Projeksi-bisnis/dataconnect`\n"}}
[debug] [2026-05-15T10:54:42.671Z] E0515 17:54:42.671470   83597 watch.go:40] Failed to load config from "/Users/tius/Documents/Data Tius/Projeksi-bisnis/dataconnect": could not find dataconnect.yaml in `/Users/tius/Documents/Data Tius/Projeksi-bisnis/dataconnect`
 {"metadata":{"emulator":{"name":"dataconnect"},"message":"E0515 17:54:42.671470   83597 watch.go:40] Failed to load config from \"/Users/tius/Documents/Data Tius/Projeksi-bisnis/dataconnect\": could not find dataconnect.yaml in `/Users/tius/Documents/Data Tius/Projeksi-bisnis/dataconnect`\n"}}
[debug] [2026-05-15T10:54:52.675Z] E0515 17:54:52.674998   83597 watch.go:40] Failed to load config from "/Users/tius/Documents/Data Tius/Projeksi-bisnis/dataconnect": could not find dataconnect.yaml in `/Users/tius/Documents/Data Tius/Projeksi-bisnis/dataconnect`
 {"metadata":{"emulator":{"name":"dataconnect"},"message":"E0515 17:54:52.674998   83597 watch.go:40] Failed to load config from \"/Users/tius/Documents/Data Tius/Projeksi-bisnis/dataconnect\": could not find dataconnect.yaml in `/Users/tius/Documents/Data Tius/Projeksi-bisnis/dataconnect`\n"}}
[debug] [2026-05-15T10:55:02.671Z] E0515 17:55:02.670831   83597 watch.go:40] Failed to load config from "/Users/tius/Documents/Data Tius/Projeksi-bisnis/dataconnect": could not find dataconnect.yaml in `/Users/tius/Documents/Data Tius/Projeksi-bisnis/dataconnect`
 {"metadata":{"emulator":{"name":"dataconnect"},"message":"E0515 17:55:02.670831   83597 watch.go:40] Failed to load config from \"/Users/tius/Documents/Data Tius/Projeksi-bisnis/dataconnect\": could not find dataconnect.yaml in `/Users/tius/Documents/Data Tius/Projeksi-bisnis/dataconnect`\n"}}
[debug] [2026-05-15T10:55:02.672Z] E0515 17:55:02.670719   83597 watch.go:116] watchAllDir unable to walk dir `/Users/tius/Documents/Data Tius/Projeksi-bisnis/dataconnect`: lstat /Users/tius/Documents/Data Tius/Projeksi-bisnis/dataconnect: no such file or directory
 {"metadata":{"emulator":{"name":"dataconnect"},"message":"E0515 17:55:02.670719   83597 watch.go:116] watchAllDir unable to walk dir `/Users/tius/Documents/Data Tius/Projeksi-bisnis/dataconnect`: lstat /Users/tius/Documents/Data Tius/Projeksi-bisnis/dataconnect: no such file or directory\n"}}
[debug] [2026-05-15T10:55:12.676Z] E0515 17:55:12.675862   83597 watch.go:40] Failed to load config from "/Users/tius/Documents/Data Tius/Projeksi-bisnis/dataconnect": could not find dataconnect.yaml in `/Users/tius/Documents/Data Tius/Projeksi-bisnis/dataconnect`
 {"metadata":{"emulator":{"name":"dataconnect"},"message":"E0515 17:55:12.675862   83597 watch.go:40] Failed to load config from \"/Users/tius/Documents/Data Tius/Projeksi-bisnis/dataconnect\": could not find dataconnect.yaml in `/Users/tius/Documents/Data Tius/Projeksi-bisnis/dataconnect`\n"}}
[debug] [2026-05-15T10:55:22.680Z] E0515 17:55:22.671242   83597 watch.go:40] Failed to load config from "/Users/tius/Documents/Data Tius/Projeksi-bisnis/dataconnect": could not find dataconnect.yaml in `/Users/tius/Documents/Data Tius/Projeksi-bisnis/dataconnect`
 {"metadata":{"emulator":{"name":"dataconnect"},"message":"E0515 17:55:22.671242   83597 watch.go:40] Failed to load config from \"/Users/tius/Documents/Data Tius/Projeksi-bisnis/dataconnect\": could not find dataconnect.yaml in `/Users/tius/Documents/Data Tius/Projeksi-bisnis/dataconnect`\n"}}
[debug] [2026-05-15T10:55:32.674Z] E0515 17:55:32.673176   83597 watch.go:40] Failed to load config from "/Users/tius/Documents/Data Tius/Projeksi-bisnis/dataconnect": could not find dataconnect.yaml in `/Users/tius/Documents/Data Tius/Projeksi-bisnis/dataconnect`
 {"metadata":{"emulator":{"name":"dataconnect"},"message":"E0515 17:55:32.673176   83597 watch.go:40] Failed to load config from \"/Users/tius/Documents/Data Tius/Projeksi-bisnis/dataconnect\": could not find dataconnect.yaml in `/Users/tius/Documents/Data Tius/Projeksi-bisnis/dataconnect`\n"}}
[debug] [2026-05-15T10:55:42.671Z] E0515 17:55:42.671719   83597 watch.go:40] Failed to load config from "/Users/tius/Documents/Data Tius/Projeksi-bisnis/dataconnect": could not find dataconnect.yaml in `/Users/tius/Documents/Data Tius/Projeksi-bisnis/dataconnect`
 {"metadata":{"emulator":{"name":"dataconnect"},"message":"E0515 17:55:42.671719   83597 watch.go:40] Failed to load config from \"/Users/tius/Documents/Data Tius/Projeksi-bisnis/dataconnect\": could not find dataconnect.yaml in `/Users/tius/Documents/Data Tius/Projeksi-bisnis/dataconnect`\n"}}
[debug] [2026-05-15T10:55:52.676Z] E0515 17:55:52.675992   83597 watch.go:40] Failed to load config from "/Users/tius/Documents/Data Tius/Projeksi-bisnis/dataconnect": could not find dataconnect.yaml in `/Users/tius/Documents/Data Tius/Projeksi-bisnis/dataconnect`
 {"metadata":{"emulator":{"name":"dataconnect"},"message":"E0515 17:55:52.675992   83597 watch.go:40] Failed to load config from \"/Users/tius/Documents/Data Tius/Projeksi-bisnis/dataconnect\": could not find dataconnect.yaml in `/Users/tius/Documents/Data Tius/Projeksi-bisnis/dataconnect`\n"}}
[debug] [2026-05-15T10:56:02.669Z] E0515 17:56:02.668810   83597 watch.go:116] watchAllDir unable to walk dir `/Users/tius/Documents/Data Tius/Projeksi-bisnis/dataconnect`: lstat /Users/tius/Documents/Data Tius/Projeksi-bisnis/dataconnect: no such file or directory
E0515 17:56:02.668944   83597 watch.go:40] Failed to load config from "/Users/tius/Documents/Data Tius/Projeksi-bisnis/dataconnect": could not find dataconnect.yaml in `/Users/tius/Documents/Data Tius/Projeksi-bisnis/dataconnect`
 {"metadata":{"emulator":{"name":"dataconnect"},"message":"E0515 17:56:02.668810   83597 watch.go:116] watchAllDir unable to walk dir `/Users/tius/Documents/Data Tius/Projeksi-bisnis/dataconnect`: lstat /Users/tius/Documents/Data Tius/Projeksi-bisnis/dataconnect: no such file or directory\nE0515 17:56:02.668944   83597 watch.go:40] Failed to load config from \"/Users/tius/Documents/Data Tius/Projeksi-bisnis/dataconnect\": could not find dataconnect.yaml in `/Users/tius/Documents/Data Tius/Projeksi-bisnis/dataconnect`\n"}}
[debug] [2026-05-15T10:56:12.668Z] E0515 17:56:12.668096   83597 watch.go:40] Failed to load config from "/Users/tius/Documents/Data Tius/Projeksi-bisnis/dataconnect": could not find dataconnect.yaml in `/Users/tius/Documents/Data Tius/Projeksi-bisnis/dataconnect`
 {"metadata":{"emulator":{"name":"dataconnect"},"message":"E0515 17:56:12.668096   83597 watch.go:40] Failed to load config from \"/Users/tius/Documents/Data Tius/Projeksi-bisnis/dataconnect\": could not find dataconnect.yaml in `/Users/tius/Documents/Data Tius/Projeksi-bisnis/dataconnect`\n"}}
[debug] [2026-05-15T10:56:22.668Z] E0515 17:56:22.668040   83597 watch.go:40] Failed to load config from "/Users/tius/Documents/Data Tius/Projeksi-bisnis/dataconnect": could not find dataconnect.yaml in `/Users/tius/Documents/Data Tius/Projeksi-bisnis/dataconnect`
 {"metadata":{"emulator":{"name":"dataconnect"},"message":"E0515 17:56:22.668040   83597 watch.go:40] Failed to load config from \"/Users/tius/Documents/Data Tius/Projeksi-bisnis/dataconnect\": could not find dataconnect.yaml in `/Users/tius/Documents/Data Tius/Projeksi-bisnis/dataconnect`\n"}}
[debug] [2026-05-15T10:56:32.668Z] E0515 17:56:32.667876   83597 watch.go:40] Failed to load config from "/Users/tius/Documents/Data Tius/Projeksi-bisnis/dataconnect": could not find dataconnect.yaml in `/Users/tius/Documents/Data Tius/Projeksi-bisnis/dataconnect`
 {"metadata":{"emulator":{"name":"dataconnect"},"message":"E0515 17:56:32.667876   83597 watch.go:40] Failed to load config from \"/Users/tius/Documents/Data Tius/Projeksi-bisnis/dataconnect\": could not find dataconnect.yaml in `/Users/tius/Documents/Data Tius/Projeksi-bisnis/dataconnect`\n"}}
[debug] [2026-05-15T10:56:42.667Z] E0515 17:56:42.667694   83597 watch.go:40] Failed to load config from "/Users/tius/Documents/Data Tius/Projeksi-bisnis/dataconnect": could not find dataconnect.yaml in `/Users/tius/Documents/Data Tius/Projeksi-bisnis/dataconnect`
 {"metadata":{"emulator":{"name":"dataconnect"},"message":"E0515 17:56:42.667694   83597 watch.go:40] Failed to load config from \"/Users/tius/Documents/Data Tius/Projeksi-bisnis/dataconnect\": could not find dataconnect.yaml in `/Users/tius/Documents/Data Tius/Projeksi-bisnis/dataconnect`\n"}}
[debug] [2026-05-15T10:56:52.667Z] E0515 17:56:52.666911   83597 watch.go:40] Failed to load config from "/Users/tius/Documents/Data Tius/Projeksi-bisnis/dataconnect": could not find dataconnect.yaml in `/Users/tius/Documents/Data Tius/Projeksi-bisnis/dataconnect`
 {"metadata":{"emulator":{"name":"dataconnect"},"message":"E0515 17:56:52.666911   83597 watch.go:40] Failed to load config from \"/Users/tius/Documents/Data Tius/Projeksi-bisnis/dataconnect\": could not find dataconnect.yaml in `/Users/tius/Documents/Data Tius/Projeksi-bisnis/dataconnect`\n"}}
[debug] [2026-05-15T10:57:02.667Z] E0515 17:57:02.667120   83597 watch.go:40] Failed to load config from "/Users/tius/Documents/Data Tius/Projeksi-bisnis/dataconnect": could not find dataconnect.yaml in `/Users/tius/Documents/Data Tius/Projeksi-bisnis/dataconnect`
 {"metadata":{"emulator":{"name":"dataconnect"},"message":"E0515 17:57:02.667120   83597 watch.go:40] Failed to load config from \"/Users/tius/Documents/Data Tius/Projeksi-bisnis/dataconnect\": could not find dataconnect.yaml in `/Users/tius/Documents/Data Tius/Projeksi-bisnis/dataconnect`\n"}}
[debug] [2026-05-15T10:57:02.670Z] E0515 17:57:02.667003   83597 watch.go:116] watchAllDir unable to walk dir `/Users/tius/Documents/Data Tius/Projeksi-bisnis/dataconnect`: lstat /Users/tius/Documents/Data Tius/Projeksi-bisnis/dataconnect: no such file or directory
 {"metadata":{"emulator":{"name":"dataconnect"},"message":"E0515 17:57:02.667003   83597 watch.go:116] watchAllDir unable to walk dir `/Users/tius/Documents/Data Tius/Projeksi-bisnis/dataconnect`: lstat /Users/tius/Documents/Data Tius/Projeksi-bisnis/dataconnect: no such file or directory\n"}}
[debug] [2026-05-15T10:57:12.692Z] E0515 17:57:12.679164   83597 watch.go:40] Failed to load config from "/Users/tius/Documents/Data Tius/Projeksi-bisnis/dataconnect": could not find dataconnect.yaml in `/Users/tius/Documents/Data Tius/Projeksi-bisnis/dataconnect`
 {"metadata":{"emulator":{"name":"dataconnect"},"message":"E0515 17:57:12.679164   83597 watch.go:40] Failed to load config from \"/Users/tius/Documents/Data Tius/Projeksi-bisnis/dataconnect\": could not find dataconnect.yaml in `/Users/tius/Documents/Data Tius/Projeksi-bisnis/dataconnect`\n"}}
[debug] [2026-05-15T10:57:22.713Z] E0515 17:57:22.666492   83597 watch.go:40] Failed to load config from "/Users/tius/Documents/Data Tius/Projeksi-bisnis/dataconnect": could not find dataconnect.yaml in `/Users/tius/Documents/Data Tius/Projeksi-bisnis/dataconnect`
 {"metadata":{"emulator":{"name":"dataconnect"},"message":"E0515 17:57:22.666492   83597 watch.go:40] Failed to load config from \"/Users/tius/Documents/Data Tius/Projeksi-bisnis/dataconnect\": could not find dataconnect.yaml in `/Users/tius/Documents/Data Tius/Projeksi-bisnis/dataconnect`\n"}}
[debug] [2026-05-15T10:57:32.674Z] E0515 17:57:32.674434   83597 watch.go:40] Failed to load config from "/Users/tius/Documents/Data Tius/Projeksi-bisnis/dataconnect": could not find dataconnect.yaml in `/Users/tius/Documents/Data Tius/Projeksi-bisnis/dataconnect`
 {"metadata":{"emulator":{"name":"dataconnect"},"message":"E0515 17:57:32.674434   83597 watch.go:40] Failed to load config from \"/Users/tius/Documents/Data Tius/Projeksi-bisnis/dataconnect\": could not find dataconnect.yaml in `/Users/tius/Documents/Data Tius/Projeksi-bisnis/dataconnect`\n"}}
[debug] [2026-05-15T10:57:43.005Z] E0515 17:57:42.667376   83597 watch.go:40] Failed to load config from "/Users/tius/Documents/Data Tius/Projeksi-bisnis/dataconnect": could not find dataconnect.yaml in `/Users/tius/Documents/Data Tius/Projeksi-bisnis/dataconnect`
 {"metadata":{"emulator":{"name":"dataconnect"},"message":"E0515 17:57:42.667376   83597 watch.go:40] Failed to load config from \"/Users/tius/Documents/Data Tius/Projeksi-bisnis/dataconnect\": could not find dataconnect.yaml in `/Users/tius/Documents/Data Tius/Projeksi-bisnis/dataconnect`\n"}}
[debug] [2026-05-15T10:57:52.664Z] E0515 17:57:52.664529   83597 watch.go:40] Failed to load config from "/Users/tius/Documents/Data Tius/Projeksi-bisnis/dataconnect": could not find dataconnect.yaml in `/Users/tius/Documents/Data Tius/Projeksi-bisnis/dataconnect`
 {"metadata":{"emulator":{"name":"dataconnect"},"message":"E0515 17:57:52.664529   83597 watch.go:40] Failed to load config from \"/Users/tius/Documents/Data Tius/Projeksi-bisnis/dataconnect\": could not find dataconnect.yaml in `/Users/tius/Documents/Data Tius/Projeksi-bisnis/dataconnect`\n"}}
[debug] [2026-05-15T10:58:02.666Z] E0515 17:58:02.666421   83597 watch.go:40] Failed to load config from "/Users/tius/Documents/Data Tius/Projeksi-bisnis/dataconnect": could not find dataconnect.yaml in `/Users/tius/Documents/Data Tius/Projeksi-bisnis/dataconnect`
 {"metadata":{"emulator":{"name":"dataconnect"},"message":"E0515 17:58:02.666421   83597 watch.go:40] Failed to load config from \"/Users/tius/Documents/Data Tius/Projeksi-bisnis/dataconnect\": could not find dataconnect.yaml in `/Users/tius/Documents/Data Tius/Projeksi-bisnis/dataconnect`\n"}}
[debug] [2026-05-15T10:58:02.711Z] E0515 17:58:02.666439   83597 watch.go:116] watchAllDir unable to walk dir `/Users/tius/Documents/Data Tius/Projeksi-bisnis/dataconnect`: lstat /Users/tius/Documents/Data Tius/Projeksi-bisnis/dataconnect: no such file or directory
 {"metadata":{"emulator":{"name":"dataconnect"},"message":"E0515 17:58:02.666439   83597 watch.go:116] watchAllDir unable to walk dir `/Users/tius/Documents/Data Tius/Projeksi-bisnis/dataconnect`: lstat /Users/tius/Documents/Data Tius/Projeksi-bisnis/dataconnect: no such file or directory\n"}}
[debug] [2026-05-15T10:58:17.371Z] E0515 17:58:12.751354   83597 watch.go:40] Failed to load config from "/Users/tius/Documents/Data Tius/Projeksi-bisnis/dataconnect": could not find dataconnect.yaml in `/Users/tius/Documents/Data Tius/Projeksi-bisnis/dataconnect`
 {"metadata":{"emulator":{"name":"dataconnect"},"message":"E0515 17:58:12.751354   83597 watch.go:40] Failed to load config from \"/Users/tius/Documents/Data Tius/Projeksi-bisnis/dataconnect\": could not find dataconnect.yaml in `/Users/tius/Documents/Data Tius/Projeksi-bisnis/dataconnect`\n"}}
[debug] [2026-05-15T10:58:30.547Z] E0515 17:58:22.665143   83597 watch.go:40] Failed to load config from "/Users/tius/Documents/Data Tius/Projeksi-bisnis/dataconnect": could not find dataconnect.yaml in `/Users/tius/Documents/Data Tius/Projeksi-bisnis/dataconnect`
 {"metadata":{"emulator":{"name":"dataconnect"},"message":"E0515 17:58:22.665143   83597 watch.go:40] Failed to load config from \"/Users/tius/Documents/Data Tius/Projeksi-bisnis/dataconnect\": could not find dataconnect.yaml in `/Users/tius/Documents/Data Tius/Projeksi-bisnis/dataconnect`\n"}}
[debug] [2026-05-15T10:58:32.727Z] E0515 17:58:32.676453   83597 watch.go:40] Failed to load config from "/Users/tius/Documents/Data Tius/Projeksi-bisnis/dataconnect": could not find dataconnect.yaml in `/Users/tius/Documents/Data Tius/Projeksi-bisnis/dataconnect`
 {"metadata":{"emulator":{"name":"dataconnect"},"message":"E0515 17:58:32.676453   83597 watch.go:40] Failed to load config from \"/Users/tius/Documents/Data Tius/Projeksi-bisnis/dataconnect\": could not find dataconnect.yaml in `/Users/tius/Documents/Data Tius/Projeksi-bisnis/dataconnect`\n"}}
[debug] [2026-05-15T10:58:42.664Z] E0515 17:58:42.664038   83597 watch.go:40] Failed to load config from "/Users/tius/Documents/Data Tius/Projeksi-bisnis/dataconnect": could not find dataconnect.yaml in `/Users/tius/Documents/Data Tius/Projeksi-bisnis/dataconnect`
 {"metadata":{"emulator":{"name":"dataconnect"},"message":"E0515 17:58:42.664038   83597 watch.go:40] Failed to load config from \"/Users/tius/Documents/Data Tius/Projeksi-bisnis/dataconnect\": could not find dataconnect.yaml in `/Users/tius/Documents/Data Tius/Projeksi-bisnis/dataconnect`\n"}}
[debug] [2026-05-15T10:58:52.664Z] E0515 17:58:52.664415   83597 watch.go:40] Failed to load config from "/Users/tius/Documents/Data Tius/Projeksi-bisnis/dataconnect": could not find dataconnect.yaml in `/Users/tius/Documents/Data Tius/Projeksi-bisnis/dataconnect`
 {"metadata":{"emulator":{"name":"dataconnect"},"message":"E0515 17:58:52.664415   83597 watch.go:40] Failed to load config from \"/Users/tius/Documents/Data Tius/Projeksi-bisnis/dataconnect\": could not find dataconnect.yaml in `/Users/tius/Documents/Data Tius/Projeksi-bisnis/dataconnect`\n"}}
[debug] [2026-05-15T10:59:02.670Z] E0515 17:59:02.670027   83597 watch.go:40] Failed to load config from "/Users/tius/Documents/Data Tius/Projeksi-bisnis/dataconnect": could not find dataconnect.yaml in `/Users/tius/Documents/Data Tius/Projeksi-bisnis/dataconnect`
 {"metadata":{"emulator":{"name":"dataconnect"},"message":"E0515 17:59:02.670027   83597 watch.go:40] Failed to load config from \"/Users/tius/Documents/Data Tius/Projeksi-bisnis/dataconnect\": could not find dataconnect.yaml in `/Users/tius/Documents/Data Tius/Projeksi-bisnis/dataconnect`\n"}}
[debug] [2026-05-15T10:59:02.688Z] E0515 17:59:02.683103   83597 watch.go:116] watchAllDir unable to walk dir `/Users/tius/Documents/Data Tius/Projeksi-bisnis/dataconnect`: lstat /Users/tius/Documents/Data Tius/Projeksi-bisnis/dataconnect: no such file or directory
 {"metadata":{"emulator":{"name":"dataconnect"},"message":"E0515 17:59:02.683103   83597 watch.go:116] watchAllDir unable to walk dir `/Users/tius/Documents/Data Tius/Projeksi-bisnis/dataconnect`: lstat /Users/tius/Documents/Data Tius/Projeksi-bisnis/dataconnect: no such file or directory\n"}}
[debug] [2026-05-15T10:59:12.663Z] E0515 17:59:12.662755   83597 watch.go:40] Failed to load config from "/Users/tius/Documents/Data Tius/Projeksi-bisnis/dataconnect": could not find dataconnect.yaml in `/Users/tius/Documents/Data Tius/Projeksi-bisnis/dataconnect`
 {"metadata":{"emulator":{"name":"dataconnect"},"message":"E0515 17:59:12.662755   83597 watch.go:40] Failed to load config from \"/Users/tius/Documents/Data Tius/Projeksi-bisnis/dataconnect\": could not find dataconnect.yaml in `/Users/tius/Documents/Data Tius/Projeksi-bisnis/dataconnect`\n"}}
[debug] [2026-05-15T10:59:35.562Z] E0515 17:59:23.164215   83597 watch.go:40] Failed to load config from "/Users/tius/Documents/Data Tius/Projeksi-bisnis/dataconnect": could not find dataconnect.yaml in `/Users/tius/Documents/Data Tius/Projeksi-bisnis/dataconnect`
E0515 17:59:32.661613   83597 watch.go:40] Failed to load config from "/Users/tius/Documents/Data Tius/Projeksi-bisnis/dataconnect": could not find dataconnect.yaml in `/Users/tius/Documents/Data Tius/Projeksi-bisnis/dataconnect`
 {"metadata":{"emulator":{"name":"dataconnect"},"message":"E0515 17:59:23.164215   83597 watch.go:40] Failed to load config from \"/Users/tius/Documents/Data Tius/Projeksi-bisnis/dataconnect\": could not find dataconnect.yaml in `/Users/tius/Documents/Data Tius/Projeksi-bisnis/dataconnect`\nE0515 17:59:32.661613   83597 watch.go:40] Failed to load config from \"/Users/tius/Documents/Data Tius/Projeksi-bisnis/dataconnect\": could not find dataconnect.yaml in `/Users/tius/Documents/Data Tius/Projeksi-bisnis/dataconnect`\n"}}
[debug] [2026-05-15T11:00:01.242Z] E0515 17:59:42.662261   83597 watch.go:40] Failed to load config from "/Users/tius/Documents/Data Tius/Projeksi-bisnis/dataconnect": could not find dataconnect.yaml in `/Users/tius/Documents/Data Tius/Projeksi-bisnis/dataconnect`
E0515 17:59:52.661831   83597 watch.go:40] Failed to load config from "/Users/tius/Documents/Data Tius/Projeksi-bisnis/dataconnect": could not find dataconnect.yaml in `/Users/tius/Documents/Data Tius/Projeksi-bisnis/dataconnect`
 {"metadata":{"emulator":{"name":"dataconnect"},"message":"E0515 17:59:42.662261   83597 watch.go:40] Failed to load config from \"/Users/tius/Documents/Data Tius/Projeksi-bisnis/dataconnect\": could not find dataconnect.yaml in `/Users/tius/Documents/Data Tius/Projeksi-bisnis/dataconnect`\nE0515 17:59:52.661831   83597 watch.go:40] Failed to load config from \"/Users/tius/Documents/Data Tius/Projeksi-bisnis/dataconnect\": could not find dataconnect.yaml in `/Users/tius/Documents/Data Tius/Projeksi-bisnis/dataconnect`\n"}}
[debug] [2026-05-15T11:00:06.728Z] E0515 18:00:02.661383   83597 watch.go:116] watchAllDir unable to walk dir `/Users/tius/Documents/Data Tius/Projeksi-bisnis/dataconnect`: lstat /Users/tius/Documents/Data Tius/Projeksi-bisnis/dataconnect: no such file or directory
E0515 18:00:02.661535   83597 watch.go:40] Failed to load config from "/Users/tius/Documents/Data Tius/Projeksi-bisnis/dataconnect": could not find dataconnect.yaml in `/Users/tius/Documents/Data Tius/Projeksi-bisnis/dataconnect`
 {"metadata":{"emulator":{"name":"dataconnect"},"message":"E0515 18:00:02.661383   83597 watch.go:116] watchAllDir unable to walk dir `/Users/tius/Documents/Data Tius/Projeksi-bisnis/dataconnect`: lstat /Users/tius/Documents/Data Tius/Projeksi-bisnis/dataconnect: no such file or directory\nE0515 18:00:02.661535   83597 watch.go:40] Failed to load config from \"/Users/tius/Documents/Data Tius/Projeksi-bisnis/dataconnect\": could not find dataconnect.yaml in `/Users/tius/Documents/Data Tius/Projeksi-bisnis/dataconnect`\n"}}
[debug] [2026-05-15T11:00:12.663Z] E0515 18:00:12.661261   83597 watch.go:40] Failed to load config from "/Users/tius/Documents/Data Tius/Projeksi-bisnis/dataconnect": could not find dataconnect.yaml in `/Users/tius/Documents/Data Tius/Projeksi-bisnis/dataconnect`
 {"metadata":{"emulator":{"name":"dataconnect"},"message":"E0515 18:00:12.661261   83597 watch.go:40] Failed to load config from \"/Users/tius/Documents/Data Tius/Projeksi-bisnis/dataconnect\": could not find dataconnect.yaml in `/Users/tius/Documents/Data Tius/Projeksi-bisnis/dataconnect`\n"}}
[debug] [2026-05-15T11:00:22.661Z] E0515 18:00:22.661145   83597 watch.go:40] Failed to load config from "/Users/tius/Documents/Data Tius/Projeksi-bisnis/dataconnect": could not find dataconnect.yaml in `/Users/tius/Documents/Data Tius/Projeksi-bisnis/dataconnect`
 {"metadata":{"emulator":{"name":"dataconnect"},"message":"E0515 18:00:22.661145   83597 watch.go:40] Failed to load config from \"/Users/tius/Documents/Data Tius/Projeksi-bisnis/dataconnect\": could not find dataconnect.yaml in `/Users/tius/Documents/Data Tius/Projeksi-bisnis/dataconnect`\n"}}
[debug] [2026-05-15T11:00:32.836Z] E0515 18:00:32.660747   83597 watch.go:40] Failed to load config from "/Users/tius/Documents/Data Tius/Projeksi-bisnis/dataconnect": could not find dataconnect.yaml in `/Users/tius/Documents/Data Tius/Projeksi-bisnis/dataconnect`
 {"metadata":{"emulator":{"name":"dataconnect"},"message":"E0515 18:00:32.660747   83597 watch.go:40] Failed to load config from \"/Users/tius/Documents/Data Tius/Projeksi-bisnis/dataconnect\": could not find dataconnect.yaml in `/Users/tius/Documents/Data Tius/Projeksi-bisnis/dataconnect`\n"}}
[debug] [2026-05-15T11:00:42.660Z] E0515 18:00:42.660335   83597 watch.go:40] Failed to load config from "/Users/tius/Documents/Data Tius/Projeksi-bisnis/dataconnect": could not find dataconnect.yaml in `/Users/tius/Documents/Data Tius/Projeksi-bisnis/dataconnect`
 {"metadata":{"emulator":{"name":"dataconnect"},"message":"E0515 18:00:42.660335   83597 watch.go:40] Failed to load config from \"/Users/tius/Documents/Data Tius/Projeksi-bisnis/dataconnect\": could not find dataconnect.yaml in `/Users/tius/Documents/Data Tius/Projeksi-bisnis/dataconnect`\n"}}
[debug] [2026-05-15T11:00:52.661Z] E0515 18:00:52.659553   83597 watch.go:40] Failed to load config from "/Users/tius/Documents/Data Tius/Projeksi-bisnis/dataconnect": could not find dataconnect.yaml in `/Users/tius/Documents/Data Tius/Projeksi-bisnis/dataconnect`
 {"metadata":{"emulator":{"name":"dataconnect"},"message":"E0515 18:00:52.659553   83597 watch.go:40] Failed to load config from \"/Users/tius/Documents/Data Tius/Projeksi-bisnis/dataconnect\": could not find dataconnect.yaml in `/Users/tius/Documents/Data Tius/Projeksi-bisnis/dataconnect`\n"}}
[debug] [2026-05-15T11:01:02.661Z] E0515 18:01:02.661052   83597 watch.go:40] Failed to load config from "/Users/tius/Documents/Data Tius/Projeksi-bisnis/dataconnect": could not find dataconnect.yaml in `/Users/tius/Documents/Data Tius/Projeksi-bisnis/dataconnect`
 {"metadata":{"emulator":{"name":"dataconnect"},"message":"E0515 18:01:02.661052   83597 watch.go:40] Failed to load config from \"/Users/tius/Documents/Data Tius/Projeksi-bisnis/dataconnect\": could not find dataconnect.yaml in `/Users/tius/Documents/Data Tius/Projeksi-bisnis/dataconnect`\n"}}
[debug] [2026-05-15T11:01:02.669Z] E0515 18:01:02.660996   83597 watch.go:116] watchAllDir unable to walk dir `/Users/tius/Documents/Data Tius/Projeksi-bisnis/dataconnect`: lstat /Users/tius/Documents/Data Tius/Projeksi-bisnis/dataconnect: no such file or directory
 {"metadata":{"emulator":{"name":"dataconnect"},"message":"E0515 18:01:02.660996   83597 watch.go:116] watchAllDir unable to walk dir `/Users/tius/Documents/Data Tius/Projeksi-bisnis/dataconnect`: lstat /Users/tius/Documents/Data Tius/Projeksi-bisnis/dataconnect: no such file or directory\n"}}
[debug] [2026-05-15T11:01:12.662Z] E0515 18:01:12.661650   83597 watch.go:40] Failed to load config from "/Users/tius/Documents/Data Tius/Projeksi-bisnis/dataconnect": could not find dataconnect.yaml in `/Users/tius/Documents/Data Tius/Projeksi-bisnis/dataconnect`
 {"metadata":{"emulator":{"name":"dataconnect"},"message":"E0515 18:01:12.661650   83597 watch.go:40] Failed to load config from \"/Users/tius/Documents/Data Tius/Projeksi-bisnis/dataconnect\": could not find dataconnect.yaml in `/Users/tius/Documents/Data Tius/Projeksi-bisnis/dataconnect`\n"}}
[debug] [2026-05-15T11:01:22.659Z] E0515 18:01:22.659413   83597 watch.go:40] Failed to load config from "/Users/tius/Documents/Data Tius/Projeksi-bisnis/dataconnect": could not find dataconnect.yaml in `/Users/tius/Documents/Data Tius/Projeksi-bisnis/dataconnect`
 {"metadata":{"emulator":{"name":"dataconnect"},"message":"E0515 18:01:22.659413   83597 watch.go:40] Failed to load config from \"/Users/tius/Documents/Data Tius/Projeksi-bisnis/dataconnect\": could not find dataconnect.yaml in `/Users/tius/Documents/Data Tius/Projeksi-bisnis/dataconnect`\n"}}
[debug] [2026-05-15T11:01:32.659Z] E0515 18:01:32.658759   83597 watch.go:40] Failed to load config from "/Users/tius/Documents/Data Tius/Projeksi-bisnis/dataconnect": could not find dataconnect.yaml in `/Users/tius/Documents/Data Tius/Projeksi-bisnis/dataconnect`
 {"metadata":{"emulator":{"name":"dataconnect"},"message":"E0515 18:01:32.658759   83597 watch.go:40] Failed to load config from \"/Users/tius/Documents/Data Tius/Projeksi-bisnis/dataconnect\": could not find dataconnect.yaml in `/Users/tius/Documents/Data Tius/Projeksi-bisnis/dataconnect`\n"}}
[debug] [2026-05-15T11:01:42.661Z] E0515 18:01:42.661759   83597 watch.go:40] Failed to load config from "/Users/tius/Documents/Data Tius/Projeksi-bisnis/dataconnect": could not find dataconnect.yaml in `/Users/tius/Documents/Data Tius/Projeksi-bisnis/dataconnect`
 {"metadata":{"emulator":{"name":"dataconnect"},"message":"E0515 18:01:42.661759   83597 watch.go:40] Failed to load config from \"/Users/tius/Documents/Data Tius/Projeksi-bisnis/dataconnect\": could not find dataconnect.yaml in `/Users/tius/Documents/Data Tius/Projeksi-bisnis/dataconnect`\n"}}
[debug] [2026-05-15T11:01:52.817Z] E0515 18:01:52.660120   83597 watch.go:40] Failed to load config from "/Users/tius/Documents/Data Tius/Projeksi-bisnis/dataconnect": could not find dataconnect.yaml in `/Users/tius/Documents/Data Tius/Projeksi-bisnis/dataconnect`
 {"metadata":{"emulator":{"name":"dataconnect"},"message":"E0515 18:01:52.660120   83597 watch.go:40] Failed to load config from \"/Users/tius/Documents/Data Tius/Projeksi-bisnis/dataconnect\": could not find dataconnect.yaml in `/Users/tius/Documents/Data Tius/Projeksi-bisnis/dataconnect`\n"}}
[debug] [2026-05-15T11:02:02.658Z] E0515 18:02:02.658145   83597 watch.go:40] Failed to load config from "/Users/tius/Documents/Data Tius/Projeksi-bisnis/dataconnect": could not find dataconnect.yaml in `/Users/tius/Documents/Data Tius/Projeksi-bisnis/dataconnect`
 {"metadata":{"emulator":{"name":"dataconnect"},"message":"E0515 18:02:02.658145   83597 watch.go:40] Failed to load config from \"/Users/tius/Documents/Data Tius/Projeksi-bisnis/dataconnect\": could not find dataconnect.yaml in `/Users/tius/Documents/Data Tius/Projeksi-bisnis/dataconnect`\n"}}
[debug] [2026-05-15T11:02:02.659Z] E0515 18:02:02.658141   83597 watch.go:116] watchAllDir unable to walk dir `/Users/tius/Documents/Data Tius/Projeksi-bisnis/dataconnect`: lstat /Users/tius/Documents/Data Tius/Projeksi-bisnis/dataconnect: no such file or directory
 {"metadata":{"emulator":{"name":"dataconnect"},"message":"E0515 18:02:02.658141   83597 watch.go:116] watchAllDir unable to walk dir `/Users/tius/Documents/Data Tius/Projeksi-bisnis/dataconnect`: lstat /Users/tius/Documents/Data Tius/Projeksi-bisnis/dataconnect: no such file or directory\n"}}
[debug] [2026-05-15T11:02:12.657Z] E0515 18:02:12.657502   83597 watch.go:40] Failed to load config from "/Users/tius/Documents/Data Tius/Projeksi-bisnis/dataconnect": could not find dataconnect.yaml in `/Users/tius/Documents/Data Tius/Projeksi-bisnis/dataconnect`
 {"metadata":{"emulator":{"name":"dataconnect"},"message":"E0515 18:02:12.657502   83597 watch.go:40] Failed to load config from \"/Users/tius/Documents/Data Tius/Projeksi-bisnis/dataconnect\": could not find dataconnect.yaml in `/Users/tius/Documents/Data Tius/Projeksi-bisnis/dataconnect`\n"}}
[debug] [2026-05-15T11:02:22.717Z] E0515 18:02:22.716852   83597 watch.go:40] Failed to load config from "/Users/tius/Documents/Data Tius/Projeksi-bisnis/dataconnect": could not find dataconnect.yaml in `/Users/tius/Documents/Data Tius/Projeksi-bisnis/dataconnect`
 {"metadata":{"emulator":{"name":"dataconnect"},"message":"E0515 18:02:22.716852   83597 watch.go:40] Failed to load config from \"/Users/tius/Documents/Data Tius/Projeksi-bisnis/dataconnect\": could not find dataconnect.yaml in `/Users/tius/Documents/Data Tius/Projeksi-bisnis/dataconnect`\n"}}
[debug] [2026-05-15T11:02:32.660Z] E0515 18:02:32.659560   83597 watch.go:40] Failed to load config from "/Users/tius/Documents/Data Tius/Projeksi-bisnis/dataconnect": could not find dataconnect.yaml in `/Users/tius/Documents/Data Tius/Projeksi-bisnis/dataconnect`
 {"metadata":{"emulator":{"name":"dataconnect"},"message":"E0515 18:02:32.659560   83597 watch.go:40] Failed to load config from \"/Users/tius/Documents/Data Tius/Projeksi-bisnis/dataconnect\": could not find dataconnect.yaml in `/Users/tius/Documents/Data Tius/Projeksi-bisnis/dataconnect`\n"}}
[debug] [2026-05-15T11:02:42.666Z] E0515 18:02:42.662975   83597 watch.go:40] Failed to load config from "/Users/tius/Documents/Data Tius/Projeksi-bisnis/dataconnect": could not find dataconnect.yaml in `/Users/tius/Documents/Data Tius/Projeksi-bisnis/dataconnect`
 {"metadata":{"emulator":{"name":"dataconnect"},"message":"E0515 18:02:42.662975   83597 watch.go:40] Failed to load config from \"/Users/tius/Documents/Data Tius/Projeksi-bisnis/dataconnect\": could not find dataconnect.yaml in `/Users/tius/Documents/Data Tius/Projeksi-bisnis/dataconnect`\n"}}
[debug] [2026-05-15T11:02:52.656Z] E0515 18:02:52.656252   83597 watch.go:40] Failed to load config from "/Users/tius/Documents/Data Tius/Projeksi-bisnis/dataconnect": could not find dataconnect.yaml in `/Users/tius/Documents/Data Tius/Projeksi-bisnis/dataconnect`
 {"metadata":{"emulator":{"name":"dataconnect"},"message":"E0515 18:02:52.656252   83597 watch.go:40] Failed to load config from \"/Users/tius/Documents/Data Tius/Projeksi-bisnis/dataconnect\": could not find dataconnect.yaml in `/Users/tius/Documents/Data Tius/Projeksi-bisnis/dataconnect`\n"}}
[debug] [2026-05-15T11:03:02.669Z] E0515 18:03:02.661118   83597 watch.go:116] watchAllDir unable to walk dir `/Users/tius/Documents/Data Tius/Projeksi-bisnis/dataconnect`: lstat /Users/tius/Documents/Data Tius/Projeksi-bisnis/dataconnect: no such file or directory
E0515 18:03:02.665881   83597 watch.go:40] Failed to load config from "/Users/tius/Documents/Data Tius/Projeksi-bisnis/dataconnect": could not find dataconnect.yaml in `/Users/tius/Documents/Data Tius/Projeksi-bisnis/dataconnect`
 {"metadata":{"emulator":{"name":"dataconnect"},"message":"E0515 18:03:02.661118   83597 watch.go:116] watchAllDir unable to walk dir `/Users/tius/Documents/Data Tius/Projeksi-bisnis/dataconnect`: lstat /Users/tius/Documents/Data Tius/Projeksi-bisnis/dataconnect: no such file or directory\nE0515 18:03:02.665881   83597 watch.go:40] Failed to load config from \"/Users/tius/Documents/Data Tius/Projeksi-bisnis/dataconnect\": could not find dataconnect.yaml in `/Users/tius/Documents/Data Tius/Projeksi-bisnis/dataconnect`\n"}}
[debug] [2026-05-15T11:03:12.655Z] E0515 18:03:12.655454   83597 watch.go:40] Failed to load config from "/Users/tius/Documents/Data Tius/Projeksi-bisnis/dataconnect": could not find dataconnect.yaml in `/Users/tius/Documents/Data Tius/Projeksi-bisnis/dataconnect`
 {"metadata":{"emulator":{"name":"dataconnect"},"message":"E0515 18:03:12.655454   83597 watch.go:40] Failed to load config from \"/Users/tius/Documents/Data Tius/Projeksi-bisnis/dataconnect\": could not find dataconnect.yaml in `/Users/tius/Documents/Data Tius/Projeksi-bisnis/dataconnect`\n"}}
[debug] [2026-05-15T11:03:22.656Z] E0515 18:03:22.655791   83597 watch.go:40] Failed to load config from "/Users/tius/Documents/Data Tius/Projeksi-bisnis/dataconnect": could not find dataconnect.yaml in `/Users/tius/Documents/Data Tius/Projeksi-bisnis/dataconnect`
 {"metadata":{"emulator":{"name":"dataconnect"},"message":"E0515 18:03:22.655791   83597 watch.go:40] Failed to load config from \"/Users/tius/Documents/Data Tius/Projeksi-bisnis/dataconnect\": could not find dataconnect.yaml in `/Users/tius/Documents/Data Tius/Projeksi-bisnis/dataconnect`\n"}}
[debug] [2026-05-15T11:03:32.655Z] E0515 18:03:32.655366   83597 watch.go:40] Failed to load config from "/Users/tius/Documents/Data Tius/Projeksi-bisnis/dataconnect": could not find dataconnect.yaml in `/Users/tius/Documents/Data Tius/Projeksi-bisnis/dataconnect`
 {"metadata":{"emulator":{"name":"dataconnect"},"message":"E0515 18:03:32.655366   83597 watch.go:40] Failed to load config from \"/Users/tius/Documents/Data Tius/Projeksi-bisnis/dataconnect\": could not find dataconnect.yaml in `/Users/tius/Documents/Data Tius/Projeksi-bisnis/dataconnect`\n"}}
[debug] [2026-05-15T11:03:42.824Z] E0515 18:03:42.654861   83597 watch.go:40] Failed to load config from "/Users/tius/Documents/Data Tius/Projeksi-bisnis/dataconnect": could not find dataconnect.yaml in `/Users/tius/Documents/Data Tius/Projeksi-bisnis/dataconnect`
 {"metadata":{"emulator":{"name":"dataconnect"},"message":"E0515 18:03:42.654861   83597 watch.go:40] Failed to load config from \"/Users/tius/Documents/Data Tius/Projeksi-bisnis/dataconnect\": could not find dataconnect.yaml in `/Users/tius/Documents/Data Tius/Projeksi-bisnis/dataconnect`\n"}}
[debug] [2026-05-15T11:03:53.523Z] E0515 18:03:52.654248   83597 watch.go:40] Failed to load config from "/Users/tius/Documents/Data Tius/Projeksi-bisnis/dataconnect": could not find dataconnect.yaml in `/Users/tius/Documents/Data Tius/Projeksi-bisnis/dataconnect`
 {"metadata":{"emulator":{"name":"dataconnect"},"message":"E0515 18:03:52.654248   83597 watch.go:40] Failed to load config from \"/Users/tius/Documents/Data Tius/Projeksi-bisnis/dataconnect\": could not find dataconnect.yaml in `/Users/tius/Documents/Data Tius/Projeksi-bisnis/dataconnect`\n"}}
[debug] [2026-05-15T11:04:02.657Z] E0515 18:04:02.656629   83597 watch.go:116] watchAllDir unable to walk dir `/Users/tius/Documents/Data Tius/Projeksi-bisnis/dataconnect`: lstat /Users/tius/Documents/Data Tius/Projeksi-bisnis/dataconnect: no such file or directory
 {"metadata":{"emulator":{"name":"dataconnect"},"message":"E0515 18:04:02.656629   83597 watch.go:116] watchAllDir unable to walk dir `/Users/tius/Documents/Data Tius/Projeksi-bisnis/dataconnect`: lstat /Users/tius/Documents/Data Tius/Projeksi-bisnis/dataconnect: no such file or directory\n"}}
[debug] [2026-05-15T11:04:02.659Z] E0515 18:04:02.656866   83597 watch.go:40] Failed to load config from "/Users/tius/Documents/Data Tius/Projeksi-bisnis/dataconnect": could not find dataconnect.yaml in `/Users/tius/Documents/Data Tius/Projeksi-bisnis/dataconnect`
 {"metadata":{"emulator":{"name":"dataconnect"},"message":"E0515 18:04:02.656866   83597 watch.go:40] Failed to load config from \"/Users/tius/Documents/Data Tius/Projeksi-bisnis/dataconnect\": could not find dataconnect.yaml in `/Users/tius/Documents/Data Tius/Projeksi-bisnis/dataconnect`\n"}}
[debug] [2026-05-15T11:04:12.655Z] E0515 18:04:12.654851   83597 watch.go:40] Failed to load config from "/Users/tius/Documents/Data Tius/Projeksi-bisnis/dataconnect": could not find dataconnect.yaml in `/Users/tius/Documents/Data Tius/Projeksi-bisnis/dataconnect`
 {"metadata":{"emulator":{"name":"dataconnect"},"message":"E0515 18:04:12.654851   83597 watch.go:40] Failed to load config from \"/Users/tius/Documents/Data Tius/Projeksi-bisnis/dataconnect\": could not find dataconnect.yaml in `/Users/tius/Documents/Data Tius/Projeksi-bisnis/dataconnect`\n"}}
[debug] [2026-05-15T11:04:22.653Z] E0515 18:04:22.653247   83597 watch.go:40] Failed to load config from "/Users/tius/Documents/Data Tius/Projeksi-bisnis/dataconnect": could not find dataconnect.yaml in `/Users/tius/Documents/Data Tius/Projeksi-bisnis/dataconnect`
 {"metadata":{"emulator":{"name":"dataconnect"},"message":"E0515 18:04:22.653247   83597 watch.go:40] Failed to load config from \"/Users/tius/Documents/Data Tius/Projeksi-bisnis/dataconnect\": could not find dataconnect.yaml in `/Users/tius/Documents/Data Tius/Projeksi-bisnis/dataconnect`\n"}}
[debug] [2026-05-15T11:04:32.654Z] E0515 18:04:32.653778   83597 watch.go:40] Failed to load config from "/Users/tius/Documents/Data Tius/Projeksi-bisnis/dataconnect": could not find dataconnect.yaml in `/Users/tius/Documents/Data Tius/Projeksi-bisnis/dataconnect`
 {"metadata":{"emulator":{"name":"dataconnect"},"message":"E0515 18:04:32.653778   83597 watch.go:40] Failed to load config from \"/Users/tius/Documents/Data Tius/Projeksi-bisnis/dataconnect\": could not find dataconnect.yaml in `/Users/tius/Documents/Data Tius/Projeksi-bisnis/dataconnect`\n"}}
[debug] [2026-05-15T11:04:42.665Z] E0515 18:04:42.656204   83597 watch.go:40] Failed to load config from "/Users/tius/Documents/Data Tius/Projeksi-bisnis/dataconnect": could not find dataconnect.yaml in `/Users/tius/Documents/Data Tius/Projeksi-bisnis/dataconnect`
 {"metadata":{"emulator":{"name":"dataconnect"},"message":"E0515 18:04:42.656204   83597 watch.go:40] Failed to load config from \"/Users/tius/Documents/Data Tius/Projeksi-bisnis/dataconnect\": could not find dataconnect.yaml in `/Users/tius/Documents/Data Tius/Projeksi-bisnis/dataconnect`\n"}}
[debug] [2026-05-15T11:04:52.656Z] E0515 18:04:52.655080   83597 watch.go:40] Failed to load config from "/Users/tius/Documents/Data Tius/Projeksi-bisnis/dataconnect": could not find dataconnect.yaml in `/Users/tius/Documents/Data Tius/Projeksi-bisnis/dataconnect`
 {"metadata":{"emulator":{"name":"dataconnect"},"message":"E0515 18:04:52.655080   83597 watch.go:40] Failed to load config from \"/Users/tius/Documents/Data Tius/Projeksi-bisnis/dataconnect\": could not find dataconnect.yaml in `/Users/tius/Documents/Data Tius/Projeksi-bisnis/dataconnect`\n"}}
[debug] [2026-05-15T11:05:02.652Z] E0515 18:05:02.652110   83597 watch.go:40] Failed to load config from "/Users/tius/Documents/Data Tius/Projeksi-bisnis/dataconnect": could not find dataconnect.yaml in `/Users/tius/Documents/Data Tius/Projeksi-bisnis/dataconnect`
 {"metadata":{"emulator":{"name":"dataconnect"},"message":"E0515 18:05:02.652110   83597 watch.go:40] Failed to load config from \"/Users/tius/Documents/Data Tius/Projeksi-bisnis/dataconnect\": could not find dataconnect.yaml in `/Users/tius/Documents/Data Tius/Projeksi-bisnis/dataconnect`\n"}}
[debug] [2026-05-15T11:05:02.655Z] E0515 18:05:02.652154   83597 watch.go:116] watchAllDir unable to walk dir `/Users/tius/Documents/Data Tius/Projeksi-bisnis/dataconnect`: lstat /Users/tius/Documents/Data Tius/Projeksi-bisnis/dataconnect: no such file or directory
 {"metadata":{"emulator":{"name":"dataconnect"},"message":"E0515 18:05:02.652154   83597 watch.go:116] watchAllDir unable to walk dir `/Users/tius/Documents/Data Tius/Projeksi-bisnis/dataconnect`: lstat /Users/tius/Documents/Data Tius/Projeksi-bisnis/dataconnect: no such file or directory\n"}}
[debug] [2026-05-15T11:05:12.652Z] E0515 18:05:12.652181   83597 watch.go:40] Failed to load config from "/Users/tius/Documents/Data Tius/Projeksi-bisnis/dataconnect": could not find dataconnect.yaml in `/Users/tius/Documents/Data Tius/Projeksi-bisnis/dataconnect`
 {"metadata":{"emulator":{"name":"dataconnect"},"message":"E0515 18:05:12.652181   83597 watch.go:40] Failed to load config from \"/Users/tius/Documents/Data Tius/Projeksi-bisnis/dataconnect\": could not find dataconnect.yaml in `/Users/tius/Documents/Data Tius/Projeksi-bisnis/dataconnect`\n"}}
[debug] [2026-05-15T11:05:22.651Z] E0515 18:05:22.651413   83597 watch.go:40] Failed to load config from "/Users/tius/Documents/Data Tius/Projeksi-bisnis/dataconnect": could not find dataconnect.yaml in `/Users/tius/Documents/Data Tius/Projeksi-bisnis/dataconnect`
 {"metadata":{"emulator":{"name":"dataconnect"},"message":"E0515 18:05:22.651413   83597 watch.go:40] Failed to load config from \"/Users/tius/Documents/Data Tius/Projeksi-bisnis/dataconnect\": could not find dataconnect.yaml in `/Users/tius/Documents/Data Tius/Projeksi-bisnis/dataconnect`\n"}}
[debug] [2026-05-15T11:05:32.653Z] E0515 18:05:32.651119   83597 watch.go:40] Failed to load config from "/Users/tius/Documents/Data Tius/Projeksi-bisnis/dataconnect": could not find dataconnect.yaml in `/Users/tius/Documents/Data Tius/Projeksi-bisnis/dataconnect`
 {"metadata":{"emulator":{"name":"dataconnect"},"message":"E0515 18:05:32.651119   83597 watch.go:40] Failed to load config from \"/Users/tius/Documents/Data Tius/Projeksi-bisnis/dataconnect\": could not find dataconnect.yaml in `/Users/tius/Documents/Data Tius/Projeksi-bisnis/dataconnect`\n"}}
[debug] [2026-05-15T11:05:42.652Z] E0515 18:05:42.652689   83597 watch.go:40] Failed to load config from "/Users/tius/Documents/Data Tius/Projeksi-bisnis/dataconnect": could not find dataconnect.yaml in `/Users/tius/Documents/Data Tius/Projeksi-bisnis/dataconnect`
 {"metadata":{"emulator":{"name":"dataconnect"},"message":"E0515 18:05:42.652689   83597 watch.go:40] Failed to load config from \"/Users/tius/Documents/Data Tius/Projeksi-bisnis/dataconnect\": could not find dataconnect.yaml in `/Users/tius/Documents/Data Tius/Projeksi-bisnis/dataconnect`\n"}}
[debug] [2026-05-15T11:05:52.651Z] E0515 18:05:52.650883   83597 watch.go:40] Failed to load config from "/Users/tius/Documents/Data Tius/Projeksi-bisnis/dataconnect": could not find dataconnect.yaml in `/Users/tius/Documents/Data Tius/Projeksi-bisnis/dataconnect`
 {"metadata":{"emulator":{"name":"dataconnect"},"message":"E0515 18:05:52.650883   83597 watch.go:40] Failed to load config from \"/Users/tius/Documents/Data Tius/Projeksi-bisnis/dataconnect\": could not find dataconnect.yaml in `/Users/tius/Documents/Data Tius/Projeksi-bisnis/dataconnect`\n"}}
[debug] [2026-05-15T11:06:02.650Z] E0515 18:06:02.650462   83597 watch.go:116] watchAllDir unable to walk dir `/Users/tius/Documents/Data Tius/Projeksi-bisnis/dataconnect`: lstat /Users/tius/Documents/Data Tius/Projeksi-bisnis/dataconnect: no such file or directory
 {"metadata":{"emulator":{"name":"dataconnect"},"message":"E0515 18:06:02.650462   83597 watch.go:116] watchAllDir unable to walk dir `/Users/tius/Documents/Data Tius/Projeksi-bisnis/dataconnect`: lstat /Users/tius/Documents/Data Tius/Projeksi-bisnis/dataconnect: no such file or directory\n"}}
[debug] [2026-05-15T11:06:02.652Z] E0515 18:06:02.650864   83597 watch.go:40] Failed to load config from "/Users/tius/Documents/Data Tius/Projeksi-bisnis/dataconnect": could not find dataconnect.yaml in `/Users/tius/Documents/Data Tius/Projeksi-bisnis/dataconnect`
 {"metadata":{"emulator":{"name":"dataconnect"},"message":"E0515 18:06:02.650864   83597 watch.go:40] Failed to load config from \"/Users/tius/Documents/Data Tius/Projeksi-bisnis/dataconnect\": could not find dataconnect.yaml in `/Users/tius/Documents/Data Tius/Projeksi-bisnis/dataconnect`\n"}}
[debug] [2026-05-15T11:06:12.650Z] E0515 18:06:12.650407   83597 watch.go:40] Failed to load config from "/Users/tius/Documents/Data Tius/Projeksi-bisnis/dataconnect": could not find dataconnect.yaml in `/Users/tius/Documents/Data Tius/Projeksi-bisnis/dataconnect`
 {"metadata":{"emulator":{"name":"dataconnect"},"message":"E0515 18:06:12.650407   83597 watch.go:40] Failed to load config from \"/Users/tius/Documents/Data Tius/Projeksi-bisnis/dataconnect\": could not find dataconnect.yaml in `/Users/tius/Documents/Data Tius/Projeksi-bisnis/dataconnect`\n"}}
[debug] [2026-05-15T11:06:22.650Z] E0515 18:06:22.649870   83597 watch.go:40] Failed to load config from "/Users/tius/Documents/Data Tius/Projeksi-bisnis/dataconnect": could not find dataconnect.yaml in `/Users/tius/Documents/Data Tius/Projeksi-bisnis/dataconnect`
 {"metadata":{"emulator":{"name":"dataconnect"},"message":"E0515 18:06:22.649870   83597 watch.go:40] Failed to load config from \"/Users/tius/Documents/Data Tius/Projeksi-bisnis/dataconnect\": could not find dataconnect.yaml in `/Users/tius/Documents/Data Tius/Projeksi-bisnis/dataconnect`\n"}}
[debug] [2026-05-15T11:06:32.649Z] E0515 18:06:32.648896   83597 watch.go:40] Failed to load config from "/Users/tius/Documents/Data Tius/Projeksi-bisnis/dataconnect": could not find dataconnect.yaml in `/Users/tius/Documents/Data Tius/Projeksi-bisnis/dataconnect`
 {"metadata":{"emulator":{"name":"dataconnect"},"message":"E0515 18:06:32.648896   83597 watch.go:40] Failed to load config from \"/Users/tius/Documents/Data Tius/Projeksi-bisnis/dataconnect\": could not find dataconnect.yaml in `/Users/tius/Documents/Data Tius/Projeksi-bisnis/dataconnect`\n"}}
[debug] [2026-05-15T11:06:42.649Z] E0515 18:06:42.648966   83597 watch.go:40] Failed to load config from "/Users/tius/Documents/Data Tius/Projeksi-bisnis/dataconnect": could not find dataconnect.yaml in `/Users/tius/Documents/Data Tius/Projeksi-bisnis/dataconnect`
 {"metadata":{"emulator":{"name":"dataconnect"},"message":"E0515 18:06:42.648966   83597 watch.go:40] Failed to load config from \"/Users/tius/Documents/Data Tius/Projeksi-bisnis/dataconnect\": could not find dataconnect.yaml in `/Users/tius/Documents/Data Tius/Projeksi-bisnis/dataconnect`\n"}}
[debug] [2026-05-15T11:06:52.648Z] E0515 18:06:52.648500   83597 watch.go:40] Failed to load config from "/Users/tius/Documents/Data Tius/Projeksi-bisnis/dataconnect": could not find dataconnect.yaml in `/Users/tius/Documents/Data Tius/Projeksi-bisnis/dataconnect`
 {"metadata":{"emulator":{"name":"dataconnect"},"message":"E0515 18:06:52.648500   83597 watch.go:40] Failed to load config from \"/Users/tius/Documents/Data Tius/Projeksi-bisnis/dataconnect\": could not find dataconnect.yaml in `/Users/tius/Documents/Data Tius/Projeksi-bisnis/dataconnect`\n"}}
[debug] [2026-05-15T11:07:13.805Z] E0515 18:07:02.647758   83597 watch.go:40] Failed to load config from "/Users/tius/Documents/Data Tius/Projeksi-bisnis/dataconnect": could not find dataconnect.yaml in `/Users/tius/Documents/Data Tius/Projeksi-bisnis/dataconnect`
E0515 18:07:02.647721   83597 watch.go:116] watchAllDir unable to walk dir `/Users/tius/Documents/Data Tius/Projeksi-bisnis/dataconnect`: lstat /Users/tius/Documents/Data Tius/Projeksi-bisnis/dataconnect: no such file or directory
E0515 18:07:12.647650   83597 watch.go:40] Failed to load config from "/Users/tius/Documents/Data Tius/Projeksi-bisnis/dataconnect": could not find dataconnect.yaml in `/Users/tius/Documents/Data Tius/Projeksi-bisnis/dataconnect`
 {"metadata":{"emulator":{"name":"dataconnect"},"message":"E0515 18:07:02.647758   83597 watch.go:40] Failed to load config from \"/Users/tius/Documents/Data Tius/Projeksi-bisnis/dataconnect\": could not find dataconnect.yaml in `/Users/tius/Documents/Data Tius/Projeksi-bisnis/dataconnect`\nE0515 18:07:02.647721   83597 watch.go:116] watchAllDir unable to walk dir `/Users/tius/Documents/Data Tius/Projeksi-bisnis/dataconnect`: lstat /Users/tius/Documents/Data Tius/Projeksi-bisnis/dataconnect: no such file or directory\nE0515 18:07:12.647650   83597 watch.go:40] Failed to load config from \"/Users/tius/Documents/Data Tius/Projeksi-bisnis/dataconnect\": could not find dataconnect.yaml in `/Users/tius/Documents/Data Tius/Projeksi-bisnis/dataconnect`\n"}}
[debug] [2026-05-15T11:07:22.647Z] E0515 18:07:22.647475   83597 watch.go:40] Failed to load config from "/Users/tius/Documents/Data Tius/Projeksi-bisnis/dataconnect": could not find dataconnect.yaml in `/Users/tius/Documents/Data Tius/Projeksi-bisnis/dataconnect`
 {"metadata":{"emulator":{"name":"dataconnect"},"message":"E0515 18:07:22.647475   83597 watch.go:40] Failed to load config from \"/Users/tius/Documents/Data Tius/Projeksi-bisnis/dataconnect\": could not find dataconnect.yaml in `/Users/tius/Documents/Data Tius/Projeksi-bisnis/dataconnect`\n"}}
[debug] [2026-05-15T11:07:32.649Z] E0515 18:07:32.649361   83597 watch.go:40] Failed to load config from "/Users/tius/Documents/Data Tius/Projeksi-bisnis/dataconnect": could not find dataconnect.yaml in `/Users/tius/Documents/Data Tius/Projeksi-bisnis/dataconnect`
 {"metadata":{"emulator":{"name":"dataconnect"},"message":"E0515 18:07:32.649361   83597 watch.go:40] Failed to load config from \"/Users/tius/Documents/Data Tius/Projeksi-bisnis/dataconnect\": could not find dataconnect.yaml in `/Users/tius/Documents/Data Tius/Projeksi-bisnis/dataconnect`\n"}}
[debug] [2026-05-15T11:07:42.653Z] E0515 18:07:42.652682   83597 watch.go:40] Failed to load config from "/Users/tius/Documents/Data Tius/Projeksi-bisnis/dataconnect": could not find dataconnect.yaml in `/Users/tius/Documents/Data Tius/Projeksi-bisnis/dataconnect`
 {"metadata":{"emulator":{"name":"dataconnect"},"message":"E0515 18:07:42.652682   83597 watch.go:40] Failed to load config from \"/Users/tius/Documents/Data Tius/Projeksi-bisnis/dataconnect\": could not find dataconnect.yaml in `/Users/tius/Documents/Data Tius/Projeksi-bisnis/dataconnect`\n"}}
[debug] [2026-05-15T11:07:52.646Z] E0515 18:07:52.646548   83597 watch.go:40] Failed to load config from "/Users/tius/Documents/Data Tius/Projeksi-bisnis/dataconnect": could not find dataconnect.yaml in `/Users/tius/Documents/Data Tius/Projeksi-bisnis/dataconnect`
 {"metadata":{"emulator":{"name":"dataconnect"},"message":"E0515 18:07:52.646548   83597 watch.go:40] Failed to load config from \"/Users/tius/Documents/Data Tius/Projeksi-bisnis/dataconnect\": could not find dataconnect.yaml in `/Users/tius/Documents/Data Tius/Projeksi-bisnis/dataconnect`\n"}}
[debug] [2026-05-15T11:08:02.735Z] E0515 18:08:02.735082   83597 watch.go:116] watchAllDir unable to walk dir `/Users/tius/Documents/Data Tius/Projeksi-bisnis/dataconnect`: lstat /Users/tius/Documents/Data Tius/Projeksi-bisnis/dataconnect: no such file or directory
E0515 18:08:02.735199   83597 watch.go:40] Failed to load config from "/Users/tius/Documents/Data Tius/Projeksi-bisnis/dataconnect": could not find dataconnect.yaml in `/Users/tius/Documents/Data Tius/Projeksi-bisnis/dataconnect`
 {"metadata":{"emulator":{"name":"dataconnect"},"message":"E0515 18:08:02.735082   83597 watch.go:116] watchAllDir unable to walk dir `/Users/tius/Documents/Data Tius/Projeksi-bisnis/dataconnect`: lstat /Users/tius/Documents/Data Tius/Projeksi-bisnis/dataconnect: no such file or directory\nE0515 18:08:02.735199   83597 watch.go:40] Failed to load config from \"/Users/tius/Documents/Data Tius/Projeksi-bisnis/dataconnect\": could not find dataconnect.yaml in `/Users/tius/Documents/Data Tius/Projeksi-bisnis/dataconnect`\n"}}
[debug] [2026-05-15T11:08:12.647Z] E0515 18:08:12.646781   83597 watch.go:40] Failed to load config from "/Users/tius/Documents/Data Tius/Projeksi-bisnis/dataconnect": could not find dataconnect.yaml in `/Users/tius/Documents/Data Tius/Projeksi-bisnis/dataconnect`
 {"metadata":{"emulator":{"name":"dataconnect"},"message":"E0515 18:08:12.646781   83597 watch.go:40] Failed to load config from \"/Users/tius/Documents/Data Tius/Projeksi-bisnis/dataconnect\": could not find dataconnect.yaml in `/Users/tius/Documents/Data Tius/Projeksi-bisnis/dataconnect`\n"}}
[debug] [2026-05-15T11:08:26.005Z] E0515 18:08:22.645283   83597 watch.go:40] Failed to load config from "/Users/tius/Documents/Data Tius/Projeksi-bisnis/dataconnect": could not find dataconnect.yaml in `/Users/tius/Documents/Data Tius/Projeksi-bisnis/dataconnect`
 {"metadata":{"emulator":{"name":"dataconnect"},"message":"E0515 18:08:22.645283   83597 watch.go:40] Failed to load config from \"/Users/tius/Documents/Data Tius/Projeksi-bisnis/dataconnect\": could not find dataconnect.yaml in `/Users/tius/Documents/Data Tius/Projeksi-bisnis/dataconnect`\n"}}
[debug] [2026-05-15T11:08:32.645Z] E0515 18:08:32.645747   83597 watch.go:40] Failed to load config from "/Users/tius/Documents/Data Tius/Projeksi-bisnis/dataconnect": could not find dataconnect.yaml in `/Users/tius/Documents/Data Tius/Projeksi-bisnis/dataconnect`
 {"metadata":{"emulator":{"name":"dataconnect"},"message":"E0515 18:08:32.645747   83597 watch.go:40] Failed to load config from \"/Users/tius/Documents/Data Tius/Projeksi-bisnis/dataconnect\": could not find dataconnect.yaml in `/Users/tius/Documents/Data Tius/Projeksi-bisnis/dataconnect`\n"}}
[debug] [2026-05-15T11:08:42.645Z] E0515 18:08:42.644884   83597 watch.go:40] Failed to load config from "/Users/tius/Documents/Data Tius/Projeksi-bisnis/dataconnect": could not find dataconnect.yaml in `/Users/tius/Documents/Data Tius/Projeksi-bisnis/dataconnect`
 {"metadata":{"emulator":{"name":"dataconnect"},"message":"E0515 18:08:42.644884   83597 watch.go:40] Failed to load config from \"/Users/tius/Documents/Data Tius/Projeksi-bisnis/dataconnect\": could not find dataconnect.yaml in `/Users/tius/Documents/Data Tius/Projeksi-bisnis/dataconnect`\n"}}
[debug] [2026-05-15T11:08:52.645Z] E0515 18:08:52.645431   83597 watch.go:40] Failed to load config from "/Users/tius/Documents/Data Tius/Projeksi-bisnis/dataconnect": could not find dataconnect.yaml in `/Users/tius/Documents/Data Tius/Projeksi-bisnis/dataconnect`
 {"metadata":{"emulator":{"name":"dataconnect"},"message":"E0515 18:08:52.645431   83597 watch.go:40] Failed to load config from \"/Users/tius/Documents/Data Tius/Projeksi-bisnis/dataconnect\": could not find dataconnect.yaml in `/Users/tius/Documents/Data Tius/Projeksi-bisnis/dataconnect`\n"}}
[debug] [2026-05-15T11:09:02.644Z] E0515 18:09:02.643950   83597 watch.go:116] watchAllDir unable to walk dir `/Users/tius/Documents/Data Tius/Projeksi-bisnis/dataconnect`: lstat /Users/tius/Documents/Data Tius/Projeksi-bisnis/dataconnect: no such file or directory
 {"metadata":{"emulator":{"name":"dataconnect"},"message":"E0515 18:09:02.643950   83597 watch.go:116] watchAllDir unable to walk dir `/Users/tius/Documents/Data Tius/Projeksi-bisnis/dataconnect`: lstat /Users/tius/Documents/Data Tius/Projeksi-bisnis/dataconnect: no such file or directory\n"}}
[debug] [2026-05-15T11:09:02.645Z] E0515 18:09:02.644174   83597 watch.go:40] Failed to load config from "/Users/tius/Documents/Data Tius/Projeksi-bisnis/dataconnect": could not find dataconnect.yaml in `/Users/tius/Documents/Data Tius/Projeksi-bisnis/dataconnect`
 {"metadata":{"emulator":{"name":"dataconnect"},"message":"E0515 18:09:02.644174   83597 watch.go:40] Failed to load config from \"/Users/tius/Documents/Data Tius/Projeksi-bisnis/dataconnect\": could not find dataconnect.yaml in `/Users/tius/Documents/Data Tius/Projeksi-bisnis/dataconnect`\n"}}
[debug] [2026-05-15T11:09:12.645Z] E0515 18:09:12.644761   83597 watch.go:40] Failed to load config from "/Users/tius/Documents/Data Tius/Projeksi-bisnis/dataconnect": could not find dataconnect.yaml in `/Users/tius/Documents/Data Tius/Projeksi-bisnis/dataconnect`
 {"metadata":{"emulator":{"name":"dataconnect"},"message":"E0515 18:09:12.644761   83597 watch.go:40] Failed to load config from \"/Users/tius/Documents/Data Tius/Projeksi-bisnis/dataconnect\": could not find dataconnect.yaml in `/Users/tius/Documents/Data Tius/Projeksi-bisnis/dataconnect`\n"}}
[debug] [2026-05-15T11:09:22.644Z] E0515 18:09:22.644506   83597 watch.go:40] Failed to load config from "/Users/tius/Documents/Data Tius/Projeksi-bisnis/dataconnect": could not find dataconnect.yaml in `/Users/tius/Documents/Data Tius/Projeksi-bisnis/dataconnect`
 {"metadata":{"emulator":{"name":"dataconnect"},"message":"E0515 18:09:22.644506   83597 watch.go:40] Failed to load config from \"/Users/tius/Documents/Data Tius/Projeksi-bisnis/dataconnect\": could not find dataconnect.yaml in `/Users/tius/Documents/Data Tius/Projeksi-bisnis/dataconnect`\n"}}
[debug] [2026-05-15T11:09:32.645Z] E0515 18:09:32.644088   83597 watch.go:40] Failed to load config from "/Users/tius/Documents/Data Tius/Projeksi-bisnis/dataconnect": could not find dataconnect.yaml in `/Users/tius/Documents/Data Tius/Projeksi-bisnis/dataconnect`
 {"metadata":{"emulator":{"name":"dataconnect"},"message":"E0515 18:09:32.644088   83597 watch.go:40] Failed to load config from \"/Users/tius/Documents/Data Tius/Projeksi-bisnis/dataconnect\": could not find dataconnect.yaml in `/Users/tius/Documents/Data Tius/Projeksi-bisnis/dataconnect`\n"}}
[debug] [2026-05-15T11:09:42.644Z] E0515 18:09:42.643931   83597 watch.go:40] Failed to load config from "/Users/tius/Documents/Data Tius/Projeksi-bisnis/dataconnect": could not find dataconnect.yaml in `/Users/tius/Documents/Data Tius/Projeksi-bisnis/dataconnect`
 {"metadata":{"emulator":{"name":"dataconnect"},"message":"E0515 18:09:42.643931   83597 watch.go:40] Failed to load config from \"/Users/tius/Documents/Data Tius/Projeksi-bisnis/dataconnect\": could not find dataconnect.yaml in `/Users/tius/Documents/Data Tius/Projeksi-bisnis/dataconnect`\n"}}
[debug] [2026-05-15T11:09:52.648Z] E0515 18:09:52.647820   83597 watch.go:40] Failed to load config from "/Users/tius/Documents/Data Tius/Projeksi-bisnis/dataconnect": could not find dataconnect.yaml in `/Users/tius/Documents/Data Tius/Projeksi-bisnis/dataconnect`
 {"metadata":{"emulator":{"name":"dataconnect"},"message":"E0515 18:09:52.647820   83597 watch.go:40] Failed to load config from \"/Users/tius/Documents/Data Tius/Projeksi-bisnis/dataconnect\": could not find dataconnect.yaml in `/Users/tius/Documents/Data Tius/Projeksi-bisnis/dataconnect`\n"}}
[debug] [2026-05-15T11:10:02.643Z] E0515 18:10:02.643066   83597 watch.go:116] watchAllDir unable to walk dir `/Users/tius/Documents/Data Tius/Projeksi-bisnis/dataconnect`: lstat /Users/tius/Documents/Data Tius/Projeksi-bisnis/dataconnect: no such file or directory
E0515 18:10:02.643263   83597 watch.go:40] Failed to load config from "/Users/tius/Documents/Data Tius/Projeksi-bisnis/dataconnect": could not find dataconnect.yaml in `/Users/tius/Documents/Data Tius/Projeksi-bisnis/dataconnect`
 {"metadata":{"emulator":{"name":"dataconnect"},"message":"E0515 18:10:02.643066   83597 watch.go:116] watchAllDir unable to walk dir `/Users/tius/Documents/Data Tius/Projeksi-bisnis/dataconnect`: lstat /Users/tius/Documents/Data Tius/Projeksi-bisnis/dataconnect: no such file or directory\nE0515 18:10:02.643263   83597 watch.go:40] Failed to load config from \"/Users/tius/Documents/Data Tius/Projeksi-bisnis/dataconnect\": could not find dataconnect.yaml in `/Users/tius/Documents/Data Tius/Projeksi-bisnis/dataconnect`\n"}}
[debug] [2026-05-15T11:10:12.643Z] E0515 18:10:12.642867   83597 watch.go:40] Failed to load config from "/Users/tius/Documents/Data Tius/Projeksi-bisnis/dataconnect": could not find dataconnect.yaml in `/Users/tius/Documents/Data Tius/Projeksi-bisnis/dataconnect`
 {"metadata":{"emulator":{"name":"dataconnect"},"message":"E0515 18:10:12.642867   83597 watch.go:40] Failed to load config from \"/Users/tius/Documents/Data Tius/Projeksi-bisnis/dataconnect\": could not find dataconnect.yaml in `/Users/tius/Documents/Data Tius/Projeksi-bisnis/dataconnect`\n"}}
[debug] [2026-05-15T11:10:22.642Z] E0515 18:10:22.642513   83597 watch.go:40] Failed to load config from "/Users/tius/Documents/Data Tius/Projeksi-bisnis/dataconnect": could not find dataconnect.yaml in `/Users/tius/Documents/Data Tius/Projeksi-bisnis/dataconnect`
 {"metadata":{"emulator":{"name":"dataconnect"},"message":"E0515 18:10:22.642513   83597 watch.go:40] Failed to load config from \"/Users/tius/Documents/Data Tius/Projeksi-bisnis/dataconnect\": could not find dataconnect.yaml in `/Users/tius/Documents/Data Tius/Projeksi-bisnis/dataconnect`\n"}}
[debug] [2026-05-15T11:10:32.648Z] E0515 18:10:32.646992   83597 watch.go:40] Failed to load config from "/Users/tius/Documents/Data Tius/Projeksi-bisnis/dataconnect": could not find dataconnect.yaml in `/Users/tius/Documents/Data Tius/Projeksi-bisnis/dataconnect`
 {"metadata":{"emulator":{"name":"dataconnect"},"message":"E0515 18:10:32.646992   83597 watch.go:40] Failed to load config from \"/Users/tius/Documents/Data Tius/Projeksi-bisnis/dataconnect\": could not find dataconnect.yaml in `/Users/tius/Documents/Data Tius/Projeksi-bisnis/dataconnect`\n"}}
[debug] [2026-05-15T11:10:42.642Z] E0515 18:10:42.641992   83597 watch.go:40] Failed to load config from "/Users/tius/Documents/Data Tius/Projeksi-bisnis/dataconnect": could not find dataconnect.yaml in `/Users/tius/Documents/Data Tius/Projeksi-bisnis/dataconnect`
 {"metadata":{"emulator":{"name":"dataconnect"},"message":"E0515 18:10:42.641992   83597 watch.go:40] Failed to load config from \"/Users/tius/Documents/Data Tius/Projeksi-bisnis/dataconnect\": could not find dataconnect.yaml in `/Users/tius/Documents/Data Tius/Projeksi-bisnis/dataconnect`\n"}}
[debug] [2026-05-15T11:10:52.641Z] E0515 18:10:52.641604   83597 watch.go:40] Failed to load config from "/Users/tius/Documents/Data Tius/Projeksi-bisnis/dataconnect": could not find dataconnect.yaml in `/Users/tius/Documents/Data Tius/Projeksi-bisnis/dataconnect`
 {"metadata":{"emulator":{"name":"dataconnect"},"message":"E0515 18:10:52.641604   83597 watch.go:40] Failed to load config from \"/Users/tius/Documents/Data Tius/Projeksi-bisnis/dataconnect\": could not find dataconnect.yaml in `/Users/tius/Documents/Data Tius/Projeksi-bisnis/dataconnect`\n"}}
[debug] [2026-05-15T11:11:02.641Z] E0515 18:11:02.641348   83597 watch.go:40] Failed to load config from "/Users/tius/Documents/Data Tius/Projeksi-bisnis/dataconnect": could not find dataconnect.yaml in `/Users/tius/Documents/Data Tius/Projeksi-bisnis/dataconnect`
E0515 18:11:02.641244   83597 watch.go:116] watchAllDir unable to walk dir `/Users/tius/Documents/Data Tius/Projeksi-bisnis/dataconnect`: lstat /Users/tius/Documents/Data Tius/Projeksi-bisnis/dataconnect: no such file or directory
 {"metadata":{"emulator":{"name":"dataconnect"},"message":"E0515 18:11:02.641348   83597 watch.go:40] Failed to load config from \"/Users/tius/Documents/Data Tius/Projeksi-bisnis/dataconnect\": could not find dataconnect.yaml in `/Users/tius/Documents/Data Tius/Projeksi-bisnis/dataconnect`\nE0515 18:11:02.641244   83597 watch.go:116] watchAllDir unable to walk dir `/Users/tius/Documents/Data Tius/Projeksi-bisnis/dataconnect`: lstat /Users/tius/Documents/Data Tius/Projeksi-bisnis/dataconnect: no such file or directory\n"}}
[debug] [2026-05-15T11:11:12.644Z] E0515 18:11:12.643863   83597 watch.go:40] Failed to load config from "/Users/tius/Documents/Data Tius/Projeksi-bisnis/dataconnect": could not find dataconnect.yaml in `/Users/tius/Documents/Data Tius/Projeksi-bisnis/dataconnect`
 {"metadata":{"emulator":{"name":"dataconnect"},"message":"E0515 18:11:12.643863   83597 watch.go:40] Failed to load config from \"/Users/tius/Documents/Data Tius/Projeksi-bisnis/dataconnect\": could not find dataconnect.yaml in `/Users/tius/Documents/Data Tius/Projeksi-bisnis/dataconnect`\n"}}
[debug] [2026-05-15T11:11:22.641Z] E0515 18:11:22.640862   83597 watch.go:40] Failed to load config from "/Users/tius/Documents/Data Tius/Projeksi-bisnis/dataconnect": could not find dataconnect.yaml in `/Users/tius/Documents/Data Tius/Projeksi-bisnis/dataconnect`
 {"metadata":{"emulator":{"name":"dataconnect"},"message":"E0515 18:11:22.640862   83597 watch.go:40] Failed to load config from \"/Users/tius/Documents/Data Tius/Projeksi-bisnis/dataconnect\": could not find dataconnect.yaml in `/Users/tius/Documents/Data Tius/Projeksi-bisnis/dataconnect`\n"}}
[debug] [2026-05-15T11:11:32.640Z] E0515 18:11:32.639844   83597 watch.go:40] Failed to load config from "/Users/tius/Documents/Data Tius/Projeksi-bisnis/dataconnect": could not find dataconnect.yaml in `/Users/tius/Documents/Data Tius/Projeksi-bisnis/dataconnect`
 {"metadata":{"emulator":{"name":"dataconnect"},"message":"E0515 18:11:32.639844   83597 watch.go:40] Failed to load config from \"/Users/tius/Documents/Data Tius/Projeksi-bisnis/dataconnect\": could not find dataconnect.yaml in `/Users/tius/Documents/Data Tius/Projeksi-bisnis/dataconnect`\n"}}
[debug] [2026-05-15T11:11:42.640Z] E0515 18:11:42.640229   83597 watch.go:40] Failed to load config from "/Users/tius/Documents/Data Tius/Projeksi-bisnis/dataconnect": could not find dataconnect.yaml in `/Users/tius/Documents/Data Tius/Projeksi-bisnis/dataconnect`
 {"metadata":{"emulator":{"name":"dataconnect"},"message":"E0515 18:11:42.640229   83597 watch.go:40] Failed to load config from \"/Users/tius/Documents/Data Tius/Projeksi-bisnis/dataconnect\": could not find dataconnect.yaml in `/Users/tius/Documents/Data Tius/Projeksi-bisnis/dataconnect`\n"}}
[debug] [2026-05-15T11:11:52.651Z] E0515 18:11:52.648251   83597 watch.go:40] Failed to load config from "/Users/tius/Documents/Data Tius/Projeksi-bisnis/dataconnect": could not find dataconnect.yaml in `/Users/tius/Documents/Data Tius/Projeksi-bisnis/dataconnect`
 {"metadata":{"emulator":{"name":"dataconnect"},"message":"E0515 18:11:52.648251   83597 watch.go:40] Failed to load config from \"/Users/tius/Documents/Data Tius/Projeksi-bisnis/dataconnect\": could not find dataconnect.yaml in `/Users/tius/Documents/Data Tius/Projeksi-bisnis/dataconnect`\n"}}
[debug] [2026-05-15T11:12:02.642Z] E0515 18:12:02.641771   83597 watch.go:116] watchAllDir unable to walk dir `/Users/tius/Documents/Data Tius/Projeksi-bisnis/dataconnect`: lstat /Users/tius/Documents/Data Tius/Projeksi-bisnis/dataconnect: no such file or directory
E0515 18:12:02.641824   83597 watch.go:40] Failed to load config from "/Users/tius/Documents/Data Tius/Projeksi-bisnis/dataconnect": could not find dataconnect.yaml in `/Users/tius/Documents/Data Tius/Projeksi-bisnis/dataconnect`
 {"metadata":{"emulator":{"name":"dataconnect"},"message":"E0515 18:12:02.641771   83597 watch.go:116] watchAllDir unable to walk dir `/Users/tius/Documents/Data Tius/Projeksi-bisnis/dataconnect`: lstat /Users/tius/Documents/Data Tius/Projeksi-bisnis/dataconnect: no such file or directory\nE0515 18:12:02.641824   83597 watch.go:40] Failed to load config from \"/Users/tius/Documents/Data Tius/Projeksi-bisnis/dataconnect\": could not find dataconnect.yaml in `/Users/tius/Documents/Data Tius/Projeksi-bisnis/dataconnect`\n"}}
[debug] [2026-05-15T11:12:12.650Z] E0515 18:12:12.649805   83597 watch.go:40] Failed to load config from "/Users/tius/Documents/Data Tius/Projeksi-bisnis/dataconnect": could not find dataconnect.yaml in `/Users/tius/Documents/Data Tius/Projeksi-bisnis/dataconnect`
 {"metadata":{"emulator":{"name":"dataconnect"},"message":"E0515 18:12:12.649805   83597 watch.go:40] Failed to load config from \"/Users/tius/Documents/Data Tius/Projeksi-bisnis/dataconnect\": could not find dataconnect.yaml in `/Users/tius/Documents/Data Tius/Projeksi-bisnis/dataconnect`\n"}}
[debug] [2026-05-15T11:12:22.638Z] E0515 18:12:22.637881   83597 watch.go:40] Failed to load config from "/Users/tius/Documents/Data Tius/Projeksi-bisnis/dataconnect": could not find dataconnect.yaml in `/Users/tius/Documents/Data Tius/Projeksi-bisnis/dataconnect`
 {"metadata":{"emulator":{"name":"dataconnect"},"message":"E0515 18:12:22.637881   83597 watch.go:40] Failed to load config from \"/Users/tius/Documents/Data Tius/Projeksi-bisnis/dataconnect\": could not find dataconnect.yaml in `/Users/tius/Documents/Data Tius/Projeksi-bisnis/dataconnect`\n"}}
[debug] [2026-05-15T11:12:32.638Z] E0515 18:12:32.638518   83597 watch.go:40] Failed to load config from "/Users/tius/Documents/Data Tius/Projeksi-bisnis/dataconnect": could not find dataconnect.yaml in `/Users/tius/Documents/Data Tius/Projeksi-bisnis/dataconnect`
 {"metadata":{"emulator":{"name":"dataconnect"},"message":"E0515 18:12:32.638518   83597 watch.go:40] Failed to load config from \"/Users/tius/Documents/Data Tius/Projeksi-bisnis/dataconnect\": could not find dataconnect.yaml in `/Users/tius/Documents/Data Tius/Projeksi-bisnis/dataconnect`\n"}}
[debug] [2026-05-15T11:12:42.639Z] E0515 18:12:42.639435   83597 watch.go:40] Failed to load config from "/Users/tius/Documents/Data Tius/Projeksi-bisnis/dataconnect": could not find dataconnect.yaml in `/Users/tius/Documents/Data Tius/Projeksi-bisnis/dataconnect`
 {"metadata":{"emulator":{"name":"dataconnect"},"message":"E0515 18:12:42.639435   83597 watch.go:40] Failed to load config from \"/Users/tius/Documents/Data Tius/Projeksi-bisnis/dataconnect\": could not find dataconnect.yaml in `/Users/tius/Documents/Data Tius/Projeksi-bisnis/dataconnect`\n"}}
[debug] [2026-05-15T11:12:52.639Z] E0515 18:12:52.639738   83597 watch.go:40] Failed to load config from "/Users/tius/Documents/Data Tius/Projeksi-bisnis/dataconnect": could not find dataconnect.yaml in `/Users/tius/Documents/Data Tius/Projeksi-bisnis/dataconnect`
 {"metadata":{"emulator":{"name":"dataconnect"},"message":"E0515 18:12:52.639738   83597 watch.go:40] Failed to load config from \"/Users/tius/Documents/Data Tius/Projeksi-bisnis/dataconnect\": could not find dataconnect.yaml in `/Users/tius/Documents/Data Tius/Projeksi-bisnis/dataconnect`\n"}}
[debug] [2026-05-15T11:13:02.638Z] E0515 18:13:02.637727   83597 watch.go:40] Failed to load config from "/Users/tius/Documents/Data Tius/Projeksi-bisnis/dataconnect": could not find dataconnect.yaml in `/Users/tius/Documents/Data Tius/Projeksi-bisnis/dataconnect`
E0515 18:13:02.637575   83597 watch.go:116] watchAllDir unable to walk dir `/Users/tius/Documents/Data Tius/Projeksi-bisnis/dataconnect`: lstat /Users/tius/Documents/Data Tius/Projeksi-bisnis/dataconnect: no such file or directory
 {"metadata":{"emulator":{"name":"dataconnect"},"message":"E0515 18:13:02.637727   83597 watch.go:40] Failed to load config from \"/Users/tius/Documents/Data Tius/Projeksi-bisnis/dataconnect\": could not find dataconnect.yaml in `/Users/tius/Documents/Data Tius/Projeksi-bisnis/dataconnect`\nE0515 18:13:02.637575   83597 watch.go:116] watchAllDir unable to walk dir `/Users/tius/Documents/Data Tius/Projeksi-bisnis/dataconnect`: lstat /Users/tius/Documents/Data Tius/Projeksi-bisnis/dataconnect: no such file or directory\n"}}
[debug] [2026-05-15T11:13:12.637Z] E0515 18:13:12.637377   83597 watch.go:40] Failed to load config from "/Users/tius/Documents/Data Tius/Projeksi-bisnis/dataconnect": could not find dataconnect.yaml in `/Users/tius/Documents/Data Tius/Projeksi-bisnis/dataconnect`
 {"metadata":{"emulator":{"name":"dataconnect"},"message":"E0515 18:13:12.637377   83597 watch.go:40] Failed to load config from \"/Users/tius/Documents/Data Tius/Projeksi-bisnis/dataconnect\": could not find dataconnect.yaml in `/Users/tius/Documents/Data Tius/Projeksi-bisnis/dataconnect`\n"}}
[debug] [2026-05-15T11:13:22.637Z] E0515 18:13:22.637659   83597 watch.go:40] Failed to load config from "/Users/tius/Documents/Data Tius/Projeksi-bisnis/dataconnect": could not find dataconnect.yaml in `/Users/tius/Documents/Data Tius/Projeksi-bisnis/dataconnect`
 {"metadata":{"emulator":{"name":"dataconnect"},"message":"E0515 18:13:22.637659   83597 watch.go:40] Failed to load config from \"/Users/tius/Documents/Data Tius/Projeksi-bisnis/dataconnect\": could not find dataconnect.yaml in `/Users/tius/Documents/Data Tius/Projeksi-bisnis/dataconnect`\n"}}
[debug] [2026-05-15T11:13:32.639Z] E0515 18:13:32.638794   83597 watch.go:40] Failed to load config from "/Users/tius/Documents/Data Tius/Projeksi-bisnis/dataconnect": could not find dataconnect.yaml in `/Users/tius/Documents/Data Tius/Projeksi-bisnis/dataconnect`
 {"metadata":{"emulator":{"name":"dataconnect"},"message":"E0515 18:13:32.638794   83597 watch.go:40] Failed to load config from \"/Users/tius/Documents/Data Tius/Projeksi-bisnis/dataconnect\": could not find dataconnect.yaml in `/Users/tius/Documents/Data Tius/Projeksi-bisnis/dataconnect`\n"}}
[debug] [2026-05-15T11:13:42.639Z] E0515 18:13:42.638902   83597 watch.go:40] Failed to load config from "/Users/tius/Documents/Data Tius/Projeksi-bisnis/dataconnect": could not find dataconnect.yaml in `/Users/tius/Documents/Data Tius/Projeksi-bisnis/dataconnect`
 {"metadata":{"emulator":{"name":"dataconnect"},"message":"E0515 18:13:42.638902   83597 watch.go:40] Failed to load config from \"/Users/tius/Documents/Data Tius/Projeksi-bisnis/dataconnect\": could not find dataconnect.yaml in `/Users/tius/Documents/Data Tius/Projeksi-bisnis/dataconnect`\n"}}
[debug] [2026-05-15T11:13:52.637Z] E0515 18:13:52.637299   83597 watch.go:40] Failed to load config from "/Users/tius/Documents/Data Tius/Projeksi-bisnis/dataconnect": could not find dataconnect.yaml in `/Users/tius/Documents/Data Tius/Projeksi-bisnis/dataconnect`
 {"metadata":{"emulator":{"name":"dataconnect"},"message":"E0515 18:13:52.637299   83597 watch.go:40] Failed to load config from \"/Users/tius/Documents/Data Tius/Projeksi-bisnis/dataconnect\": could not find dataconnect.yaml in `/Users/tius/Documents/Data Tius/Projeksi-bisnis/dataconnect`\n"}}
[debug] [2026-05-15T11:14:02.637Z] E0515 18:14:02.636676   83597 watch.go:116] watchAllDir unable to walk dir `/Users/tius/Documents/Data Tius/Projeksi-bisnis/dataconnect`: lstat /Users/tius/Documents/Data Tius/Projeksi-bisnis/dataconnect: no such file or directory
E0515 18:14:02.636906   83597 watch.go:40] Failed to load config from "/Users/tius/Documents/Data Tius/Projeksi-bisnis/dataconnect": could not find dataconnect.yaml in `/Users/tius/Documents/Data Tius/Projeksi-bisnis/dataconnect`
 {"metadata":{"emulator":{"name":"dataconnect"},"message":"E0515 18:14:02.636676   83597 watch.go:116] watchAllDir unable to walk dir `/Users/tius/Documents/Data Tius/Projeksi-bisnis/dataconnect`: lstat /Users/tius/Documents/Data Tius/Projeksi-bisnis/dataconnect: no such file or directory\nE0515 18:14:02.636906   83597 watch.go:40] Failed to load config from \"/Users/tius/Documents/Data Tius/Projeksi-bisnis/dataconnect\": could not find dataconnect.yaml in `/Users/tius/Documents/Data Tius/Projeksi-bisnis/dataconnect`\n"}}
[debug] [2026-05-15T11:14:12.638Z] E0515 18:14:12.637870   83597 watch.go:40] Failed to load config from "/Users/tius/Documents/Data Tius/Projeksi-bisnis/dataconnect": could not find dataconnect.yaml in `/Users/tius/Documents/Data Tius/Projeksi-bisnis/dataconnect`
 {"metadata":{"emulator":{"name":"dataconnect"},"message":"E0515 18:14:12.637870   83597 watch.go:40] Failed to load config from \"/Users/tius/Documents/Data Tius/Projeksi-bisnis/dataconnect\": could not find dataconnect.yaml in `/Users/tius/Documents/Data Tius/Projeksi-bisnis/dataconnect`\n"}}
[debug] [2026-05-15T11:14:22.636Z] E0515 18:14:22.636224   83597 watch.go:40] Failed to load config from "/Users/tius/Documents/Data Tius/Projeksi-bisnis/dataconnect": could not find dataconnect.yaml in `/Users/tius/Documents/Data Tius/Projeksi-bisnis/dataconnect`
 {"metadata":{"emulator":{"name":"dataconnect"},"message":"E0515 18:14:22.636224   83597 watch.go:40] Failed to load config from \"/Users/tius/Documents/Data Tius/Projeksi-bisnis/dataconnect\": could not find dataconnect.yaml in `/Users/tius/Documents/Data Tius/Projeksi-bisnis/dataconnect`\n"}}
[debug] [2026-05-15T11:14:32.636Z] E0515 18:14:32.635961   83597 watch.go:40] Failed to load config from "/Users/tius/Documents/Data Tius/Projeksi-bisnis/dataconnect": could not find dataconnect.yaml in `/Users/tius/Documents/Data Tius/Projeksi-bisnis/dataconnect`
 {"metadata":{"emulator":{"name":"dataconnect"},"message":"E0515 18:14:32.635961   83597 watch.go:40] Failed to load config from \"/Users/tius/Documents/Data Tius/Projeksi-bisnis/dataconnect\": could not find dataconnect.yaml in `/Users/tius/Documents/Data Tius/Projeksi-bisnis/dataconnect`\n"}}
[debug] [2026-05-15T11:14:44.193Z] E0515 18:14:42.635570   83597 watch.go:40] Failed to load config from "/Users/tius/Documents/Data Tius/Projeksi-bisnis/dataconnect": could not find dataconnect.yaml in `/Users/tius/Documents/Data Tius/Projeksi-bisnis/dataconnect`
 {"metadata":{"emulator":{"name":"dataconnect"},"message":"E0515 18:14:42.635570   83597 watch.go:40] Failed to load config from \"/Users/tius/Documents/Data Tius/Projeksi-bisnis/dataconnect\": could not find dataconnect.yaml in `/Users/tius/Documents/Data Tius/Projeksi-bisnis/dataconnect`\n"}}
[debug] [2026-05-15T11:14:52.637Z] E0515 18:14:52.636742   83597 watch.go:40] Failed to load config from "/Users/tius/Documents/Data Tius/Projeksi-bisnis/dataconnect": could not find dataconnect.yaml in `/Users/tius/Documents/Data Tius/Projeksi-bisnis/dataconnect`
 {"metadata":{"emulator":{"name":"dataconnect"},"message":"E0515 18:14:52.636742   83597 watch.go:40] Failed to load config from \"/Users/tius/Documents/Data Tius/Projeksi-bisnis/dataconnect\": could not find dataconnect.yaml in `/Users/tius/Documents/Data Tius/Projeksi-bisnis/dataconnect`\n"}}
[debug] [2026-05-15T11:15:02.633Z] E0515 18:15:02.633534   83597 watch.go:116] watchAllDir unable to walk dir `/Users/tius/Documents/Data Tius/Projeksi-bisnis/dataconnect`: lstat /Users/tius/Documents/Data Tius/Projeksi-bisnis/dataconnect: no such file or directory
 {"metadata":{"emulator":{"name":"dataconnect"},"message":"E0515 18:15:02.633534   83597 watch.go:116] watchAllDir unable to walk dir `/Users/tius/Documents/Data Tius/Projeksi-bisnis/dataconnect`: lstat /Users/tius/Documents/Data Tius/Projeksi-bisnis/dataconnect: no such file or directory\n"}}
[debug] [2026-05-15T11:15:02.637Z] E0515 18:15:02.633638   83597 watch.go:40] Failed to load config from "/Users/tius/Documents/Data Tius/Projeksi-bisnis/dataconnect": could not find dataconnect.yaml in `/Users/tius/Documents/Data Tius/Projeksi-bisnis/dataconnect`
 {"metadata":{"emulator":{"name":"dataconnect"},"message":"E0515 18:15:02.633638   83597 watch.go:40] Failed to load config from \"/Users/tius/Documents/Data Tius/Projeksi-bisnis/dataconnect\": could not find dataconnect.yaml in `/Users/tius/Documents/Data Tius/Projeksi-bisnis/dataconnect`\n"}}
[debug] [2026-05-15T11:15:12.637Z] E0515 18:15:12.637583   83597 watch.go:40] Failed to load config from "/Users/tius/Documents/Data Tius/Projeksi-bisnis/dataconnect": could not find dataconnect.yaml in `/Users/tius/Documents/Data Tius/Projeksi-bisnis/dataconnect`
 {"metadata":{"emulator":{"name":"dataconnect"},"message":"E0515 18:15:12.637583   83597 watch.go:40] Failed to load config from \"/Users/tius/Documents/Data Tius/Projeksi-bisnis/dataconnect\": could not find dataconnect.yaml in `/Users/tius/Documents/Data Tius/Projeksi-bisnis/dataconnect`\n"}}
[debug] [2026-05-15T11:15:22.759Z] E0515 18:15:22.758902   83597 watch.go:40] Failed to load config from "/Users/tius/Documents/Data Tius/Projeksi-bisnis/dataconnect": could not find dataconnect.yaml in `/Users/tius/Documents/Data Tius/Projeksi-bisnis/dataconnect`
 {"metadata":{"emulator":{"name":"dataconnect"},"message":"E0515 18:15:22.758902   83597 watch.go:40] Failed to load config from \"/Users/tius/Documents/Data Tius/Projeksi-bisnis/dataconnect\": could not find dataconnect.yaml in `/Users/tius/Documents/Data Tius/Projeksi-bisnis/dataconnect`\n"}}
[debug] [2026-05-15T11:15:32.760Z] E0515 18:15:32.759945   83597 watch.go:40] Failed to load config from "/Users/tius/Documents/Data Tius/Projeksi-bisnis/dataconnect": could not find dataconnect.yaml in `/Users/tius/Documents/Data Tius/Projeksi-bisnis/dataconnect`
 {"metadata":{"emulator":{"name":"dataconnect"},"message":"E0515 18:15:32.759945   83597 watch.go:40] Failed to load config from \"/Users/tius/Documents/Data Tius/Projeksi-bisnis/dataconnect\": could not find dataconnect.yaml in `/Users/tius/Documents/Data Tius/Projeksi-bisnis/dataconnect`\n"}}
[debug] [2026-05-15T11:15:42.780Z] E0515 18:15:42.771994   83597 watch.go:40] Failed to load config from "/Users/tius/Documents/Data Tius/Projeksi-bisnis/dataconnect": could not find dataconnect.yaml in `/Users/tius/Documents/Data Tius/Projeksi-bisnis/dataconnect`
 {"metadata":{"emulator":{"name":"dataconnect"},"message":"E0515 18:15:42.771994   83597 watch.go:40] Failed to load config from \"/Users/tius/Documents/Data Tius/Projeksi-bisnis/dataconnect\": could not find dataconnect.yaml in `/Users/tius/Documents/Data Tius/Projeksi-bisnis/dataconnect`\n"}}
[debug] [2026-05-15T11:15:52.762Z] E0515 18:15:52.761870   83597 watch.go:40] Failed to load config from "/Users/tius/Documents/Data Tius/Projeksi-bisnis/dataconnect": could not find dataconnect.yaml in `/Users/tius/Documents/Data Tius/Projeksi-bisnis/dataconnect`
 {"metadata":{"emulator":{"name":"dataconnect"},"message":"E0515 18:15:52.761870   83597 watch.go:40] Failed to load config from \"/Users/tius/Documents/Data Tius/Projeksi-bisnis/dataconnect\": could not find dataconnect.yaml in `/Users/tius/Documents/Data Tius/Projeksi-bisnis/dataconnect`\n"}}
[debug] [2026-05-15T11:16:02.760Z] E0515 18:16:02.759852   83597 watch.go:116] watchAllDir unable to walk dir `/Users/tius/Documents/Data Tius/Projeksi-bisnis/dataconnect`: lstat /Users/tius/Documents/Data Tius/Projeksi-bisnis/dataconnect: no such file or directory
E0515 18:16:02.759865   83597 watch.go:40] Failed to load config from "/Users/tius/Documents/Data Tius/Projeksi-bisnis/dataconnect": could not find dataconnect.yaml in `/Users/tius/Documents/Data Tius/Projeksi-bisnis/dataconnect`
 {"metadata":{"emulator":{"name":"dataconnect"},"message":"E0515 18:16:02.759852   83597 watch.go:116] watchAllDir unable to walk dir `/Users/tius/Documents/Data Tius/Projeksi-bisnis/dataconnect`: lstat /Users/tius/Documents/Data Tius/Projeksi-bisnis/dataconnect: no such file or directory\nE0515 18:16:02.759865   83597 watch.go:40] Failed to load config from \"/Users/tius/Documents/Data Tius/Projeksi-bisnis/dataconnect\": could not find dataconnect.yaml in `/Users/tius/Documents/Data Tius/Projeksi-bisnis/dataconnect`\n"}}
[debug] [2026-05-15T11:16:12.758Z] E0515 18:16:12.757706   83597 watch.go:40] Failed to load config from "/Users/tius/Documents/Data Tius/Projeksi-bisnis/dataconnect": could not find dataconnect.yaml in `/Users/tius/Documents/Data Tius/Projeksi-bisnis/dataconnect`
 {"metadata":{"emulator":{"name":"dataconnect"},"message":"E0515 18:16:12.757706   83597 watch.go:40] Failed to load config from \"/Users/tius/Documents/Data Tius/Projeksi-bisnis/dataconnect\": could not find dataconnect.yaml in `/Users/tius/Documents/Data Tius/Projeksi-bisnis/dataconnect`\n"}}
[debug] [2026-05-15T11:16:22.759Z] E0515 18:16:22.759314   83597 watch.go:40] Failed to load config from "/Users/tius/Documents/Data Tius/Projeksi-bisnis/dataconnect": could not find dataconnect.yaml in `/Users/tius/Documents/Data Tius/Projeksi-bisnis/dataconnect`
 {"metadata":{"emulator":{"name":"dataconnect"},"message":"E0515 18:16:22.759314   83597 watch.go:40] Failed to load config from \"/Users/tius/Documents/Data Tius/Projeksi-bisnis/dataconnect\": could not find dataconnect.yaml in `/Users/tius/Documents/Data Tius/Projeksi-bisnis/dataconnect`\n"}}
[debug] [2026-05-15T11:16:32.759Z] E0515 18:16:32.759263   83597 watch.go:40] Failed to load config from "/Users/tius/Documents/Data Tius/Projeksi-bisnis/dataconnect": could not find dataconnect.yaml in `/Users/tius/Documents/Data Tius/Projeksi-bisnis/dataconnect`
 {"metadata":{"emulator":{"name":"dataconnect"},"message":"E0515 18:16:32.759263   83597 watch.go:40] Failed to load config from \"/Users/tius/Documents/Data Tius/Projeksi-bisnis/dataconnect\": could not find dataconnect.yaml in `/Users/tius/Documents/Data Tius/Projeksi-bisnis/dataconnect`\n"}}
[debug] [2026-05-15T11:16:42.827Z] E0515 18:16:42.762593   83597 watch.go:40] Failed to load config from "/Users/tius/Documents/Data Tius/Projeksi-bisnis/dataconnect": could not find dataconnect.yaml in `/Users/tius/Documents/Data Tius/Projeksi-bisnis/dataconnect`
 {"metadata":{"emulator":{"name":"dataconnect"},"message":"E0515 18:16:42.762593   83597 watch.go:40] Failed to load config from \"/Users/tius/Documents/Data Tius/Projeksi-bisnis/dataconnect\": could not find dataconnect.yaml in `/Users/tius/Documents/Data Tius/Projeksi-bisnis/dataconnect`\n"}}
[debug] [2026-05-15T11:16:52.758Z] E0515 18:16:52.758158   83597 watch.go:40] Failed to load config from "/Users/tius/Documents/Data Tius/Projeksi-bisnis/dataconnect": could not find dataconnect.yaml in `/Users/tius/Documents/Data Tius/Projeksi-bisnis/dataconnect`
 {"metadata":{"emulator":{"name":"dataconnect"},"message":"E0515 18:16:52.758158   83597 watch.go:40] Failed to load config from \"/Users/tius/Documents/Data Tius/Projeksi-bisnis/dataconnect\": could not find dataconnect.yaml in `/Users/tius/Documents/Data Tius/Projeksi-bisnis/dataconnect`\n"}}
[debug] [2026-05-15T11:17:02.756Z] E0515 18:17:02.756511   83597 watch.go:116] watchAllDir unable to walk dir `/Users/tius/Documents/Data Tius/Projeksi-bisnis/dataconnect`: lstat /Users/tius/Documents/Data Tius/Projeksi-bisnis/dataconnect: no such file or directory
 {"metadata":{"emulator":{"name":"dataconnect"},"message":"E0515 18:17:02.756511   83597 watch.go:116] watchAllDir unable to walk dir `/Users/tius/Documents/Data Tius/Projeksi-bisnis/dataconnect`: lstat /Users/tius/Documents/Data Tius/Projeksi-bisnis/dataconnect: no such file or directory\n"}}
[debug] [2026-05-15T11:17:02.759Z] E0515 18:17:02.759190   83597 watch.go:40] Failed to load config from "/Users/tius/Documents/Data Tius/Projeksi-bisnis/dataconnect": could not find dataconnect.yaml in `/Users/tius/Documents/Data Tius/Projeksi-bisnis/dataconnect`
 {"metadata":{"emulator":{"name":"dataconnect"},"message":"E0515 18:17:02.759190   83597 watch.go:40] Failed to load config from \"/Users/tius/Documents/Data Tius/Projeksi-bisnis/dataconnect\": could not find dataconnect.yaml in `/Users/tius/Documents/Data Tius/Projeksi-bisnis/dataconnect`\n"}}
[debug] [2026-05-15T11:17:12.761Z] E0515 18:17:12.761386   83597 watch.go:40] Failed to load config from "/Users/tius/Documents/Data Tius/Projeksi-bisnis/dataconnect": could not find dataconnect.yaml in `/Users/tius/Documents/Data Tius/Projeksi-bisnis/dataconnect`
 {"metadata":{"emulator":{"name":"dataconnect"},"message":"E0515 18:17:12.761386   83597 watch.go:40] Failed to load config from \"/Users/tius/Documents/Data Tius/Projeksi-bisnis/dataconnect\": could not find dataconnect.yaml in `/Users/tius/Documents/Data Tius/Projeksi-bisnis/dataconnect`\n"}}
[debug] [2026-05-15T11:17:22.756Z] E0515 18:17:22.756718   83597 watch.go:40] Failed to load config from "/Users/tius/Documents/Data Tius/Projeksi-bisnis/dataconnect": could not find dataconnect.yaml in `/Users/tius/Documents/Data Tius/Projeksi-bisnis/dataconnect`
 {"metadata":{"emulator":{"name":"dataconnect"},"message":"E0515 18:17:22.756718   83597 watch.go:40] Failed to load config from \"/Users/tius/Documents/Data Tius/Projeksi-bisnis/dataconnect\": could not find dataconnect.yaml in `/Users/tius/Documents/Data Tius/Projeksi-bisnis/dataconnect`\n"}}
[debug] [2026-05-15T11:17:32.757Z] E0515 18:17:32.756755   83597 watch.go:40] Failed to load config from "/Users/tius/Documents/Data Tius/Projeksi-bisnis/dataconnect": could not find dataconnect.yaml in `/Users/tius/Documents/Data Tius/Projeksi-bisnis/dataconnect`
 {"metadata":{"emulator":{"name":"dataconnect"},"message":"E0515 18:17:32.756755   83597 watch.go:40] Failed to load config from \"/Users/tius/Documents/Data Tius/Projeksi-bisnis/dataconnect\": could not find dataconnect.yaml in `/Users/tius/Documents/Data Tius/Projeksi-bisnis/dataconnect`\n"}}
[debug] [2026-05-15T11:17:42.758Z] E0515 18:17:42.758039   83597 watch.go:40] Failed to load config from "/Users/tius/Documents/Data Tius/Projeksi-bisnis/dataconnect": could not find dataconnect.yaml in `/Users/tius/Documents/Data Tius/Projeksi-bisnis/dataconnect`
 {"metadata":{"emulator":{"name":"dataconnect"},"message":"E0515 18:17:42.758039   83597 watch.go:40] Failed to load config from \"/Users/tius/Documents/Data Tius/Projeksi-bisnis/dataconnect\": could not find dataconnect.yaml in `/Users/tius/Documents/Data Tius/Projeksi-bisnis/dataconnect`\n"}}
[debug] [2026-05-15T11:17:52.758Z] E0515 18:17:52.757887   83597 watch.go:40] Failed to load config from "/Users/tius/Documents/Data Tius/Projeksi-bisnis/dataconnect": could not find dataconnect.yaml in `/Users/tius/Documents/Data Tius/Projeksi-bisnis/dataconnect`
 {"metadata":{"emulator":{"name":"dataconnect"},"message":"E0515 18:17:52.757887   83597 watch.go:40] Failed to load config from \"/Users/tius/Documents/Data Tius/Projeksi-bisnis/dataconnect\": could not find dataconnect.yaml in `/Users/tius/Documents/Data Tius/Projeksi-bisnis/dataconnect`\n"}}
[debug] [2026-05-15T11:18:02.757Z] E0515 18:18:02.757485   83597 watch.go:116] watchAllDir unable to walk dir `/Users/tius/Documents/Data Tius/Projeksi-bisnis/dataconnect`: lstat /Users/tius/Documents/Data Tius/Projeksi-bisnis/dataconnect: no such file or directory
 {"metadata":{"emulator":{"name":"dataconnect"},"message":"E0515 18:18:02.757485   83597 watch.go:116] watchAllDir unable to walk dir `/Users/tius/Documents/Data Tius/Projeksi-bisnis/dataconnect`: lstat /Users/tius/Documents/Data Tius/Projeksi-bisnis/dataconnect: no such file or directory\n"}}
[debug] [2026-05-15T11:18:02.760Z] E0515 18:18:02.760722   83597 watch.go:40] Failed to load config from "/Users/tius/Documents/Data Tius/Projeksi-bisnis/dataconnect": could not find dataconnect.yaml in `/Users/tius/Documents/Data Tius/Projeksi-bisnis/dataconnect`
 {"metadata":{"emulator":{"name":"dataconnect"},"message":"E0515 18:18:02.760722   83597 watch.go:40] Failed to load config from \"/Users/tius/Documents/Data Tius/Projeksi-bisnis/dataconnect\": could not find dataconnect.yaml in `/Users/tius/Documents/Data Tius/Projeksi-bisnis/dataconnect`\n"}}
[debug] [2026-05-15T11:18:12.757Z] E0515 18:18:12.756703   83597 watch.go:40] Failed to load config from "/Users/tius/Documents/Data Tius/Projeksi-bisnis/dataconnect": could not find dataconnect.yaml in `/Users/tius/Documents/Data Tius/Projeksi-bisnis/dataconnect`
 {"metadata":{"emulator":{"name":"dataconnect"},"message":"E0515 18:18:12.756703   83597 watch.go:40] Failed to load config from \"/Users/tius/Documents/Data Tius/Projeksi-bisnis/dataconnect\": could not find dataconnect.yaml in `/Users/tius/Documents/Data Tius/Projeksi-bisnis/dataconnect`\n"}}
[debug] [2026-05-15T11:18:22.757Z] E0515 18:18:22.757487   83597 watch.go:40] Failed to load config from "/Users/tius/Documents/Data Tius/Projeksi-bisnis/dataconnect": could not find dataconnect.yaml in `/Users/tius/Documents/Data Tius/Projeksi-bisnis/dataconnect`
 {"metadata":{"emulator":{"name":"dataconnect"},"message":"E0515 18:18:22.757487   83597 watch.go:40] Failed to load config from \"/Users/tius/Documents/Data Tius/Projeksi-bisnis/dataconnect\": could not find dataconnect.yaml in `/Users/tius/Documents/Data Tius/Projeksi-bisnis/dataconnect`\n"}}
[debug] [2026-05-15T11:18:32.758Z] E0515 18:18:32.758284   83597 watch.go:40] Failed to load config from "/Users/tius/Documents/Data Tius/Projeksi-bisnis/dataconnect": could not find dataconnect.yaml in `/Users/tius/Documents/Data Tius/Projeksi-bisnis/dataconnect`
 {"metadata":{"emulator":{"name":"dataconnect"},"message":"E0515 18:18:32.758284   83597 watch.go:40] Failed to load config from \"/Users/tius/Documents/Data Tius/Projeksi-bisnis/dataconnect\": could not find dataconnect.yaml in `/Users/tius/Documents/Data Tius/Projeksi-bisnis/dataconnect`\n"}}
[debug] [2026-05-15T11:18:42.758Z] E0515 18:18:42.758028   83597 watch.go:40] Failed to load config from "/Users/tius/Documents/Data Tius/Projeksi-bisnis/dataconnect": could not find dataconnect.yaml in `/Users/tius/Documents/Data Tius/Projeksi-bisnis/dataconnect`
 {"metadata":{"emulator":{"name":"dataconnect"},"message":"E0515 18:18:42.758028   83597 watch.go:40] Failed to load config from \"/Users/tius/Documents/Data Tius/Projeksi-bisnis/dataconnect\": could not find dataconnect.yaml in `/Users/tius/Documents/Data Tius/Projeksi-bisnis/dataconnect`\n"}}
[debug] [2026-05-15T11:18:52.755Z] E0515 18:18:52.755370   83597 watch.go:40] Failed to load config from "/Users/tius/Documents/Data Tius/Projeksi-bisnis/dataconnect": could not find dataconnect.yaml in `/Users/tius/Documents/Data Tius/Projeksi-bisnis/dataconnect`
 {"metadata":{"emulator":{"name":"dataconnect"},"message":"E0515 18:18:52.755370   83597 watch.go:40] Failed to load config from \"/Users/tius/Documents/Data Tius/Projeksi-bisnis/dataconnect\": could not find dataconnect.yaml in `/Users/tius/Documents/Data Tius/Projeksi-bisnis/dataconnect`\n"}}
[debug] [2026-05-15T11:19:02.755Z] E0515 18:19:02.755480   83597 watch.go:116] watchAllDir unable to walk dir `/Users/tius/Documents/Data Tius/Projeksi-bisnis/dataconnect`: lstat /Users/tius/Documents/Data Tius/Projeksi-bisnis/dataconnect: no such file or directory
 {"metadata":{"emulator":{"name":"dataconnect"},"message":"E0515 18:19:02.755480   83597 watch.go:116] watchAllDir unable to walk dir `/Users/tius/Documents/Data Tius/Projeksi-bisnis/dataconnect`: lstat /Users/tius/Documents/Data Tius/Projeksi-bisnis/dataconnect: no such file or directory\n"}}
[debug] [2026-05-15T11:19:02.758Z] E0515 18:19:02.758404   83597 watch.go:40] Failed to load config from "/Users/tius/Documents/Data Tius/Projeksi-bisnis/dataconnect": could not find dataconnect.yaml in `/Users/tius/Documents/Data Tius/Projeksi-bisnis/dataconnect`
 {"metadata":{"emulator":{"name":"dataconnect"},"message":"E0515 18:19:02.758404   83597 watch.go:40] Failed to load config from \"/Users/tius/Documents/Data Tius/Projeksi-bisnis/dataconnect\": could not find dataconnect.yaml in `/Users/tius/Documents/Data Tius/Projeksi-bisnis/dataconnect`\n"}}
[debug] [2026-05-15T11:19:12.763Z] E0515 18:19:12.759156   83597 watch.go:40] Failed to load config from "/Users/tius/Documents/Data Tius/Projeksi-bisnis/dataconnect": could not find dataconnect.yaml in `/Users/tius/Documents/Data Tius/Projeksi-bisnis/dataconnect`
 {"metadata":{"emulator":{"name":"dataconnect"},"message":"E0515 18:19:12.759156   83597 watch.go:40] Failed to load config from \"/Users/tius/Documents/Data Tius/Projeksi-bisnis/dataconnect\": could not find dataconnect.yaml in `/Users/tius/Documents/Data Tius/Projeksi-bisnis/dataconnect`\n"}}
[debug] [2026-05-15T11:19:22.755Z] E0515 18:19:22.755313   83597 watch.go:40] Failed to load config from "/Users/tius/Documents/Data Tius/Projeksi-bisnis/dataconnect": could not find dataconnect.yaml in `/Users/tius/Documents/Data Tius/Projeksi-bisnis/dataconnect`
 {"metadata":{"emulator":{"name":"dataconnect"},"message":"E0515 18:19:22.755313   83597 watch.go:40] Failed to load config from \"/Users/tius/Documents/Data Tius/Projeksi-bisnis/dataconnect\": could not find dataconnect.yaml in `/Users/tius/Documents/Data Tius/Projeksi-bisnis/dataconnect`\n"}}
[debug] [2026-05-15T11:19:32.755Z] E0515 18:19:32.755605   83597 watch.go:40] Failed to load config from "/Users/tius/Documents/Data Tius/Projeksi-bisnis/dataconnect": could not find dataconnect.yaml in `/Users/tius/Documents/Data Tius/Projeksi-bisnis/dataconnect`
 {"metadata":{"emulator":{"name":"dataconnect"},"message":"E0515 18:19:32.755605   83597 watch.go:40] Failed to load config from \"/Users/tius/Documents/Data Tius/Projeksi-bisnis/dataconnect\": could not find dataconnect.yaml in `/Users/tius/Documents/Data Tius/Projeksi-bisnis/dataconnect`\n"}}
[debug] [2026-05-15T11:19:42.755Z] E0515 18:19:42.755337   83597 watch.go:40] Failed to load config from "/Users/tius/Documents/Data Tius/Projeksi-bisnis/dataconnect": could not find dataconnect.yaml in `/Users/tius/Documents/Data Tius/Projeksi-bisnis/dataconnect`
 {"metadata":{"emulator":{"name":"dataconnect"},"message":"E0515 18:19:42.755337   83597 watch.go:40] Failed to load config from \"/Users/tius/Documents/Data Tius/Projeksi-bisnis/dataconnect\": could not find dataconnect.yaml in `/Users/tius/Documents/Data Tius/Projeksi-bisnis/dataconnect`\n"}}
[debug] [2026-05-15T11:19:52.762Z] E0515 18:19:52.754617   83597 watch.go:40] Failed to load config from "/Users/tius/Documents/Data Tius/Projeksi-bisnis/dataconnect": could not find dataconnect.yaml in `/Users/tius/Documents/Data Tius/Projeksi-bisnis/dataconnect`
 {"metadata":{"emulator":{"name":"dataconnect"},"message":"E0515 18:19:52.754617   83597 watch.go:40] Failed to load config from \"/Users/tius/Documents/Data Tius/Projeksi-bisnis/dataconnect\": could not find dataconnect.yaml in `/Users/tius/Documents/Data Tius/Projeksi-bisnis/dataconnect`\n"}}
[debug] [2026-05-15T11:20:02.761Z] E0515 18:20:02.760699   83597 watch.go:116] watchAllDir unable to walk dir `/Users/tius/Documents/Data Tius/Projeksi-bisnis/dataconnect`: lstat /Users/tius/Documents/Data Tius/Projeksi-bisnis/dataconnect: no such file or directory
E0515 18:20:02.761011   83597 watch.go:40] Failed to load config from "/Users/tius/Documents/Data Tius/Projeksi-bisnis/dataconnect": could not find dataconnect.yaml in `/Users/tius/Documents/Data Tius/Projeksi-bisnis/dataconnect`
 {"metadata":{"emulator":{"name":"dataconnect"},"message":"E0515 18:20:02.760699   83597 watch.go:116] watchAllDir unable to walk dir `/Users/tius/Documents/Data Tius/Projeksi-bisnis/dataconnect`: lstat /Users/tius/Documents/Data Tius/Projeksi-bisnis/dataconnect: no such file or directory\nE0515 18:20:02.761011   83597 watch.go:40] Failed to load config from \"/Users/tius/Documents/Data Tius/Projeksi-bisnis/dataconnect\": could not find dataconnect.yaml in `/Users/tius/Documents/Data Tius/Projeksi-bisnis/dataconnect`\n"}}
[debug] [2026-05-15T11:20:12.757Z] E0515 18:20:12.757138   83597 watch.go:40] Failed to load config from "/Users/tius/Documents/Data Tius/Projeksi-bisnis/dataconnect": could not find dataconnect.yaml in `/Users/tius/Documents/Data Tius/Projeksi-bisnis/dataconnect`
 {"metadata":{"emulator":{"name":"dataconnect"},"message":"E0515 18:20:12.757138   83597 watch.go:40] Failed to load config from \"/Users/tius/Documents/Data Tius/Projeksi-bisnis/dataconnect\": could not find dataconnect.yaml in `/Users/tius/Documents/Data Tius/Projeksi-bisnis/dataconnect`\n"}}
[debug] [2026-05-15T11:20:22.763Z] E0515 18:20:22.762811   83597 watch.go:40] Failed to load config from "/Users/tius/Documents/Data Tius/Projeksi-bisnis/dataconnect": could not find dataconnect.yaml in `/Users/tius/Documents/Data Tius/Projeksi-bisnis/dataconnect`
 {"metadata":{"emulator":{"name":"dataconnect"},"message":"E0515 18:20:22.762811   83597 watch.go:40] Failed to load config from \"/Users/tius/Documents/Data Tius/Projeksi-bisnis/dataconnect\": could not find dataconnect.yaml in `/Users/tius/Documents/Data Tius/Projeksi-bisnis/dataconnect`\n"}}
[debug] [2026-05-15T11:20:32.754Z] E0515 18:20:32.754617   83597 watch.go:40] Failed to load config from "/Users/tius/Documents/Data Tius/Projeksi-bisnis/dataconnect": could not find dataconnect.yaml in `/Users/tius/Documents/Data Tius/Projeksi-bisnis/dataconnect`
 {"metadata":{"emulator":{"name":"dataconnect"},"message":"E0515 18:20:32.754617   83597 watch.go:40] Failed to load config from \"/Users/tius/Documents/Data Tius/Projeksi-bisnis/dataconnect\": could not find dataconnect.yaml in `/Users/tius/Documents/Data Tius/Projeksi-bisnis/dataconnect`\n"}}
[debug] [2026-05-15T11:20:42.755Z] E0515 18:20:42.755114   83597 watch.go:40] Failed to load config from "/Users/tius/Documents/Data Tius/Projeksi-bisnis/dataconnect": could not find dataconnect.yaml in `/Users/tius/Documents/Data Tius/Projeksi-bisnis/dataconnect`
 {"metadata":{"emulator":{"name":"dataconnect"},"message":"E0515 18:20:42.755114   83597 watch.go:40] Failed to load config from \"/Users/tius/Documents/Data Tius/Projeksi-bisnis/dataconnect\": could not find dataconnect.yaml in `/Users/tius/Documents/Data Tius/Projeksi-bisnis/dataconnect`\n"}}
[debug] [2026-05-15T11:20:59.345Z] E0515 18:20:52.753847   83597 watch.go:40] Failed to load config from "/Users/tius/Documents/Data Tius/Projeksi-bisnis/dataconnect": could not find dataconnect.yaml in `/Users/tius/Documents/Data Tius/Projeksi-bisnis/dataconnect`
 {"metadata":{"emulator":{"name":"dataconnect"},"message":"E0515 18:20:52.753847   83597 watch.go:40] Failed to load config from \"/Users/tius/Documents/Data Tius/Projeksi-bisnis/dataconnect\": could not find dataconnect.yaml in `/Users/tius/Documents/Data Tius/Projeksi-bisnis/dataconnect`\n"}}
[debug] [2026-05-15T11:21:02.764Z] E0515 18:21:02.760946   83597 watch.go:116] watchAllDir unable to walk dir `/Users/tius/Documents/Data Tius/Projeksi-bisnis/dataconnect`: lstat /Users/tius/Documents/Data Tius/Projeksi-bisnis/dataconnect: no such file or directory
 {"metadata":{"emulator":{"name":"dataconnect"},"message":"E0515 18:21:02.760946   83597 watch.go:116] watchAllDir unable to walk dir `/Users/tius/Documents/Data Tius/Projeksi-bisnis/dataconnect`: lstat /Users/tius/Documents/Data Tius/Projeksi-bisnis/dataconnect: no such file or directory\n"}}
[debug] [2026-05-15T11:21:02.766Z] E0515 18:21:02.765155   83597 watch.go:40] Failed to load config from "/Users/tius/Documents/Data Tius/Projeksi-bisnis/dataconnect": could not find dataconnect.yaml in `/Users/tius/Documents/Data Tius/Projeksi-bisnis/dataconnect`
 {"metadata":{"emulator":{"name":"dataconnect"},"message":"E0515 18:21:02.765155   83597 watch.go:40] Failed to load config from \"/Users/tius/Documents/Data Tius/Projeksi-bisnis/dataconnect\": could not find dataconnect.yaml in `/Users/tius/Documents/Data Tius/Projeksi-bisnis/dataconnect`\n"}}
[debug] [2026-05-15T11:21:12.755Z] E0515 18:21:12.755271   83597 watch.go:40] Failed to load config from "/Users/tius/Documents/Data Tius/Projeksi-bisnis/dataconnect": could not find dataconnect.yaml in `/Users/tius/Documents/Data Tius/Projeksi-bisnis/dataconnect`
 {"metadata":{"emulator":{"name":"dataconnect"},"message":"E0515 18:21:12.755271   83597 watch.go:40] Failed to load config from \"/Users/tius/Documents/Data Tius/Projeksi-bisnis/dataconnect\": could not find dataconnect.yaml in `/Users/tius/Documents/Data Tius/Projeksi-bisnis/dataconnect`\n"}}
[debug] [2026-05-15T11:21:22.923Z] E0515 18:21:22.923511   83597 watch.go:40] Failed to load config from "/Users/tius/Documents/Data Tius/Projeksi-bisnis/dataconnect": could not find dataconnect.yaml in `/Users/tius/Documents/Data Tius/Projeksi-bisnis/dataconnect`
 {"metadata":{"emulator":{"name":"dataconnect"},"message":"E0515 18:21:22.923511   83597 watch.go:40] Failed to load config from \"/Users/tius/Documents/Data Tius/Projeksi-bisnis/dataconnect\": could not find dataconnect.yaml in `/Users/tius/Documents/Data Tius/Projeksi-bisnis/dataconnect`\n"}}
[debug] [2026-05-15T11:21:32.754Z] E0515 18:21:32.752872   83597 watch.go:40] Failed to load config from "/Users/tius/Documents/Data Tius/Projeksi-bisnis/dataconnect": could not find dataconnect.yaml in `/Users/tius/Documents/Data Tius/Projeksi-bisnis/dataconnect`
 {"metadata":{"emulator":{"name":"dataconnect"},"message":"E0515 18:21:32.752872   83597 watch.go:40] Failed to load config from \"/Users/tius/Documents/Data Tius/Projeksi-bisnis/dataconnect\": could not find dataconnect.yaml in `/Users/tius/Documents/Data Tius/Projeksi-bisnis/dataconnect`\n"}}
[debug] [2026-05-15T11:21:42.758Z] E0515 18:21:42.753743   83597 watch.go:40] Failed to load config from "/Users/tius/Documents/Data Tius/Projeksi-bisnis/dataconnect": could not find dataconnect.yaml in `/Users/tius/Documents/Data Tius/Projeksi-bisnis/dataconnect`
 {"metadata":{"emulator":{"name":"dataconnect"},"message":"E0515 18:21:42.753743   83597 watch.go:40] Failed to load config from \"/Users/tius/Documents/Data Tius/Projeksi-bisnis/dataconnect\": could not find dataconnect.yaml in `/Users/tius/Documents/Data Tius/Projeksi-bisnis/dataconnect`\n"}}
[debug] [2026-05-15T11:21:52.755Z] E0515 18:21:52.753647   83597 watch.go:40] Failed to load config from "/Users/tius/Documents/Data Tius/Projeksi-bisnis/dataconnect": could not find dataconnect.yaml in `/Users/tius/Documents/Data Tius/Projeksi-bisnis/dataconnect`
 {"metadata":{"emulator":{"name":"dataconnect"},"message":"E0515 18:21:52.753647   83597 watch.go:40] Failed to load config from \"/Users/tius/Documents/Data Tius/Projeksi-bisnis/dataconnect\": could not find dataconnect.yaml in `/Users/tius/Documents/Data Tius/Projeksi-bisnis/dataconnect`\n"}}
[debug] [2026-05-15T11:22:05.076Z] E0515 18:22:02.753471   83597 watch.go:116] watchAllDir unable to walk dir `/Users/tius/Documents/Data Tius/Projeksi-bisnis/dataconnect`: lstat /Users/tius/Documents/Data Tius/Projeksi-bisnis/dataconnect: no such file or directory
E0515 18:22:02.753584   83597 watch.go:40] Failed to load config from "/Users/tius/Documents/Data Tius/Projeksi-bisnis/dataconnect": could not find dataconnect.yaml in `/Users/tius/Documents/Data Tius/Projeksi-bisnis/dataconnect`
 {"metadata":{"emulator":{"name":"dataconnect"},"message":"E0515 18:22:02.753471   83597 watch.go:116] watchAllDir unable to walk dir `/Users/tius/Documents/Data Tius/Projeksi-bisnis/dataconnect`: lstat /Users/tius/Documents/Data Tius/Projeksi-bisnis/dataconnect: no such file or directory\nE0515 18:22:02.753584   83597 watch.go:40] Failed to load config from \"/Users/tius/Documents/Data Tius/Projeksi-bisnis/dataconnect\": could not find dataconnect.yaml in `/Users/tius/Documents/Data Tius/Projeksi-bisnis/dataconnect`\n"}}
[debug] [2026-05-15T11:22:12.797Z] E0515 18:22:12.797160   83597 watch.go:40] Failed to load config from "/Users/tius/Documents/Data Tius/Projeksi-bisnis/dataconnect": could not find dataconnect.yaml in `/Users/tius/Documents/Data Tius/Projeksi-bisnis/dataconnect`
 {"metadata":{"emulator":{"name":"dataconnect"},"message":"E0515 18:22:12.797160   83597 watch.go:40] Failed to load config from \"/Users/tius/Documents/Data Tius/Projeksi-bisnis/dataconnect\": could not find dataconnect.yaml in `/Users/tius/Documents/Data Tius/Projeksi-bisnis/dataconnect`\n"}}
[debug] [2026-05-15T11:22:22.753Z] E0515 18:22:22.753445   83597 watch.go:40] Failed to load config from "/Users/tius/Documents/Data Tius/Projeksi-bisnis/dataconnect": could not find dataconnect.yaml in `/Users/tius/Documents/Data Tius/Projeksi-bisnis/dataconnect`
 {"metadata":{"emulator":{"name":"dataconnect"},"message":"E0515 18:22:22.753445   83597 watch.go:40] Failed to load config from \"/Users/tius/Documents/Data Tius/Projeksi-bisnis/dataconnect\": could not find dataconnect.yaml in `/Users/tius/Documents/Data Tius/Projeksi-bisnis/dataconnect`\n"}}
[debug] [2026-05-15T11:22:32.759Z] E0515 18:22:32.752823   83597 watch.go:40] Failed to load config from "/Users/tius/Documents/Data Tius/Projeksi-bisnis/dataconnect": could not find dataconnect.yaml in `/Users/tius/Documents/Data Tius/Projeksi-bisnis/dataconnect`
 {"metadata":{"emulator":{"name":"dataconnect"},"message":"E0515 18:22:32.752823   83597 watch.go:40] Failed to load config from \"/Users/tius/Documents/Data Tius/Projeksi-bisnis/dataconnect\": could not find dataconnect.yaml in `/Users/tius/Documents/Data Tius/Projeksi-bisnis/dataconnect`\n"}}
[debug] [2026-05-15T11:22:42.755Z] E0515 18:22:42.753706   83597 watch.go:40] Failed to load config from "/Users/tius/Documents/Data Tius/Projeksi-bisnis/dataconnect": could not find dataconnect.yaml in `/Users/tius/Documents/Data Tius/Projeksi-bisnis/dataconnect`
 {"metadata":{"emulator":{"name":"dataconnect"},"message":"E0515 18:22:42.753706   83597 watch.go:40] Failed to load config from \"/Users/tius/Documents/Data Tius/Projeksi-bisnis/dataconnect\": could not find dataconnect.yaml in `/Users/tius/Documents/Data Tius/Projeksi-bisnis/dataconnect`\n"}}
[debug] [2026-05-15T11:22:52.764Z] E0515 18:22:52.762540   83597 watch.go:40] Failed to load config from "/Users/tius/Documents/Data Tius/Projeksi-bisnis/dataconnect": could not find dataconnect.yaml in `/Users/tius/Documents/Data Tius/Projeksi-bisnis/dataconnect`
 {"metadata":{"emulator":{"name":"dataconnect"},"message":"E0515 18:22:52.762540   83597 watch.go:40] Failed to load config from \"/Users/tius/Documents/Data Tius/Projeksi-bisnis/dataconnect\": could not find dataconnect.yaml in `/Users/tius/Documents/Data Tius/Projeksi-bisnis/dataconnect`\n"}}
[debug] [2026-05-15T11:23:02.753Z] E0515 18:23:02.752889   83597 watch.go:40] Failed to load config from "/Users/tius/Documents/Data Tius/Projeksi-bisnis/dataconnect": could not find dataconnect.yaml in `/Users/tius/Documents/Data Tius/Projeksi-bisnis/dataconnect`
 {"metadata":{"emulator":{"name":"dataconnect"},"message":"E0515 18:23:02.752889   83597 watch.go:40] Failed to load config from \"/Users/tius/Documents/Data Tius/Projeksi-bisnis/dataconnect\": could not find dataconnect.yaml in `/Users/tius/Documents/Data Tius/Projeksi-bisnis/dataconnect`\n"}}
[debug] [2026-05-15T11:23:02.756Z] E0515 18:23:02.752850   83597 watch.go:116] watchAllDir unable to walk dir `/Users/tius/Documents/Data Tius/Projeksi-bisnis/dataconnect`: lstat /Users/tius/Documents/Data Tius/Projeksi-bisnis/dataconnect: no such file or directory
 {"metadata":{"emulator":{"name":"dataconnect"},"message":"E0515 18:23:02.752850   83597 watch.go:116] watchAllDir unable to walk dir `/Users/tius/Documents/Data Tius/Projeksi-bisnis/dataconnect`: lstat /Users/tius/Documents/Data Tius/Projeksi-bisnis/dataconnect: no such file or directory\n"}}
[debug] [2026-05-15T11:23:13.182Z] E0515 18:23:12.752654   83597 watch.go:40] Failed to load config from "/Users/tius/Documents/Data Tius/Projeksi-bisnis/dataconnect": could not find dataconnect.yaml in `/Users/tius/Documents/Data Tius/Projeksi-bisnis/dataconnect`
 {"metadata":{"emulator":{"name":"dataconnect"},"message":"E0515 18:23:12.752654   83597 watch.go:40] Failed to load config from \"/Users/tius/Documents/Data Tius/Projeksi-bisnis/dataconnect\": could not find dataconnect.yaml in `/Users/tius/Documents/Data Tius/Projeksi-bisnis/dataconnect`\n"}}
[debug] [2026-05-15T11:23:22.753Z] E0515 18:23:22.752496   83597 watch.go:40] Failed to load config from "/Users/tius/Documents/Data Tius/Projeksi-bisnis/dataconnect": could not find dataconnect.yaml in `/Users/tius/Documents/Data Tius/Projeksi-bisnis/dataconnect`
 {"metadata":{"emulator":{"name":"dataconnect"},"message":"E0515 18:23:22.752496   83597 watch.go:40] Failed to load config from \"/Users/tius/Documents/Data Tius/Projeksi-bisnis/dataconnect\": could not find dataconnect.yaml in `/Users/tius/Documents/Data Tius/Projeksi-bisnis/dataconnect`\n"}}
[debug] [2026-05-15T11:23:32.752Z] E0515 18:23:32.752280   83597 watch.go:40] Failed to load config from "/Users/tius/Documents/Data Tius/Projeksi-bisnis/dataconnect": could not find dataconnect.yaml in `/Users/tius/Documents/Data Tius/Projeksi-bisnis/dataconnect`
 {"metadata":{"emulator":{"name":"dataconnect"},"message":"E0515 18:23:32.752280   83597 watch.go:40] Failed to load config from \"/Users/tius/Documents/Data Tius/Projeksi-bisnis/dataconnect\": could not find dataconnect.yaml in `/Users/tius/Documents/Data Tius/Projeksi-bisnis/dataconnect`\n"}}
[debug] [2026-05-15T11:23:42.757Z] E0515 18:23:42.756423   83597 watch.go:40] Failed to load config from "/Users/tius/Documents/Data Tius/Projeksi-bisnis/dataconnect": could not find dataconnect.yaml in `/Users/tius/Documents/Data Tius/Projeksi-bisnis/dataconnect`
 {"metadata":{"emulator":{"name":"dataconnect"},"message":"E0515 18:23:42.756423   83597 watch.go:40] Failed to load config from \"/Users/tius/Documents/Data Tius/Projeksi-bisnis/dataconnect\": could not find dataconnect.yaml in `/Users/tius/Documents/Data Tius/Projeksi-bisnis/dataconnect`\n"}}
[debug] [2026-05-15T11:23:52.753Z] E0515 18:23:52.752512   83597 watch.go:40] Failed to load config from "/Users/tius/Documents/Data Tius/Projeksi-bisnis/dataconnect": could not find dataconnect.yaml in `/Users/tius/Documents/Data Tius/Projeksi-bisnis/dataconnect`
 {"metadata":{"emulator":{"name":"dataconnect"},"message":"E0515 18:23:52.752512   83597 watch.go:40] Failed to load config from \"/Users/tius/Documents/Data Tius/Projeksi-bisnis/dataconnect\": could not find dataconnect.yaml in `/Users/tius/Documents/Data Tius/Projeksi-bisnis/dataconnect`\n"}}
[debug] [2026-05-15T11:24:02.751Z] E0515 18:24:02.751245   83597 watch.go:40] Failed to load config from "/Users/tius/Documents/Data Tius/Projeksi-bisnis/dataconnect": could not find dataconnect.yaml in `/Users/tius/Documents/Data Tius/Projeksi-bisnis/dataconnect`
 {"metadata":{"emulator":{"name":"dataconnect"},"message":"E0515 18:24:02.751245   83597 watch.go:40] Failed to load config from \"/Users/tius/Documents/Data Tius/Projeksi-bisnis/dataconnect\": could not find dataconnect.yaml in `/Users/tius/Documents/Data Tius/Projeksi-bisnis/dataconnect`\n"}}
[debug] [2026-05-15T11:24:03.123Z] E0515 18:24:02.751231   83597 watch.go:116] watchAllDir unable to walk dir `/Users/tius/Documents/Data Tius/Projeksi-bisnis/dataconnect`: lstat /Users/tius/Documents/Data Tius/Projeksi-bisnis/dataconnect: no such file or directory
 {"metadata":{"emulator":{"name":"dataconnect"},"message":"E0515 18:24:02.751231   83597 watch.go:116] watchAllDir unable to walk dir `/Users/tius/Documents/Data Tius/Projeksi-bisnis/dataconnect`: lstat /Users/tius/Documents/Data Tius/Projeksi-bisnis/dataconnect: no such file or directory\n"}}
[debug] [2026-05-15T11:24:12.751Z] E0515 18:24:12.751295   83597 watch.go:40] Failed to load config from "/Users/tius/Documents/Data Tius/Projeksi-bisnis/dataconnect": could not find dataconnect.yaml in `/Users/tius/Documents/Data Tius/Projeksi-bisnis/dataconnect`
 {"metadata":{"emulator":{"name":"dataconnect"},"message":"E0515 18:24:12.751295   83597 watch.go:40] Failed to load config from \"/Users/tius/Documents/Data Tius/Projeksi-bisnis/dataconnect\": could not find dataconnect.yaml in `/Users/tius/Documents/Data Tius/Projeksi-bisnis/dataconnect`\n"}}
[debug] [2026-05-15T11:24:22.751Z] E0515 18:24:22.751687   83597 watch.go:40] Failed to load config from "/Users/tius/Documents/Data Tius/Projeksi-bisnis/dataconnect": could not find dataconnect.yaml in `/Users/tius/Documents/Data Tius/Projeksi-bisnis/dataconnect`
 {"metadata":{"emulator":{"name":"dataconnect"},"message":"E0515 18:24:22.751687   83597 watch.go:40] Failed to load config from \"/Users/tius/Documents/Data Tius/Projeksi-bisnis/dataconnect\": could not find dataconnect.yaml in `/Users/tius/Documents/Data Tius/Projeksi-bisnis/dataconnect`\n"}}
[debug] [2026-05-15T11:24:32.793Z] E0515 18:24:32.776456   83597 watch.go:40] Failed to load config from "/Users/tius/Documents/Data Tius/Projeksi-bisnis/dataconnect": could not find dataconnect.yaml in `/Users/tius/Documents/Data Tius/Projeksi-bisnis/dataconnect`
 {"metadata":{"emulator":{"name":"dataconnect"},"message":"E0515 18:24:32.776456   83597 watch.go:40] Failed to load config from \"/Users/tius/Documents/Data Tius/Projeksi-bisnis/dataconnect\": could not find dataconnect.yaml in `/Users/tius/Documents/Data Tius/Projeksi-bisnis/dataconnect`\n"}}
[debug] [2026-05-15T11:24:42.751Z] E0515 18:24:42.751518   83597 watch.go:40] Failed to load config from "/Users/tius/Documents/Data Tius/Projeksi-bisnis/dataconnect": could not find dataconnect.yaml in `/Users/tius/Documents/Data Tius/Projeksi-bisnis/dataconnect`
 {"metadata":{"emulator":{"name":"dataconnect"},"message":"E0515 18:24:42.751518   83597 watch.go:40] Failed to load config from \"/Users/tius/Documents/Data Tius/Projeksi-bisnis/dataconnect\": could not find dataconnect.yaml in `/Users/tius/Documents/Data Tius/Projeksi-bisnis/dataconnect`\n"}}
[debug] [2026-05-15T11:24:52.751Z] E0515 18:24:52.751313   83597 watch.go:40] Failed to load config from "/Users/tius/Documents/Data Tius/Projeksi-bisnis/dataconnect": could not find dataconnect.yaml in `/Users/tius/Documents/Data Tius/Projeksi-bisnis/dataconnect`
 {"metadata":{"emulator":{"name":"dataconnect"},"message":"E0515 18:24:52.751313   83597 watch.go:40] Failed to load config from \"/Users/tius/Documents/Data Tius/Projeksi-bisnis/dataconnect\": could not find dataconnect.yaml in `/Users/tius/Documents/Data Tius/Projeksi-bisnis/dataconnect`\n"}}
[debug] [2026-05-15T11:25:02.755Z] E0515 18:25:02.753339   83597 watch.go:116] watchAllDir unable to walk dir `/Users/tius/Documents/Data Tius/Projeksi-bisnis/dataconnect`: lstat /Users/tius/Documents/Data Tius/Projeksi-bisnis/dataconnect: no such file or directory
E0515 18:25:02.753483   83597 watch.go:40] Failed to load config from "/Users/tius/Documents/Data Tius/Projeksi-bisnis/dataconnect": could not find dataconnect.yaml in `/Users/tius/Documents/Data Tius/Projeksi-bisnis/dataconnect`
 {"metadata":{"emulator":{"name":"dataconnect"},"message":"E0515 18:25:02.753339   83597 watch.go:116] watchAllDir unable to walk dir `/Users/tius/Documents/Data Tius/Projeksi-bisnis/dataconnect`: lstat /Users/tius/Documents/Data Tius/Projeksi-bisnis/dataconnect: no such file or directory\nE0515 18:25:02.753483   83597 watch.go:40] Failed to load config from \"/Users/tius/Documents/Data Tius/Projeksi-bisnis/dataconnect\": could not find dataconnect.yaml in `/Users/tius/Documents/Data Tius/Projeksi-bisnis/dataconnect`\n"}}
[debug] [2026-05-15T11:25:12.753Z] E0515 18:25:12.751091   83597 watch.go:40] Failed to load config from "/Users/tius/Documents/Data Tius/Projeksi-bisnis/dataconnect": could not find dataconnect.yaml in `/Users/tius/Documents/Data Tius/Projeksi-bisnis/dataconnect`
 {"metadata":{"emulator":{"name":"dataconnect"},"message":"E0515 18:25:12.751091   83597 watch.go:40] Failed to load config from \"/Users/tius/Documents/Data Tius/Projeksi-bisnis/dataconnect\": could not find dataconnect.yaml in `/Users/tius/Documents/Data Tius/Projeksi-bisnis/dataconnect`\n"}}
[debug] [2026-05-15T11:25:22.857Z] E0515 18:25:22.750032   83597 watch.go:40] Failed to load config from "/Users/tius/Documents/Data Tius/Projeksi-bisnis/dataconnect": could not find dataconnect.yaml in `/Users/tius/Documents/Data Tius/Projeksi-bisnis/dataconnect`
 {"metadata":{"emulator":{"name":"dataconnect"},"message":"E0515 18:25:22.750032   83597 watch.go:40] Failed to load config from \"/Users/tius/Documents/Data Tius/Projeksi-bisnis/dataconnect\": could not find dataconnect.yaml in `/Users/tius/Documents/Data Tius/Projeksi-bisnis/dataconnect`\n"}}
[debug] [2026-05-15T11:25:32.751Z] E0515 18:25:32.750765   83597 watch.go:40] Failed to load config from "/Users/tius/Documents/Data Tius/Projeksi-bisnis/dataconnect": could not find dataconnect.yaml in `/Users/tius/Documents/Data Tius/Projeksi-bisnis/dataconnect`
 {"metadata":{"emulator":{"name":"dataconnect"},"message":"E0515 18:25:32.750765   83597 watch.go:40] Failed to load config from \"/Users/tius/Documents/Data Tius/Projeksi-bisnis/dataconnect\": could not find dataconnect.yaml in `/Users/tius/Documents/Data Tius/Projeksi-bisnis/dataconnect`\n"}}
[debug] [2026-05-15T11:25:42.752Z] E0515 18:25:42.751720   83597 watch.go:40] Failed to load config from "/Users/tius/Documents/Data Tius/Projeksi-bisnis/dataconnect": could not find dataconnect.yaml in `/Users/tius/Documents/Data Tius/Projeksi-bisnis/dataconnect`
 {"metadata":{"emulator":{"name":"dataconnect"},"message":"E0515 18:25:42.751720   83597 watch.go:40] Failed to load config from \"/Users/tius/Documents/Data Tius/Projeksi-bisnis/dataconnect\": could not find dataconnect.yaml in `/Users/tius/Documents/Data Tius/Projeksi-bisnis/dataconnect`\n"}}
[debug] [2026-05-15T11:25:52.750Z] E0515 18:25:52.750359   83597 watch.go:40] Failed to load config from "/Users/tius/Documents/Data Tius/Projeksi-bisnis/dataconnect": could not find dataconnect.yaml in `/Users/tius/Documents/Data Tius/Projeksi-bisnis/dataconnect`
 {"metadata":{"emulator":{"name":"dataconnect"},"message":"E0515 18:25:52.750359   83597 watch.go:40] Failed to load config from \"/Users/tius/Documents/Data Tius/Projeksi-bisnis/dataconnect\": could not find dataconnect.yaml in `/Users/tius/Documents/Data Tius/Projeksi-bisnis/dataconnect`\n"}}
[debug] [2026-05-15T11:26:02.750Z] E0515 18:26:02.749857   83597 watch.go:40] Failed to load config from "/Users/tius/Documents/Data Tius/Projeksi-bisnis/dataconnect": could not find dataconnect.yaml in `/Users/tius/Documents/Data Tius/Projeksi-bisnis/dataconnect`
 {"metadata":{"emulator":{"name":"dataconnect"},"message":"E0515 18:26:02.749857   83597 watch.go:40] Failed to load config from \"/Users/tius/Documents/Data Tius/Projeksi-bisnis/dataconnect\": could not find dataconnect.yaml in `/Users/tius/Documents/Data Tius/Projeksi-bisnis/dataconnect`\n"}}
[debug] [2026-05-15T11:26:02.751Z] E0515 18:26:02.749882   83597 watch.go:116] watchAllDir unable to walk dir `/Users/tius/Documents/Data Tius/Projeksi-bisnis/dataconnect`: lstat /Users/tius/Documents/Data Tius/Projeksi-bisnis/dataconnect: no such file or directory
 {"metadata":{"emulator":{"name":"dataconnect"},"message":"E0515 18:26:02.749882   83597 watch.go:116] watchAllDir unable to walk dir `/Users/tius/Documents/Data Tius/Projeksi-bisnis/dataconnect`: lstat /Users/tius/Documents/Data Tius/Projeksi-bisnis/dataconnect: no such file or directory\n"}}
[debug] [2026-05-15T11:26:12.749Z] E0515 18:26:12.749253   83597 watch.go:40] Failed to load config from "/Users/tius/Documents/Data Tius/Projeksi-bisnis/dataconnect": could not find dataconnect.yaml in `/Users/tius/Documents/Data Tius/Projeksi-bisnis/dataconnect`
 {"metadata":{"emulator":{"name":"dataconnect"},"message":"E0515 18:26:12.749253   83597 watch.go:40] Failed to load config from \"/Users/tius/Documents/Data Tius/Projeksi-bisnis/dataconnect\": could not find dataconnect.yaml in `/Users/tius/Documents/Data Tius/Projeksi-bisnis/dataconnect`\n"}}
[debug] [2026-05-15T11:26:22.750Z] E0515 18:26:22.750101   83597 watch.go:40] Failed to load config from "/Users/tius/Documents/Data Tius/Projeksi-bisnis/dataconnect": could not find dataconnect.yaml in `/Users/tius/Documents/Data Tius/Projeksi-bisnis/dataconnect`
 {"metadata":{"emulator":{"name":"dataconnect"},"message":"E0515 18:26:22.750101   83597 watch.go:40] Failed to load config from \"/Users/tius/Documents/Data Tius/Projeksi-bisnis/dataconnect\": could not find dataconnect.yaml in `/Users/tius/Documents/Data Tius/Projeksi-bisnis/dataconnect`\n"}}
[debug] [2026-05-15T11:26:32.754Z] E0515 18:26:32.754088   83597 watch.go:40] Failed to load config from "/Users/tius/Documents/Data Tius/Projeksi-bisnis/dataconnect": could not find dataconnect.yaml in `/Users/tius/Documents/Data Tius/Projeksi-bisnis/dataconnect`
 {"metadata":{"emulator":{"name":"dataconnect"},"message":"E0515 18:26:32.754088   83597 watch.go:40] Failed to load config from \"/Users/tius/Documents/Data Tius/Projeksi-bisnis/dataconnect\": could not find dataconnect.yaml in `/Users/tius/Documents/Data Tius/Projeksi-bisnis/dataconnect`\n"}}
[debug] [2026-05-15T11:26:42.777Z] E0515 18:26:42.777061   83597 watch.go:40] Failed to load config from "/Users/tius/Documents/Data Tius/Projeksi-bisnis/dataconnect": could not find dataconnect.yaml in `/Users/tius/Documents/Data Tius/Projeksi-bisnis/dataconnect`
 {"metadata":{"emulator":{"name":"dataconnect"},"message":"E0515 18:26:42.777061   83597 watch.go:40] Failed to load config from \"/Users/tius/Documents/Data Tius/Projeksi-bisnis/dataconnect\": could not find dataconnect.yaml in `/Users/tius/Documents/Data Tius/Projeksi-bisnis/dataconnect`\n"}}
[debug] [2026-05-15T11:26:52.750Z] E0515 18:26:52.749362   83597 watch.go:40] Failed to load config from "/Users/tius/Documents/Data Tius/Projeksi-bisnis/dataconnect": could not find dataconnect.yaml in `/Users/tius/Documents/Data Tius/Projeksi-bisnis/dataconnect`
 {"metadata":{"emulator":{"name":"dataconnect"},"message":"E0515 18:26:52.749362   83597 watch.go:40] Failed to load config from \"/Users/tius/Documents/Data Tius/Projeksi-bisnis/dataconnect\": could not find dataconnect.yaml in `/Users/tius/Documents/Data Tius/Projeksi-bisnis/dataconnect`\n"}}
[debug] [2026-05-15T11:27:02.824Z] E0515 18:27:02.748563   83597 watch.go:116] watchAllDir unable to walk dir `/Users/tius/Documents/Data Tius/Projeksi-bisnis/dataconnect`: lstat /Users/tius/Documents/Data Tius/Projeksi-bisnis/dataconnect: no such file or directory
E0515 18:27:02.748775   83597 watch.go:40] Failed to load config from "/Users/tius/Documents/Data Tius/Projeksi-bisnis/dataconnect": could not find dataconnect.yaml in `/Users/tius/Documents/Data Tius/Projeksi-bisnis/dataconnect`
 {"metadata":{"emulator":{"name":"dataconnect"},"message":"E0515 18:27:02.748563   83597 watch.go:116] watchAllDir unable to walk dir `/Users/tius/Documents/Data Tius/Projeksi-bisnis/dataconnect`: lstat /Users/tius/Documents/Data Tius/Projeksi-bisnis/dataconnect: no such file or directory\nE0515 18:27:02.748775   83597 watch.go:40] Failed to load config from \"/Users/tius/Documents/Data Tius/Projeksi-bisnis/dataconnect\": could not find dataconnect.yaml in `/Users/tius/Documents/Data Tius/Projeksi-bisnis/dataconnect`\n"}}
[debug] [2026-05-15T11:27:12.748Z] E0515 18:27:12.748546   83597 watch.go:40] Failed to load config from "/Users/tius/Documents/Data Tius/Projeksi-bisnis/dataconnect": could not find dataconnect.yaml in `/Users/tius/Documents/Data Tius/Projeksi-bisnis/dataconnect`
 {"metadata":{"emulator":{"name":"dataconnect"},"message":"E0515 18:27:12.748546   83597 watch.go:40] Failed to load config from \"/Users/tius/Documents/Data Tius/Projeksi-bisnis/dataconnect\": could not find dataconnect.yaml in `/Users/tius/Documents/Data Tius/Projeksi-bisnis/dataconnect`\n"}}
[debug] [2026-05-15T11:27:22.751Z] E0515 18:27:22.751472   83597 watch.go:40] Failed to load config from "/Users/tius/Documents/Data Tius/Projeksi-bisnis/dataconnect": could not find dataconnect.yaml in `/Users/tius/Documents/Data Tius/Projeksi-bisnis/dataconnect`
 {"metadata":{"emulator":{"name":"dataconnect"},"message":"E0515 18:27:22.751472   83597 watch.go:40] Failed to load config from \"/Users/tius/Documents/Data Tius/Projeksi-bisnis/dataconnect\": could not find dataconnect.yaml in `/Users/tius/Documents/Data Tius/Projeksi-bisnis/dataconnect`\n"}}
[debug] [2026-05-15T11:27:32.749Z] E0515 18:27:32.748998   83597 watch.go:40] Failed to load config from "/Users/tius/Documents/Data Tius/Projeksi-bisnis/dataconnect": could not find dataconnect.yaml in `/Users/tius/Documents/Data Tius/Projeksi-bisnis/dataconnect`
 {"metadata":{"emulator":{"name":"dataconnect"},"message":"E0515 18:27:32.748998   83597 watch.go:40] Failed to load config from \"/Users/tius/Documents/Data Tius/Projeksi-bisnis/dataconnect\": could not find dataconnect.yaml in `/Users/tius/Documents/Data Tius/Projeksi-bisnis/dataconnect`\n"}}
[debug] [2026-05-15T11:27:42.939Z] E0515 18:27:42.938857   83597 watch.go:40] Failed to load config from "/Users/tius/Documents/Data Tius/Projeksi-bisnis/dataconnect": could not find dataconnect.yaml in `/Users/tius/Documents/Data Tius/Projeksi-bisnis/dataconnect`
 {"metadata":{"emulator":{"name":"dataconnect"},"message":"E0515 18:27:42.938857   83597 watch.go:40] Failed to load config from \"/Users/tius/Documents/Data Tius/Projeksi-bisnis/dataconnect\": could not find dataconnect.yaml in `/Users/tius/Documents/Data Tius/Projeksi-bisnis/dataconnect`\n"}}
[debug] [2026-05-15T11:27:52.751Z] E0515 18:27:52.749919   83597 watch.go:40] Failed to load config from "/Users/tius/Documents/Data Tius/Projeksi-bisnis/dataconnect": could not find dataconnect.yaml in `/Users/tius/Documents/Data Tius/Projeksi-bisnis/dataconnect`
 {"metadata":{"emulator":{"name":"dataconnect"},"message":"E0515 18:27:52.749919   83597 watch.go:40] Failed to load config from \"/Users/tius/Documents/Data Tius/Projeksi-bisnis/dataconnect\": could not find dataconnect.yaml in `/Users/tius/Documents/Data Tius/Projeksi-bisnis/dataconnect`\n"}}
[debug] [2026-05-15T11:28:02.749Z] E0515 18:28:02.748729   83597 watch.go:116] watchAllDir unable to walk dir `/Users/tius/Documents/Data Tius/Projeksi-bisnis/dataconnect`: lstat /Users/tius/Documents/Data Tius/Projeksi-bisnis/dataconnect: no such file or directory
E0515 18:28:02.748931   83597 watch.go:40] Failed to load config from "/Users/tius/Documents/Data Tius/Projeksi-bisnis/dataconnect": could not find dataconnect.yaml in `/Users/tius/Documents/Data Tius/Projeksi-bisnis/dataconnect`
 {"metadata":{"emulator":{"name":"dataconnect"},"message":"E0515 18:28:02.748729   83597 watch.go:116] watchAllDir unable to walk dir `/Users/tius/Documents/Data Tius/Projeksi-bisnis/dataconnect`: lstat /Users/tius/Documents/Data Tius/Projeksi-bisnis/dataconnect: no such file or directory\nE0515 18:28:02.748931   83597 watch.go:40] Failed to load config from \"/Users/tius/Documents/Data Tius/Projeksi-bisnis/dataconnect\": could not find dataconnect.yaml in `/Users/tius/Documents/Data Tius/Projeksi-bisnis/dataconnect`\n"}}
[debug] [2026-05-15T11:28:12.753Z] E0515 18:28:12.750332   83597 watch.go:40] Failed to load config from "/Users/tius/Documents/Data Tius/Projeksi-bisnis/dataconnect": could not find dataconnect.yaml in `/Users/tius/Documents/Data Tius/Projeksi-bisnis/dataconnect`
 {"metadata":{"emulator":{"name":"dataconnect"},"message":"E0515 18:28:12.750332   83597 watch.go:40] Failed to load config from \"/Users/tius/Documents/Data Tius/Projeksi-bisnis/dataconnect\": could not find dataconnect.yaml in `/Users/tius/Documents/Data Tius/Projeksi-bisnis/dataconnect`\n"}}
[debug] [2026-05-15T11:28:22.757Z] E0515 18:28:22.756848   83597 watch.go:40] Failed to load config from "/Users/tius/Documents/Data Tius/Projeksi-bisnis/dataconnect": could not find dataconnect.yaml in `/Users/tius/Documents/Data Tius/Projeksi-bisnis/dataconnect`
 {"metadata":{"emulator":{"name":"dataconnect"},"message":"E0515 18:28:22.756848   83597 watch.go:40] Failed to load config from \"/Users/tius/Documents/Data Tius/Projeksi-bisnis/dataconnect\": could not find dataconnect.yaml in `/Users/tius/Documents/Data Tius/Projeksi-bisnis/dataconnect`\n"}}
[debug] [2026-05-15T11:28:32.748Z] E0515 18:28:32.747962   83597 watch.go:40] Failed to load config from "/Users/tius/Documents/Data Tius/Projeksi-bisnis/dataconnect": could not find dataconnect.yaml in `/Users/tius/Documents/Data Tius/Projeksi-bisnis/dataconnect`
 {"metadata":{"emulator":{"name":"dataconnect"},"message":"E0515 18:28:32.747962   83597 watch.go:40] Failed to load config from \"/Users/tius/Documents/Data Tius/Projeksi-bisnis/dataconnect\": could not find dataconnect.yaml in `/Users/tius/Documents/Data Tius/Projeksi-bisnis/dataconnect`\n"}}
[debug] [2026-05-15T11:28:42.752Z] E0515 18:28:42.750661   83597 watch.go:40] Failed to load config from "/Users/tius/Documents/Data Tius/Projeksi-bisnis/dataconnect": could not find dataconnect.yaml in `/Users/tius/Documents/Data Tius/Projeksi-bisnis/dataconnect`
 {"metadata":{"emulator":{"name":"dataconnect"},"message":"E0515 18:28:42.750661   83597 watch.go:40] Failed to load config from \"/Users/tius/Documents/Data Tius/Projeksi-bisnis/dataconnect\": could not find dataconnect.yaml in `/Users/tius/Documents/Data Tius/Projeksi-bisnis/dataconnect`\n"}}
[debug] [2026-05-15T11:28:52.773Z] E0515 18:28:52.768497   83597 watch.go:40] Failed to load config from "/Users/tius/Documents/Data Tius/Projeksi-bisnis/dataconnect": could not find dataconnect.yaml in `/Users/tius/Documents/Data Tius/Projeksi-bisnis/dataconnect`
 {"metadata":{"emulator":{"name":"dataconnect"},"message":"E0515 18:28:52.768497   83597 watch.go:40] Failed to load config from \"/Users/tius/Documents/Data Tius/Projeksi-bisnis/dataconnect\": could not find dataconnect.yaml in `/Users/tius/Documents/Data Tius/Projeksi-bisnis/dataconnect`\n"}}
[debug] [2026-05-15T11:29:02.747Z] E0515 18:29:02.747522   83597 watch.go:116] watchAllDir unable to walk dir `/Users/tius/Documents/Data Tius/Projeksi-bisnis/dataconnect`: lstat /Users/tius/Documents/Data Tius/Projeksi-bisnis/dataconnect: no such file or directory
E0515 18:29:02.747639   83597 watch.go:40] Failed to load config from "/Users/tius/Documents/Data Tius/Projeksi-bisnis/dataconnect": could not find dataconnect.yaml in `/Users/tius/Documents/Data Tius/Projeksi-bisnis/dataconnect`
 {"metadata":{"emulator":{"name":"dataconnect"},"message":"E0515 18:29:02.747522   83597 watch.go:116] watchAllDir unable to walk dir `/Users/tius/Documents/Data Tius/Projeksi-bisnis/dataconnect`: lstat /Users/tius/Documents/Data Tius/Projeksi-bisnis/dataconnect: no such file or directory\nE0515 18:29:02.747639   83597 watch.go:40] Failed to load config from \"/Users/tius/Documents/Data Tius/Projeksi-bisnis/dataconnect\": could not find dataconnect.yaml in `/Users/tius/Documents/Data Tius/Projeksi-bisnis/dataconnect`\n"}}
[debug] [2026-05-15T11:29:12.748Z] E0515 18:29:12.747840   83597 watch.go:40] Failed to load config from "/Users/tius/Documents/Data Tius/Projeksi-bisnis/dataconnect": could not find dataconnect.yaml in `/Users/tius/Documents/Data Tius/Projeksi-bisnis/dataconnect`
 {"metadata":{"emulator":{"name":"dataconnect"},"message":"E0515 18:29:12.747840   83597 watch.go:40] Failed to load config from \"/Users/tius/Documents/Data Tius/Projeksi-bisnis/dataconnect\": could not find dataconnect.yaml in `/Users/tius/Documents/Data Tius/Projeksi-bisnis/dataconnect`\n"}}
[debug] [2026-05-15T11:29:22.747Z] E0515 18:29:22.747730   83597 watch.go:40] Failed to load config from "/Users/tius/Documents/Data Tius/Projeksi-bisnis/dataconnect": could not find dataconnect.yaml in `/Users/tius/Documents/Data Tius/Projeksi-bisnis/dataconnect`
 {"metadata":{"emulator":{"name":"dataconnect"},"message":"E0515 18:29:22.747730   83597 watch.go:40] Failed to load config from \"/Users/tius/Documents/Data Tius/Projeksi-bisnis/dataconnect\": could not find dataconnect.yaml in `/Users/tius/Documents/Data Tius/Projeksi-bisnis/dataconnect`\n"}}
[debug] [2026-05-15T11:29:32.747Z] E0515 18:29:32.747476   83597 watch.go:40] Failed to load config from "/Users/tius/Documents/Data Tius/Projeksi-bisnis/dataconnect": could not find dataconnect.yaml in `/Users/tius/Documents/Data Tius/Projeksi-bisnis/dataconnect`
 {"metadata":{"emulator":{"name":"dataconnect"},"message":"E0515 18:29:32.747476   83597 watch.go:40] Failed to load config from \"/Users/tius/Documents/Data Tius/Projeksi-bisnis/dataconnect\": could not find dataconnect.yaml in `/Users/tius/Documents/Data Tius/Projeksi-bisnis/dataconnect`\n"}}
[debug] [2026-05-15T11:29:42.747Z] E0515 18:29:42.747592   83597 watch.go:40] Failed to load config from "/Users/tius/Documents/Data Tius/Projeksi-bisnis/dataconnect": could not find dataconnect.yaml in `/Users/tius/Documents/Data Tius/Projeksi-bisnis/dataconnect`
 {"metadata":{"emulator":{"name":"dataconnect"},"message":"E0515 18:29:42.747592   83597 watch.go:40] Failed to load config from \"/Users/tius/Documents/Data Tius/Projeksi-bisnis/dataconnect\": could not find dataconnect.yaml in `/Users/tius/Documents/Data Tius/Projeksi-bisnis/dataconnect`\n"}}
[debug] [2026-05-15T11:29:52.746Z] E0515 18:29:52.746344   83597 watch.go:40] Failed to load config from "/Users/tius/Documents/Data Tius/Projeksi-bisnis/dataconnect": could not find dataconnect.yaml in `/Users/tius/Documents/Data Tius/Projeksi-bisnis/dataconnect`
 {"metadata":{"emulator":{"name":"dataconnect"},"message":"E0515 18:29:52.746344   83597 watch.go:40] Failed to load config from \"/Users/tius/Documents/Data Tius/Projeksi-bisnis/dataconnect\": could not find dataconnect.yaml in `/Users/tius/Documents/Data Tius/Projeksi-bisnis/dataconnect`\n"}}
[debug] [2026-05-15T11:30:02.750Z] E0515 18:30:02.750252   83597 watch.go:116] watchAllDir unable to walk dir `/Users/tius/Documents/Data Tius/Projeksi-bisnis/dataconnect`: lstat /Users/tius/Documents/Data Tius/Projeksi-bisnis/dataconnect: no such file or directory
E0515 18:30:02.750522   83597 watch.go:40] Failed to load config from "/Users/tius/Documents/Data Tius/Projeksi-bisnis/dataconnect": could not find dataconnect.yaml in `/Users/tius/Documents/Data Tius/Projeksi-bisnis/dataconnect`
 {"metadata":{"emulator":{"name":"dataconnect"},"message":"E0515 18:30:02.750252   83597 watch.go:116] watchAllDir unable to walk dir `/Users/tius/Documents/Data Tius/Projeksi-bisnis/dataconnect`: lstat /Users/tius/Documents/Data Tius/Projeksi-bisnis/dataconnect: no such file or directory\nE0515 18:30:02.750522   83597 watch.go:40] Failed to load config from \"/Users/tius/Documents/Data Tius/Projeksi-bisnis/dataconnect\": could not find dataconnect.yaml in `/Users/tius/Documents/Data Tius/Projeksi-bisnis/dataconnect`\n"}}
[debug] [2026-05-15T11:30:12.747Z] E0515 18:30:12.747111   83597 watch.go:40] Failed to load config from "/Users/tius/Documents/Data Tius/Projeksi-bisnis/dataconnect": could not find dataconnect.yaml in `/Users/tius/Documents/Data Tius/Projeksi-bisnis/dataconnect`
 {"metadata":{"emulator":{"name":"dataconnect"},"message":"E0515 18:30:12.747111   83597 watch.go:40] Failed to load config from \"/Users/tius/Documents/Data Tius/Projeksi-bisnis/dataconnect\": could not find dataconnect.yaml in `/Users/tius/Documents/Data Tius/Projeksi-bisnis/dataconnect`\n"}}
[debug] [2026-05-15T11:30:54.581Z] E0515 18:30:22.769637   83597 watch.go:40] Failed to load config from "/Users/tius/Documents/Data Tius/Projeksi-bisnis/dataconnect": could not find dataconnect.yaml in `/Users/tius/Documents/Data Tius/Projeksi-bisnis/dataconnect`
E0515 18:30:32.746084   83597 watch.go:40] Failed to load config from "/Users/tius/Documents/Data Tius/Projeksi-bisnis/dataconnect": could not find dataconnect.yaml in `/Users/tius/Documents/Data Tius/Projeksi-bisnis/dataconnect`
E0515 18:30:42.851955   83597 watch.go:40] Failed to load config from "/Users/tius/Documents/Data Tius/Projeksi-bisnis/dataconnect": could not find dataconnect.yaml in `/Users/tius/Documents/Data Tius/Projeksi-bisnis/dataconnect`
E0515 18:30:52.839032   83597 watch.go:40] Failed to load config from "/Users/tius/Documents/Data Tius/Projeksi-bisnis/dataconnect": could not find dataconnect.yaml in `/Users/tius/Documents/Data Tius/Projeksi-bisnis/dataconnect`
 {"metadata":{"emulator":{"name":"dataconnect"},"message":"E0515 18:30:22.769637   83597 watch.go:40] Failed to load config from \"/Users/tius/Documents/Data Tius/Projeksi-bisnis/dataconnect\": could not find dataconnect.yaml in `/Users/tius/Documents/Data Tius/Projeksi-bisnis/dataconnect`\nE0515 18:30:32.746084   83597 watch.go:40] Failed to load config from \"/Users/tius/Documents/Data Tius/Projeksi-bisnis/dataconnect\": could not find dataconnect.yaml in `/Users/tius/Documents/Data Tius/Projeksi-bisnis/dataconnect`\nE0515 18:30:42.851955   83597 watch.go:40] Failed to load config from \"/Users/tius/Documents/Data Tius/Projeksi-bisnis/dataconnect\": could not find dataconnect.yaml in `/Users/tius/Documents/Data Tius/Projeksi-bisnis/dataconnect`\nE0515 18:30:52.839032   83597 watch.go:40] Failed to load config from \"/Users/tius/Documents/Data Tius/Projeksi-bisnis/dataconnect\": could not find dataconnect.yaml in `/Users/tius/Documents/Data Tius/Projeksi-bisnis/dataconnect`\n"}}
[debug] [2026-05-15T11:31:04.822Z] E0515 18:31:02.834600   83597 watch.go:40] Failed to load config from "/Users/tius/Documents/Data Tius/Projeksi-bisnis/dataconnect": could not find dataconnect.yaml in `/Users/tius/Documents/Data Tius/Projeksi-bisnis/dataconnect`
E0515 18:31:02.834248   83597 watch.go:116] watchAllDir unable to walk dir `/Users/tius/Documents/Data Tius/Projeksi-bisnis/dataconnect`: lstat /Users/tius/Documents/Data Tius/Projeksi-bisnis/dataconnect: no such file or directory
 {"metadata":{"emulator":{"name":"dataconnect"},"message":"E0515 18:31:02.834600   83597 watch.go:40] Failed to load config from \"/Users/tius/Documents/Data Tius/Projeksi-bisnis/dataconnect\": could not find dataconnect.yaml in `/Users/tius/Documents/Data Tius/Projeksi-bisnis/dataconnect`\nE0515 18:31:02.834248   83597 watch.go:116] watchAllDir unable to walk dir `/Users/tius/Documents/Data Tius/Projeksi-bisnis/dataconnect`: lstat /Users/tius/Documents/Data Tius/Projeksi-bisnis/dataconnect: no such file or directory\n"}}
[debug] [2026-05-15T11:31:16.598Z] E0515 18:31:12.833938   83597 watch.go:40] Failed to load config from "/Users/tius/Documents/Data Tius/Projeksi-bisnis/dataconnect": could not find dataconnect.yaml in `/Users/tius/Documents/Data Tius/Projeksi-bisnis/dataconnect`
 {"metadata":{"emulator":{"name":"dataconnect"},"message":"E0515 18:31:12.833938   83597 watch.go:40] Failed to load config from \"/Users/tius/Documents/Data Tius/Projeksi-bisnis/dataconnect\": could not find dataconnect.yaml in `/Users/tius/Documents/Data Tius/Projeksi-bisnis/dataconnect`\n"}}
[debug] [2026-05-15T11:31:36.595Z] E0515 18:31:22.839746   83597 watch.go:40] Failed to load config from "/Users/tius/Documents/Data Tius/Projeksi-bisnis/dataconnect": could not find dataconnect.yaml in `/Users/tius/Documents/Data Tius/Projeksi-bisnis/dataconnect`
E0515 18:31:32.834493   83597 watch.go:40] Failed to load config from "/Users/tius/Documents/Data Tius/Projeksi-bisnis/dataconnect": could not find dataconnect.yaml in `/Users/tius/Documents/Data Tius/Projeksi-bisnis/dataconnect`
 {"metadata":{"emulator":{"name":"dataconnect"},"message":"E0515 18:31:22.839746   83597 watch.go:40] Failed to load config from \"/Users/tius/Documents/Data Tius/Projeksi-bisnis/dataconnect\": could not find dataconnect.yaml in `/Users/tius/Documents/Data Tius/Projeksi-bisnis/dataconnect`\nE0515 18:31:32.834493   83597 watch.go:40] Failed to load config from \"/Users/tius/Documents/Data Tius/Projeksi-bisnis/dataconnect\": could not find dataconnect.yaml in `/Users/tius/Documents/Data Tius/Projeksi-bisnis/dataconnect`\n"}}
[debug] [2026-05-15T11:31:44.362Z] E0515 18:31:42.833191   83597 watch.go:40] Failed to load config from "/Users/tius/Documents/Data Tius/Projeksi-bisnis/dataconnect": could not find dataconnect.yaml in `/Users/tius/Documents/Data Tius/Projeksi-bisnis/dataconnect`
 {"metadata":{"emulator":{"name":"dataconnect"},"message":"E0515 18:31:42.833191   83597 watch.go:40] Failed to load config from \"/Users/tius/Documents/Data Tius/Projeksi-bisnis/dataconnect\": could not find dataconnect.yaml in `/Users/tius/Documents/Data Tius/Projeksi-bisnis/dataconnect`\n"}}
[debug] [2026-05-15T11:31:55.862Z] E0515 18:31:52.833940   83597 watch.go:40] Failed to load config from "/Users/tius/Documents/Data Tius/Projeksi-bisnis/dataconnect": could not find dataconnect.yaml in `/Users/tius/Documents/Data Tius/Projeksi-bisnis/dataconnect`
 {"metadata":{"emulator":{"name":"dataconnect"},"message":"E0515 18:31:52.833940   83597 watch.go:40] Failed to load config from \"/Users/tius/Documents/Data Tius/Projeksi-bisnis/dataconnect\": could not find dataconnect.yaml in `/Users/tius/Documents/Data Tius/Projeksi-bisnis/dataconnect`\n"}}
[debug] [2026-05-15T11:32:02.835Z] E0515 18:32:02.835210   83597 watch.go:40] Failed to load config from "/Users/tius/Documents/Data Tius/Projeksi-bisnis/dataconnect": could not find dataconnect.yaml in `/Users/tius/Documents/Data Tius/Projeksi-bisnis/dataconnect`
 {"metadata":{"emulator":{"name":"dataconnect"},"message":"E0515 18:32:02.835210   83597 watch.go:40] Failed to load config from \"/Users/tius/Documents/Data Tius/Projeksi-bisnis/dataconnect\": could not find dataconnect.yaml in `/Users/tius/Documents/Data Tius/Projeksi-bisnis/dataconnect`\n"}}
[debug] [2026-05-15T11:32:02.839Z] E0515 18:32:02.835190   83597 watch.go:116] watchAllDir unable to walk dir `/Users/tius/Documents/Data Tius/Projeksi-bisnis/dataconnect`: lstat /Users/tius/Documents/Data Tius/Projeksi-bisnis/dataconnect: no such file or directory
 {"metadata":{"emulator":{"name":"dataconnect"},"message":"E0515 18:32:02.835190   83597 watch.go:116] watchAllDir unable to walk dir `/Users/tius/Documents/Data Tius/Projeksi-bisnis/dataconnect`: lstat /Users/tius/Documents/Data Tius/Projeksi-bisnis/dataconnect: no such file or directory\n"}}
[debug] [2026-05-15T11:32:12.833Z] E0515 18:32:12.833148   83597 watch.go:40] Failed to load config from "/Users/tius/Documents/Data Tius/Projeksi-bisnis/dataconnect": could not find dataconnect.yaml in `/Users/tius/Documents/Data Tius/Projeksi-bisnis/dataconnect`
 {"metadata":{"emulator":{"name":"dataconnect"},"message":"E0515 18:32:12.833148   83597 watch.go:40] Failed to load config from \"/Users/tius/Documents/Data Tius/Projeksi-bisnis/dataconnect\": could not find dataconnect.yaml in `/Users/tius/Documents/Data Tius/Projeksi-bisnis/dataconnect`\n"}}
[debug] [2026-05-15T11:32:22.861Z] E0515 18:32:22.833680   83597 watch.go:40] Failed to load config from "/Users/tius/Documents/Data Tius/Projeksi-bisnis/dataconnect": could not find dataconnect.yaml in `/Users/tius/Documents/Data Tius/Projeksi-bisnis/dataconnect`
 {"metadata":{"emulator":{"name":"dataconnect"},"message":"E0515 18:32:22.833680   83597 watch.go:40] Failed to load config from \"/Users/tius/Documents/Data Tius/Projeksi-bisnis/dataconnect\": could not find dataconnect.yaml in `/Users/tius/Documents/Data Tius/Projeksi-bisnis/dataconnect`\n"}}
[debug] [2026-05-15T11:32:32.881Z] E0515 18:32:32.879097   83597 watch.go:40] Failed to load config from "/Users/tius/Documents/Data Tius/Projeksi-bisnis/dataconnect": could not find dataconnect.yaml in `/Users/tius/Documents/Data Tius/Projeksi-bisnis/dataconnect`
 {"metadata":{"emulator":{"name":"dataconnect"},"message":"E0515 18:32:32.879097   83597 watch.go:40] Failed to load config from \"/Users/tius/Documents/Data Tius/Projeksi-bisnis/dataconnect\": could not find dataconnect.yaml in `/Users/tius/Documents/Data Tius/Projeksi-bisnis/dataconnect`\n"}}
[debug] [2026-05-15T11:32:43.103Z] E0515 18:32:42.836252   83597 watch.go:40] Failed to load config from "/Users/tius/Documents/Data Tius/Projeksi-bisnis/dataconnect": could not find dataconnect.yaml in `/Users/tius/Documents/Data Tius/Projeksi-bisnis/dataconnect`
 {"metadata":{"emulator":{"name":"dataconnect"},"message":"E0515 18:32:42.836252   83597 watch.go:40] Failed to load config from \"/Users/tius/Documents/Data Tius/Projeksi-bisnis/dataconnect\": could not find dataconnect.yaml in `/Users/tius/Documents/Data Tius/Projeksi-bisnis/dataconnect`\n"}}
[debug] [2026-05-15T11:32:55.026Z] E0515 18:32:52.837444   83597 watch.go:40] Failed to load config from "/Users/tius/Documents/Data Tius/Projeksi-bisnis/dataconnect": could not find dataconnect.yaml in `/Users/tius/Documents/Data Tius/Projeksi-bisnis/dataconnect`
 {"metadata":{"emulator":{"name":"dataconnect"},"message":"E0515 18:32:52.837444   83597 watch.go:40] Failed to load config from \"/Users/tius/Documents/Data Tius/Projeksi-bisnis/dataconnect\": could not find dataconnect.yaml in `/Users/tius/Documents/Data Tius/Projeksi-bisnis/dataconnect`\n"}}
[debug] [2026-05-15T11:33:02.833Z] E0515 18:33:02.833698   83597 watch.go:40] Failed to load config from "/Users/tius/Documents/Data Tius/Projeksi-bisnis/dataconnect": could not find dataconnect.yaml in `/Users/tius/Documents/Data Tius/Projeksi-bisnis/dataconnect`
 {"metadata":{"emulator":{"name":"dataconnect"},"message":"E0515 18:33:02.833698   83597 watch.go:40] Failed to load config from \"/Users/tius/Documents/Data Tius/Projeksi-bisnis/dataconnect\": could not find dataconnect.yaml in `/Users/tius/Documents/Data Tius/Projeksi-bisnis/dataconnect`\n"}}
[debug] [2026-05-15T11:33:02.861Z] E0515 18:33:02.840824   83597 watch.go:116] watchAllDir unable to walk dir `/Users/tius/Documents/Data Tius/Projeksi-bisnis/dataconnect`: lstat /Users/tius/Documents/Data Tius/Projeksi-bisnis/dataconnect: no such file or directory
 {"metadata":{"emulator":{"name":"dataconnect"},"message":"E0515 18:33:02.840824   83597 watch.go:116] watchAllDir unable to walk dir `/Users/tius/Documents/Data Tius/Projeksi-bisnis/dataconnect`: lstat /Users/tius/Documents/Data Tius/Projeksi-bisnis/dataconnect: no such file or directory\n"}}
[debug] [2026-05-15T11:33:18.329Z] E0515 18:33:12.961635   83597 watch.go:40] Failed to load config from "/Users/tius/Documents/Data Tius/Projeksi-bisnis/dataconnect": could not find dataconnect.yaml in `/Users/tius/Documents/Data Tius/Projeksi-bisnis/dataconnect`
 {"metadata":{"emulator":{"name":"dataconnect"},"message":"E0515 18:33:12.961635   83597 watch.go:40] Failed to load config from \"/Users/tius/Documents/Data Tius/Projeksi-bisnis/dataconnect\": could not find dataconnect.yaml in `/Users/tius/Documents/Data Tius/Projeksi-bisnis/dataconnect`\n"}}
[debug] [2026-05-15T11:33:23.591Z] E0515 18:33:22.833733   83597 watch.go:40] Failed to load config from "/Users/tius/Documents/Data Tius/Projeksi-bisnis/dataconnect": could not find dataconnect.yaml in `/Users/tius/Documents/Data Tius/Projeksi-bisnis/dataconnect`
 {"metadata":{"emulator":{"name":"dataconnect"},"message":"E0515 18:33:22.833733   83597 watch.go:40] Failed to load config from \"/Users/tius/Documents/Data Tius/Projeksi-bisnis/dataconnect\": could not find dataconnect.yaml in `/Users/tius/Documents/Data Tius/Projeksi-bisnis/dataconnect`\n"}}
[debug] [2026-05-15T11:33:32.834Z] E0515 18:33:32.833873   83597 watch.go:40] Failed to load config from "/Users/tius/Documents/Data Tius/Projeksi-bisnis/dataconnect": could not find dataconnect.yaml in `/Users/tius/Documents/Data Tius/Projeksi-bisnis/dataconnect`
 {"metadata":{"emulator":{"name":"dataconnect"},"message":"E0515 18:33:32.833873   83597 watch.go:40] Failed to load config from \"/Users/tius/Documents/Data Tius/Projeksi-bisnis/dataconnect\": could not find dataconnect.yaml in `/Users/tius/Documents/Data Tius/Projeksi-bisnis/dataconnect`\n"}}
[debug] [2026-05-15T11:33:42.851Z] E0515 18:33:42.845803   83597 watch.go:40] Failed to load config from "/Users/tius/Documents/Data Tius/Projeksi-bisnis/dataconnect": could not find dataconnect.yaml in `/Users/tius/Documents/Data Tius/Projeksi-bisnis/dataconnect`
 {"metadata":{"emulator":{"name":"dataconnect"},"message":"E0515 18:33:42.845803   83597 watch.go:40] Failed to load config from \"/Users/tius/Documents/Data Tius/Projeksi-bisnis/dataconnect\": could not find dataconnect.yaml in `/Users/tius/Documents/Data Tius/Projeksi-bisnis/dataconnect`\n"}}
[debug] [2026-05-15T11:33:52.833Z] E0515 18:33:52.833700   83597 watch.go:40] Failed to load config from "/Users/tius/Documents/Data Tius/Projeksi-bisnis/dataconnect": could not find dataconnect.yaml in `/Users/tius/Documents/Data Tius/Projeksi-bisnis/dataconnect`
 {"metadata":{"emulator":{"name":"dataconnect"},"message":"E0515 18:33:52.833700   83597 watch.go:40] Failed to load config from \"/Users/tius/Documents/Data Tius/Projeksi-bisnis/dataconnect\": could not find dataconnect.yaml in `/Users/tius/Documents/Data Tius/Projeksi-bisnis/dataconnect`\n"}}
[debug] [2026-05-15T11:34:11.122Z] E0515 18:34:02.833748   83597 watch.go:40] Failed to load config from "/Users/tius/Documents/Data Tius/Projeksi-bisnis/dataconnect": could not find dataconnect.yaml in `/Users/tius/Documents/Data Tius/Projeksi-bisnis/dataconnect`
E0515 18:34:02.833687   83597 watch.go:116] watchAllDir unable to walk dir `/Users/tius/Documents/Data Tius/Projeksi-bisnis/dataconnect`: lstat /Users/tius/Documents/Data Tius/Projeksi-bisnis/dataconnect: no such file or directory
 {"metadata":{"emulator":{"name":"dataconnect"},"message":"E0515 18:34:02.833748   83597 watch.go:40] Failed to load config from \"/Users/tius/Documents/Data Tius/Projeksi-bisnis/dataconnect\": could not find dataconnect.yaml in `/Users/tius/Documents/Data Tius/Projeksi-bisnis/dataconnect`\nE0515 18:34:02.833687   83597 watch.go:116] watchAllDir unable to walk dir `/Users/tius/Documents/Data Tius/Projeksi-bisnis/dataconnect`: lstat /Users/tius/Documents/Data Tius/Projeksi-bisnis/dataconnect: no such file or directory\n"}}
[debug] [2026-05-15T11:34:13.772Z] E0515 18:34:12.832866   83597 watch.go:40] Failed to load config from "/Users/tius/Documents/Data Tius/Projeksi-bisnis/dataconnect": could not find dataconnect.yaml in `/Users/tius/Documents/Data Tius/Projeksi-bisnis/dataconnect`
 {"metadata":{"emulator":{"name":"dataconnect"},"message":"E0515 18:34:12.832866   83597 watch.go:40] Failed to load config from \"/Users/tius/Documents/Data Tius/Projeksi-bisnis/dataconnect\": could not find dataconnect.yaml in `/Users/tius/Documents/Data Tius/Projeksi-bisnis/dataconnect`\n"}}
[debug] [2026-05-15T11:34:23.338Z] E0515 18:34:22.863561   83597 watch.go:40] Failed to load config from "/Users/tius/Documents/Data Tius/Projeksi-bisnis/dataconnect": could not find dataconnect.yaml in `/Users/tius/Documents/Data Tius/Projeksi-bisnis/dataconnect`
 {"metadata":{"emulator":{"name":"dataconnect"},"message":"E0515 18:34:22.863561   83597 watch.go:40] Failed to load config from \"/Users/tius/Documents/Data Tius/Projeksi-bisnis/dataconnect\": could not find dataconnect.yaml in `/Users/tius/Documents/Data Tius/Projeksi-bisnis/dataconnect`\n"}}
[debug] [2026-05-15T11:34:35.146Z] E0515 18:34:32.834921   83597 watch.go:40] Failed to load config from "/Users/tius/Documents/Data Tius/Projeksi-bisnis/dataconnect": could not find dataconnect.yaml in `/Users/tius/Documents/Data Tius/Projeksi-bisnis/dataconnect`
 {"metadata":{"emulator":{"name":"dataconnect"},"message":"E0515 18:34:32.834921   83597 watch.go:40] Failed to load config from \"/Users/tius/Documents/Data Tius/Projeksi-bisnis/dataconnect\": could not find dataconnect.yaml in `/Users/tius/Documents/Data Tius/Projeksi-bisnis/dataconnect`\n"}}
[debug] [2026-05-15T11:34:42.834Z] E0515 18:34:42.833947   83597 watch.go:40] Failed to load config from "/Users/tius/Documents/Data Tius/Projeksi-bisnis/dataconnect": could not find dataconnect.yaml in `/Users/tius/Documents/Data Tius/Projeksi-bisnis/dataconnect`
 {"metadata":{"emulator":{"name":"dataconnect"},"message":"E0515 18:34:42.833947   83597 watch.go:40] Failed to load config from \"/Users/tius/Documents/Data Tius/Projeksi-bisnis/dataconnect\": could not find dataconnect.yaml in `/Users/tius/Documents/Data Tius/Projeksi-bisnis/dataconnect`\n"}}
[debug] [2026-05-15T11:34:52.833Z] E0515 18:34:52.833572   83597 watch.go:40] Failed to load config from "/Users/tius/Documents/Data Tius/Projeksi-bisnis/dataconnect": could not find dataconnect.yaml in `/Users/tius/Documents/Data Tius/Projeksi-bisnis/dataconnect`
 {"metadata":{"emulator":{"name":"dataconnect"},"message":"E0515 18:34:52.833572   83597 watch.go:40] Failed to load config from \"/Users/tius/Documents/Data Tius/Projeksi-bisnis/dataconnect\": could not find dataconnect.yaml in `/Users/tius/Documents/Data Tius/Projeksi-bisnis/dataconnect`\n"}}
[debug] [2026-05-15T11:35:02.833Z] E0515 18:35:02.833609   83597 watch.go:116] watchAllDir unable to walk dir `/Users/tius/Documents/Data Tius/Projeksi-bisnis/dataconnect`: lstat /Users/tius/Documents/Data Tius/Projeksi-bisnis/dataconnect: no such file or directory
 {"metadata":{"emulator":{"name":"dataconnect"},"message":"E0515 18:35:02.833609   83597 watch.go:116] watchAllDir unable to walk dir `/Users/tius/Documents/Data Tius/Projeksi-bisnis/dataconnect`: lstat /Users/tius/Documents/Data Tius/Projeksi-bisnis/dataconnect: no such file or directory\n"}}
[debug] [2026-05-15T11:35:02.837Z] E0515 18:35:02.836519   83597 watch.go:40] Failed to load config from "/Users/tius/Documents/Data Tius/Projeksi-bisnis/dataconnect": could not find dataconnect.yaml in `/Users/tius/Documents/Data Tius/Projeksi-bisnis/dataconnect`
 {"metadata":{"emulator":{"name":"dataconnect"},"message":"E0515 18:35:02.836519   83597 watch.go:40] Failed to load config from \"/Users/tius/Documents/Data Tius/Projeksi-bisnis/dataconnect\": could not find dataconnect.yaml in `/Users/tius/Documents/Data Tius/Projeksi-bisnis/dataconnect`\n"}}
[debug] [2026-05-15T11:35:12.837Z] E0515 18:35:12.836389   83597 watch.go:40] Failed to load config from "/Users/tius/Documents/Data Tius/Projeksi-bisnis/dataconnect": could not find dataconnect.yaml in `/Users/tius/Documents/Data Tius/Projeksi-bisnis/dataconnect`
 {"metadata":{"emulator":{"name":"dataconnect"},"message":"E0515 18:35:12.836389   83597 watch.go:40] Failed to load config from \"/Users/tius/Documents/Data Tius/Projeksi-bisnis/dataconnect\": could not find dataconnect.yaml in `/Users/tius/Documents/Data Tius/Projeksi-bisnis/dataconnect`\n"}}
[debug] [2026-05-15T11:35:22.834Z] E0515 18:35:22.834682   83597 watch.go:40] Failed to load config from "/Users/tius/Documents/Data Tius/Projeksi-bisnis/dataconnect": could not find dataconnect.yaml in `/Users/tius/Documents/Data Tius/Projeksi-bisnis/dataconnect`
 {"metadata":{"emulator":{"name":"dataconnect"},"message":"E0515 18:35:22.834682   83597 watch.go:40] Failed to load config from \"/Users/tius/Documents/Data Tius/Projeksi-bisnis/dataconnect\": could not find dataconnect.yaml in `/Users/tius/Documents/Data Tius/Projeksi-bisnis/dataconnect`\n"}}
[debug] [2026-05-15T11:35:32.833Z] E0515 18:35:32.832682   83597 watch.go:40] Failed to load config from "/Users/tius/Documents/Data Tius/Projeksi-bisnis/dataconnect": could not find dataconnect.yaml in `/Users/tius/Documents/Data Tius/Projeksi-bisnis/dataconnect`
 {"metadata":{"emulator":{"name":"dataconnect"},"message":"E0515 18:35:32.832682   83597 watch.go:40] Failed to load config from \"/Users/tius/Documents/Data Tius/Projeksi-bisnis/dataconnect\": could not find dataconnect.yaml in `/Users/tius/Documents/Data Tius/Projeksi-bisnis/dataconnect`\n"}}
[debug] [2026-05-15T11:35:42.851Z] E0515 18:35:42.833457   83597 watch.go:40] Failed to load config from "/Users/tius/Documents/Data Tius/Projeksi-bisnis/dataconnect": could not find dataconnect.yaml in `/Users/tius/Documents/Data Tius/Projeksi-bisnis/dataconnect`
 {"metadata":{"emulator":{"name":"dataconnect"},"message":"E0515 18:35:42.833457   83597 watch.go:40] Failed to load config from \"/Users/tius/Documents/Data Tius/Projeksi-bisnis/dataconnect\": could not find dataconnect.yaml in `/Users/tius/Documents/Data Tius/Projeksi-bisnis/dataconnect`\n"}}
[debug] [2026-05-15T11:35:52.834Z] E0515 18:35:52.833139   83597 watch.go:40] Failed to load config from "/Users/tius/Documents/Data Tius/Projeksi-bisnis/dataconnect": could not find dataconnect.yaml in `/Users/tius/Documents/Data Tius/Projeksi-bisnis/dataconnect`
 {"metadata":{"emulator":{"name":"dataconnect"},"message":"E0515 18:35:52.833139   83597 watch.go:40] Failed to load config from \"/Users/tius/Documents/Data Tius/Projeksi-bisnis/dataconnect\": could not find dataconnect.yaml in `/Users/tius/Documents/Data Tius/Projeksi-bisnis/dataconnect`\n"}}
[debug] [2026-05-15T11:36:02.833Z] E0515 18:36:02.833454   83597 watch.go:40] Failed to load config from "/Users/tius/Documents/Data Tius/Projeksi-bisnis/dataconnect": could not find dataconnect.yaml in `/Users/tius/Documents/Data Tius/Projeksi-bisnis/dataconnect`
 {"metadata":{"emulator":{"name":"dataconnect"},"message":"E0515 18:36:02.833454   83597 watch.go:40] Failed to load config from \"/Users/tius/Documents/Data Tius/Projeksi-bisnis/dataconnect\": could not find dataconnect.yaml in `/Users/tius/Documents/Data Tius/Projeksi-bisnis/dataconnect`\n"}}
[debug] [2026-05-15T11:36:02.844Z] E0515 18:36:02.833335   83597 watch.go:116] watchAllDir unable to walk dir `/Users/tius/Documents/Data Tius/Projeksi-bisnis/dataconnect`: lstat /Users/tius/Documents/Data Tius/Projeksi-bisnis/dataconnect: no such file or directory
 {"metadata":{"emulator":{"name":"dataconnect"},"message":"E0515 18:36:02.833335   83597 watch.go:116] watchAllDir unable to walk dir `/Users/tius/Documents/Data Tius/Projeksi-bisnis/dataconnect`: lstat /Users/tius/Documents/Data Tius/Projeksi-bisnis/dataconnect: no such file or directory\n"}}
[debug] [2026-05-15T11:36:12.832Z] E0515 18:36:12.832382   83597 watch.go:40] Failed to load config from "/Users/tius/Documents/Data Tius/Projeksi-bisnis/dataconnect": could not find dataconnect.yaml in `/Users/tius/Documents/Data Tius/Projeksi-bisnis/dataconnect`
 {"metadata":{"emulator":{"name":"dataconnect"},"message":"E0515 18:36:12.832382   83597 watch.go:40] Failed to load config from \"/Users/tius/Documents/Data Tius/Projeksi-bisnis/dataconnect\": could not find dataconnect.yaml in `/Users/tius/Documents/Data Tius/Projeksi-bisnis/dataconnect`\n"}}
[debug] [2026-05-15T11:36:22.833Z] E0515 18:36:22.833237   83597 watch.go:40] Failed to load config from "/Users/tius/Documents/Data Tius/Projeksi-bisnis/dataconnect": could not find dataconnect.yaml in `/Users/tius/Documents/Data Tius/Projeksi-bisnis/dataconnect`
 {"metadata":{"emulator":{"name":"dataconnect"},"message":"E0515 18:36:22.833237   83597 watch.go:40] Failed to load config from \"/Users/tius/Documents/Data Tius/Projeksi-bisnis/dataconnect\": could not find dataconnect.yaml in `/Users/tius/Documents/Data Tius/Projeksi-bisnis/dataconnect`\n"}}
[debug] [2026-05-15T11:36:32.933Z] E0515 18:36:32.933097   83597 watch.go:40] Failed to load config from "/Users/tius/Documents/Data Tius/Projeksi-bisnis/dataconnect": could not find dataconnect.yaml in `/Users/tius/Documents/Data Tius/Projeksi-bisnis/dataconnect`
 {"metadata":{"emulator":{"name":"dataconnect"},"message":"E0515 18:36:32.933097   83597 watch.go:40] Failed to load config from \"/Users/tius/Documents/Data Tius/Projeksi-bisnis/dataconnect\": could not find dataconnect.yaml in `/Users/tius/Documents/Data Tius/Projeksi-bisnis/dataconnect`\n"}}
[debug] [2026-05-15T11:36:48.123Z] E0515 18:36:42.839534   83597 watch.go:40] Failed to load config from "/Users/tius/Documents/Data Tius/Projeksi-bisnis/dataconnect": could not find dataconnect.yaml in `/Users/tius/Documents/Data Tius/Projeksi-bisnis/dataconnect`
 {"metadata":{"emulator":{"name":"dataconnect"},"message":"E0515 18:36:42.839534   83597 watch.go:40] Failed to load config from \"/Users/tius/Documents/Data Tius/Projeksi-bisnis/dataconnect\": could not find dataconnect.yaml in `/Users/tius/Documents/Data Tius/Projeksi-bisnis/dataconnect`\n"}}
[debug] [2026-05-15T11:36:54.969Z] E0515 18:36:52.833931   83597 watch.go:40] Failed to load config from "/Users/tius/Documents/Data Tius/Projeksi-bisnis/dataconnect": could not find dataconnect.yaml in `/Users/tius/Documents/Data Tius/Projeksi-bisnis/dataconnect`
 {"metadata":{"emulator":{"name":"dataconnect"},"message":"E0515 18:36:52.833931   83597 watch.go:40] Failed to load config from \"/Users/tius/Documents/Data Tius/Projeksi-bisnis/dataconnect\": could not find dataconnect.yaml in `/Users/tius/Documents/Data Tius/Projeksi-bisnis/dataconnect`\n"}}
[debug] [2026-05-15T11:37:10.720Z] E0515 18:37:02.837368   83597 watch.go:116] watchAllDir unable to walk dir `/Users/tius/Documents/Data Tius/Projeksi-bisnis/dataconnect`: lstat /Users/tius/Documents/Data Tius/Projeksi-bisnis/dataconnect: no such file or directory
E0515 18:37:02.838781   83597 watch.go:40] Failed to load config from "/Users/tius/Documents/Data Tius/Projeksi-bisnis/dataconnect": could not find dataconnect.yaml in `/Users/tius/Documents/Data Tius/Projeksi-bisnis/dataconnect`
 {"metadata":{"emulator":{"name":"dataconnect"},"message":"E0515 18:37:02.837368   83597 watch.go:116] watchAllDir unable to walk dir `/Users/tius/Documents/Data Tius/Projeksi-bisnis/dataconnect`: lstat /Users/tius/Documents/Data Tius/Projeksi-bisnis/dataconnect: no such file or directory\nE0515 18:37:02.838781   83597 watch.go:40] Failed to load config from \"/Users/tius/Documents/Data Tius/Projeksi-bisnis/dataconnect\": could not find dataconnect.yaml in `/Users/tius/Documents/Data Tius/Projeksi-bisnis/dataconnect`\n"}}
[debug] [2026-05-15T11:37:12.874Z] E0515 18:37:12.844013   83597 watch.go:40] Failed to load config from "/Users/tius/Documents/Data Tius/Projeksi-bisnis/dataconnect": could not find dataconnect.yaml in `/Users/tius/Documents/Data Tius/Projeksi-bisnis/dataconnect`
 {"metadata":{"emulator":{"name":"dataconnect"},"message":"E0515 18:37:12.844013   83597 watch.go:40] Failed to load config from \"/Users/tius/Documents/Data Tius/Projeksi-bisnis/dataconnect\": could not find dataconnect.yaml in `/Users/tius/Documents/Data Tius/Projeksi-bisnis/dataconnect`\n"}}
[debug] [2026-05-15T11:37:37.786Z] E0515 18:37:22.833160   83597 watch.go:40] Failed to load config from "/Users/tius/Documents/Data Tius/Projeksi-bisnis/dataconnect": could not find dataconnect.yaml in `/Users/tius/Documents/Data Tius/Projeksi-bisnis/dataconnect`
E0515 18:37:32.834616   83597 watch.go:40] Failed to load config from "/Users/tius/Documents/Data Tius/Projeksi-bisnis/dataconnect": could not find dataconnect.yaml in `/Users/tius/Documents/Data Tius/Projeksi-bisnis/dataconnect`
 {"metadata":{"emulator":{"name":"dataconnect"},"message":"E0515 18:37:22.833160   83597 watch.go:40] Failed to load config from \"/Users/tius/Documents/Data Tius/Projeksi-bisnis/dataconnect\": could not find dataconnect.yaml in `/Users/tius/Documents/Data Tius/Projeksi-bisnis/dataconnect`\nE0515 18:37:32.834616   83597 watch.go:40] Failed to load config from \"/Users/tius/Documents/Data Tius/Projeksi-bisnis/dataconnect\": could not find dataconnect.yaml in `/Users/tius/Documents/Data Tius/Projeksi-bisnis/dataconnect`\n"}}
[debug] [2026-05-15T11:37:42.863Z] E0515 18:37:42.862099   83597 watch.go:40] Failed to load config from "/Users/tius/Documents/Data Tius/Projeksi-bisnis/dataconnect": could not find dataconnect.yaml in `/Users/tius/Documents/Data Tius/Projeksi-bisnis/dataconnect`
 {"metadata":{"emulator":{"name":"dataconnect"},"message":"E0515 18:37:42.862099   83597 watch.go:40] Failed to load config from \"/Users/tius/Documents/Data Tius/Projeksi-bisnis/dataconnect\": could not find dataconnect.yaml in `/Users/tius/Documents/Data Tius/Projeksi-bisnis/dataconnect`\n"}}
[debug] [2026-05-15T11:37:52.882Z] E0515 18:37:52.833026   83597 watch.go:40] Failed to load config from "/Users/tius/Documents/Data Tius/Projeksi-bisnis/dataconnect": could not find dataconnect.yaml in `/Users/tius/Documents/Data Tius/Projeksi-bisnis/dataconnect`
 {"metadata":{"emulator":{"name":"dataconnect"},"message":"E0515 18:37:52.833026   83597 watch.go:40] Failed to load config from \"/Users/tius/Documents/Data Tius/Projeksi-bisnis/dataconnect\": could not find dataconnect.yaml in `/Users/tius/Documents/Data Tius/Projeksi-bisnis/dataconnect`\n"}}
[debug] [2026-05-15T11:38:02.833Z] E0515 18:38:02.833472   83597 watch.go:40] Failed to load config from "/Users/tius/Documents/Data Tius/Projeksi-bisnis/dataconnect": could not find dataconnect.yaml in `/Users/tius/Documents/Data Tius/Projeksi-bisnis/dataconnect`
 {"metadata":{"emulator":{"name":"dataconnect"},"message":"E0515 18:38:02.833472   83597 watch.go:40] Failed to load config from \"/Users/tius/Documents/Data Tius/Projeksi-bisnis/dataconnect\": could not find dataconnect.yaml in `/Users/tius/Documents/Data Tius/Projeksi-bisnis/dataconnect`\n"}}
[debug] [2026-05-15T11:38:02.991Z] E0515 18:38:02.833619   83597 watch.go:116] watchAllDir unable to walk dir `/Users/tius/Documents/Data Tius/Projeksi-bisnis/dataconnect`: lstat /Users/tius/Documents/Data Tius/Projeksi-bisnis/dataconnect: no such file or directory
 {"metadata":{"emulator":{"name":"dataconnect"},"message":"E0515 18:38:02.833619   83597 watch.go:116] watchAllDir unable to walk dir `/Users/tius/Documents/Data Tius/Projeksi-bisnis/dataconnect`: lstat /Users/tius/Documents/Data Tius/Projeksi-bisnis/dataconnect: no such file or directory\n"}}
[debug] [2026-05-15T11:38:12.834Z] E0515 18:38:12.833460   83597 watch.go:40] Failed to load config from "/Users/tius/Documents/Data Tius/Projeksi-bisnis/dataconnect": could not find dataconnect.yaml in `/Users/tius/Documents/Data Tius/Projeksi-bisnis/dataconnect`
 {"metadata":{"emulator":{"name":"dataconnect"},"message":"E0515 18:38:12.833460   83597 watch.go:40] Failed to load config from \"/Users/tius/Documents/Data Tius/Projeksi-bisnis/dataconnect\": could not find dataconnect.yaml in `/Users/tius/Documents/Data Tius/Projeksi-bisnis/dataconnect`\n"}}
[debug] [2026-05-15T11:38:22.833Z] E0515 18:38:22.832790   83597 watch.go:40] Failed to load config from "/Users/tius/Documents/Data Tius/Projeksi-bisnis/dataconnect": could not find dataconnect.yaml in `/Users/tius/Documents/Data Tius/Projeksi-bisnis/dataconnect`
 {"metadata":{"emulator":{"name":"dataconnect"},"message":"E0515 18:38:22.832790   83597 watch.go:40] Failed to load config from \"/Users/tius/Documents/Data Tius/Projeksi-bisnis/dataconnect\": could not find dataconnect.yaml in `/Users/tius/Documents/Data Tius/Projeksi-bisnis/dataconnect`\n"}}
[debug] [2026-05-15T11:38:32.832Z] E0515 18:38:32.832616   83597 watch.go:40] Failed to load config from "/Users/tius/Documents/Data Tius/Projeksi-bisnis/dataconnect": could not find dataconnect.yaml in `/Users/tius/Documents/Data Tius/Projeksi-bisnis/dataconnect`
 {"metadata":{"emulator":{"name":"dataconnect"},"message":"E0515 18:38:32.832616   83597 watch.go:40] Failed to load config from \"/Users/tius/Documents/Data Tius/Projeksi-bisnis/dataconnect\": could not find dataconnect.yaml in `/Users/tius/Documents/Data Tius/Projeksi-bisnis/dataconnect`\n"}}
[debug] [2026-05-15T11:38:55.074Z] E0515 18:38:42.833163   83597 watch.go:40] Failed to load config from "/Users/tius/Documents/Data Tius/Projeksi-bisnis/dataconnect": could not find dataconnect.yaml in `/Users/tius/Documents/Data Tius/Projeksi-bisnis/dataconnect`
E0515 18:38:52.863731   83597 watch.go:40] Failed to load config from "/Users/tius/Documents/Data Tius/Projeksi-bisnis/dataconnect": could not find dataconnect.yaml in `/Users/tius/Documents/Data Tius/Projeksi-bisnis/dataconnect`
 {"metadata":{"emulator":{"name":"dataconnect"},"message":"E0515 18:38:42.833163   83597 watch.go:40] Failed to load config from \"/Users/tius/Documents/Data Tius/Projeksi-bisnis/dataconnect\": could not find dataconnect.yaml in `/Users/tius/Documents/Data Tius/Projeksi-bisnis/dataconnect`\nE0515 18:38:52.863731   83597 watch.go:40] Failed to load config from \"/Users/tius/Documents/Data Tius/Projeksi-bisnis/dataconnect\": could not find dataconnect.yaml in `/Users/tius/Documents/Data Tius/Projeksi-bisnis/dataconnect`\n"}}
[debug] [2026-05-15T11:39:02.833Z] E0515 18:39:02.833250   83597 watch.go:40] Failed to load config from "/Users/tius/Documents/Data Tius/Projeksi-bisnis/dataconnect": could not find dataconnect.yaml in `/Users/tius/Documents/Data Tius/Projeksi-bisnis/dataconnect`
E0515 18:39:02.833174   83597 watch.go:116] watchAllDir unable to walk dir `/Users/tius/Documents/Data Tius/Projeksi-bisnis/dataconnect`: lstat /Users/tius/Documents/Data Tius/Projeksi-bisnis/dataconnect: no such file or directory
 {"metadata":{"emulator":{"name":"dataconnect"},"message":"E0515 18:39:02.833250   83597 watch.go:40] Failed to load config from \"/Users/tius/Documents/Data Tius/Projeksi-bisnis/dataconnect\": could not find dataconnect.yaml in `/Users/tius/Documents/Data Tius/Projeksi-bisnis/dataconnect`\nE0515 18:39:02.833174   83597 watch.go:116] watchAllDir unable to walk dir `/Users/tius/Documents/Data Tius/Projeksi-bisnis/dataconnect`: lstat /Users/tius/Documents/Data Tius/Projeksi-bisnis/dataconnect: no such file or directory\n"}}
[debug] [2026-05-15T11:39:12.833Z] E0515 18:39:12.833125   83597 watch.go:40] Failed to load config from "/Users/tius/Documents/Data Tius/Projeksi-bisnis/dataconnect": could not find dataconnect.yaml in `/Users/tius/Documents/Data Tius/Projeksi-bisnis/dataconnect`
 {"metadata":{"emulator":{"name":"dataconnect"},"message":"E0515 18:39:12.833125   83597 watch.go:40] Failed to load config from \"/Users/tius/Documents/Data Tius/Projeksi-bisnis/dataconnect\": could not find dataconnect.yaml in `/Users/tius/Documents/Data Tius/Projeksi-bisnis/dataconnect`\n"}}
[debug] [2026-05-15T11:39:22.833Z] E0515 18:39:22.833423   83597 watch.go:40] Failed to load config from "/Users/tius/Documents/Data Tius/Projeksi-bisnis/dataconnect": could not find dataconnect.yaml in `/Users/tius/Documents/Data Tius/Projeksi-bisnis/dataconnect`
 {"metadata":{"emulator":{"name":"dataconnect"},"message":"E0515 18:39:22.833423   83597 watch.go:40] Failed to load config from \"/Users/tius/Documents/Data Tius/Projeksi-bisnis/dataconnect\": could not find dataconnect.yaml in `/Users/tius/Documents/Data Tius/Projeksi-bisnis/dataconnect`\n"}}
[debug] [2026-05-15T11:39:32.834Z] E0515 18:39:32.833380   83597 watch.go:40] Failed to load config from "/Users/tius/Documents/Data Tius/Projeksi-bisnis/dataconnect": could not find dataconnect.yaml in `/Users/tius/Documents/Data Tius/Projeksi-bisnis/dataconnect`
 {"metadata":{"emulator":{"name":"dataconnect"},"message":"E0515 18:39:32.833380   83597 watch.go:40] Failed to load config from \"/Users/tius/Documents/Data Tius/Projeksi-bisnis/dataconnect\": could not find dataconnect.yaml in `/Users/tius/Documents/Data Tius/Projeksi-bisnis/dataconnect`\n"}}
[debug] [2026-05-15T11:39:42.834Z] E0515 18:39:42.834059   83597 watch.go:40] Failed to load config from "/Users/tius/Documents/Data Tius/Projeksi-bisnis/dataconnect": could not find dataconnect.yaml in `/Users/tius/Documents/Data Tius/Projeksi-bisnis/dataconnect`
 {"metadata":{"emulator":{"name":"dataconnect"},"message":"E0515 18:39:42.834059   83597 watch.go:40] Failed to load config from \"/Users/tius/Documents/Data Tius/Projeksi-bisnis/dataconnect\": could not find dataconnect.yaml in `/Users/tius/Documents/Data Tius/Projeksi-bisnis/dataconnect`\n"}}
[debug] [2026-05-15T11:39:52.833Z] E0515 18:39:52.832387   83597 watch.go:40] Failed to load config from "/Users/tius/Documents/Data Tius/Projeksi-bisnis/dataconnect": could not find dataconnect.yaml in `/Users/tius/Documents/Data Tius/Projeksi-bisnis/dataconnect`
 {"metadata":{"emulator":{"name":"dataconnect"},"message":"E0515 18:39:52.832387   83597 watch.go:40] Failed to load config from \"/Users/tius/Documents/Data Tius/Projeksi-bisnis/dataconnect\": could not find dataconnect.yaml in `/Users/tius/Documents/Data Tius/Projeksi-bisnis/dataconnect`\n"}}
[debug] [2026-05-15T11:40:02.994Z] E0515 18:40:02.832555   83597 watch.go:116] watchAllDir unable to walk dir `/Users/tius/Documents/Data Tius/Projeksi-bisnis/dataconnect`: lstat /Users/tius/Documents/Data Tius/Projeksi-bisnis/dataconnect: no such file or directory
E0515 18:40:02.832816   83597 watch.go:40] Failed to load config from "/Users/tius/Documents/Data Tius/Projeksi-bisnis/dataconnect": could not find dataconnect.yaml in `/Users/tius/Documents/Data Tius/Projeksi-bisnis/dataconnect`
 {"metadata":{"emulator":{"name":"dataconnect"},"message":"E0515 18:40:02.832555   83597 watch.go:116] watchAllDir unable to walk dir `/Users/tius/Documents/Data Tius/Projeksi-bisnis/dataconnect`: lstat /Users/tius/Documents/Data Tius/Projeksi-bisnis/dataconnect: no such file or directory\nE0515 18:40:02.832816   83597 watch.go:40] Failed to load config from \"/Users/tius/Documents/Data Tius/Projeksi-bisnis/dataconnect\": could not find dataconnect.yaml in `/Users/tius/Documents/Data Tius/Projeksi-bisnis/dataconnect`\n"}}
[debug] [2026-05-15T11:40:12.840Z] E0515 18:40:12.839081   83597 watch.go:40] Failed to load config from "/Users/tius/Documents/Data Tius/Projeksi-bisnis/dataconnect": could not find dataconnect.yaml in `/Users/tius/Documents/Data Tius/Projeksi-bisnis/dataconnect`
 {"metadata":{"emulator":{"name":"dataconnect"},"message":"E0515 18:40:12.839081   83597 watch.go:40] Failed to load config from \"/Users/tius/Documents/Data Tius/Projeksi-bisnis/dataconnect\": could not find dataconnect.yaml in `/Users/tius/Documents/Data Tius/Projeksi-bisnis/dataconnect`\n"}}
[debug] [2026-05-15T11:40:22.833Z] E0515 18:40:22.833343   83597 watch.go:40] Failed to load config from "/Users/tius/Documents/Data Tius/Projeksi-bisnis/dataconnect": could not find dataconnect.yaml in `/Users/tius/Documents/Data Tius/Projeksi-bisnis/dataconnect`
 {"metadata":{"emulator":{"name":"dataconnect"},"message":"E0515 18:40:22.833343   83597 watch.go:40] Failed to load config from \"/Users/tius/Documents/Data Tius/Projeksi-bisnis/dataconnect\": could not find dataconnect.yaml in `/Users/tius/Documents/Data Tius/Projeksi-bisnis/dataconnect`\n"}}
[debug] [2026-05-15T11:40:33.512Z] E0515 18:40:32.831956   83597 watch.go:40] Failed to load config from "/Users/tius/Documents/Data Tius/Projeksi-bisnis/dataconnect": could not find dataconnect.yaml in `/Users/tius/Documents/Data Tius/Projeksi-bisnis/dataconnect`
 {"metadata":{"emulator":{"name":"dataconnect"},"message":"E0515 18:40:32.831956   83597 watch.go:40] Failed to load config from \"/Users/tius/Documents/Data Tius/Projeksi-bisnis/dataconnect\": could not find dataconnect.yaml in `/Users/tius/Documents/Data Tius/Projeksi-bisnis/dataconnect`\n"}}
[debug] [2026-05-15T11:40:42.835Z] E0515 18:40:42.835076   83597 watch.go:40] Failed to load config from "/Users/tius/Documents/Data Tius/Projeksi-bisnis/dataconnect": could not find dataconnect.yaml in `/Users/tius/Documents/Data Tius/Projeksi-bisnis/dataconnect`
 {"metadata":{"emulator":{"name":"dataconnect"},"message":"E0515 18:40:42.835076   83597 watch.go:40] Failed to load config from \"/Users/tius/Documents/Data Tius/Projeksi-bisnis/dataconnect\": could not find dataconnect.yaml in `/Users/tius/Documents/Data Tius/Projeksi-bisnis/dataconnect`\n"}}
[debug] [2026-05-15T11:40:53.282Z] E0515 18:40:52.833294   83597 watch.go:40] Failed to load config from "/Users/tius/Documents/Data Tius/Projeksi-bisnis/dataconnect": could not find dataconnect.yaml in `/Users/tius/Documents/Data Tius/Projeksi-bisnis/dataconnect`
 {"metadata":{"emulator":{"name":"dataconnect"},"message":"E0515 18:40:52.833294   83597 watch.go:40] Failed to load config from \"/Users/tius/Documents/Data Tius/Projeksi-bisnis/dataconnect\": could not find dataconnect.yaml in `/Users/tius/Documents/Data Tius/Projeksi-bisnis/dataconnect`\n"}}
[debug] [2026-05-15T11:41:03.582Z] E0515 18:41:02.893106   83597 watch.go:40] Failed to load config from "/Users/tius/Documents/Data Tius/Projeksi-bisnis/dataconnect": could not find dataconnect.yaml in `/Users/tius/Documents/Data Tius/Projeksi-bisnis/dataconnect`
E0515 18:41:02.893170   83597 watch.go:116] watchAllDir unable to walk dir `/Users/tius/Documents/Data Tius/Projeksi-bisnis/dataconnect`: lstat /Users/tius/Documents/Data Tius/Projeksi-bisnis/dataconnect: no such file or directory
 {"metadata":{"emulator":{"name":"dataconnect"},"message":"E0515 18:41:02.893106   83597 watch.go:40] Failed to load config from \"/Users/tius/Documents/Data Tius/Projeksi-bisnis/dataconnect\": could not find dataconnect.yaml in `/Users/tius/Documents/Data Tius/Projeksi-bisnis/dataconnect`\nE0515 18:41:02.893170   83597 watch.go:116] watchAllDir unable to walk dir `/Users/tius/Documents/Data Tius/Projeksi-bisnis/dataconnect`: lstat /Users/tius/Documents/Data Tius/Projeksi-bisnis/dataconnect: no such file or directory\n"}}
[debug] [2026-05-15T11:41:12.832Z] E0515 18:41:12.832363   83597 watch.go:40] Failed to load config from "/Users/tius/Documents/Data Tius/Projeksi-bisnis/dataconnect": could not find dataconnect.yaml in `/Users/tius/Documents/Data Tius/Projeksi-bisnis/dataconnect`
 {"metadata":{"emulator":{"name":"dataconnect"},"message":"E0515 18:41:12.832363   83597 watch.go:40] Failed to load config from \"/Users/tius/Documents/Data Tius/Projeksi-bisnis/dataconnect\": could not find dataconnect.yaml in `/Users/tius/Documents/Data Tius/Projeksi-bisnis/dataconnect`\n"}}
[debug] [2026-05-15T11:41:22.903Z] E0515 18:41:22.858712   83597 watch.go:40] Failed to load config from "/Users/tius/Documents/Data Tius/Projeksi-bisnis/dataconnect": could not find dataconnect.yaml in `/Users/tius/Documents/Data Tius/Projeksi-bisnis/dataconnect`
 {"metadata":{"emulator":{"name":"dataconnect"},"message":"E0515 18:41:22.858712   83597 watch.go:40] Failed to load config from \"/Users/tius/Documents/Data Tius/Projeksi-bisnis/dataconnect\": could not find dataconnect.yaml in `/Users/tius/Documents/Data Tius/Projeksi-bisnis/dataconnect`\n"}}
[debug] [2026-05-15T11:41:32.841Z] E0515 18:41:32.834289   83597 watch.go:40] Failed to load config from "/Users/tius/Documents/Data Tius/Projeksi-bisnis/dataconnect": could not find dataconnect.yaml in `/Users/tius/Documents/Data Tius/Projeksi-bisnis/dataconnect`
 {"metadata":{"emulator":{"name":"dataconnect"},"message":"E0515 18:41:32.834289   83597 watch.go:40] Failed to load config from \"/Users/tius/Documents/Data Tius/Projeksi-bisnis/dataconnect\": could not find dataconnect.yaml in `/Users/tius/Documents/Data Tius/Projeksi-bisnis/dataconnect`\n"}}
[debug] [2026-05-15T11:41:42.832Z] E0515 18:41:42.832355   83597 watch.go:40] Failed to load config from "/Users/tius/Documents/Data Tius/Projeksi-bisnis/dataconnect": could not find dataconnect.yaml in `/Users/tius/Documents/Data Tius/Projeksi-bisnis/dataconnect`
 {"metadata":{"emulator":{"name":"dataconnect"},"message":"E0515 18:41:42.832355   83597 watch.go:40] Failed to load config from \"/Users/tius/Documents/Data Tius/Projeksi-bisnis/dataconnect\": could not find dataconnect.yaml in `/Users/tius/Documents/Data Tius/Projeksi-bisnis/dataconnect`\n"}}
[debug] [2026-05-15T11:41:52.843Z] E0515 18:41:52.842774   83597 watch.go:40] Failed to load config from "/Users/tius/Documents/Data Tius/Projeksi-bisnis/dataconnect": could not find dataconnect.yaml in `/Users/tius/Documents/Data Tius/Projeksi-bisnis/dataconnect`
 {"metadata":{"emulator":{"name":"dataconnect"},"message":"E0515 18:41:52.842774   83597 watch.go:40] Failed to load config from \"/Users/tius/Documents/Data Tius/Projeksi-bisnis/dataconnect\": could not find dataconnect.yaml in `/Users/tius/Documents/Data Tius/Projeksi-bisnis/dataconnect`\n"}}
[debug] [2026-05-15T11:42:02.832Z] E0515 18:42:02.832717   83597 watch.go:116] watchAllDir unable to walk dir `/Users/tius/Documents/Data Tius/Projeksi-bisnis/dataconnect`: lstat /Users/tius/Documents/Data Tius/Projeksi-bisnis/dataconnect: no such file or directory
E0515 18:42:02.832835   83597 watch.go:40] Failed to load config from "/Users/tius/Documents/Data Tius/Projeksi-bisnis/dataconnect": could not find dataconnect.yaml in `/Users/tius/Documents/Data Tius/Projeksi-bisnis/dataconnect`
 {"metadata":{"emulator":{"name":"dataconnect"},"message":"E0515 18:42:02.832717   83597 watch.go:116] watchAllDir unable to walk dir `/Users/tius/Documents/Data Tius/Projeksi-bisnis/dataconnect`: lstat /Users/tius/Documents/Data Tius/Projeksi-bisnis/dataconnect: no such file or directory\nE0515 18:42:02.832835   83597 watch.go:40] Failed to load config from \"/Users/tius/Documents/Data Tius/Projeksi-bisnis/dataconnect\": could not find dataconnect.yaml in `/Users/tius/Documents/Data Tius/Projeksi-bisnis/dataconnect`\n"}}
[debug] [2026-05-15T11:42:12.838Z] E0515 18:42:12.838169   83597 watch.go:40] Failed to load config from "/Users/tius/Documents/Data Tius/Projeksi-bisnis/dataconnect": could not find dataconnect.yaml in `/Users/tius/Documents/Data Tius/Projeksi-bisnis/dataconnect`
 {"metadata":{"emulator":{"name":"dataconnect"},"message":"E0515 18:42:12.838169   83597 watch.go:40] Failed to load config from \"/Users/tius/Documents/Data Tius/Projeksi-bisnis/dataconnect\": could not find dataconnect.yaml in `/Users/tius/Documents/Data Tius/Projeksi-bisnis/dataconnect`\n"}}
[debug] [2026-05-15T11:42:22.833Z] E0515 18:42:22.832844   83597 watch.go:40] Failed to load config from "/Users/tius/Documents/Data Tius/Projeksi-bisnis/dataconnect": could not find dataconnect.yaml in `/Users/tius/Documents/Data Tius/Projeksi-bisnis/dataconnect`
 {"metadata":{"emulator":{"name":"dataconnect"},"message":"E0515 18:42:22.832844   83597 watch.go:40] Failed to load config from \"/Users/tius/Documents/Data Tius/Projeksi-bisnis/dataconnect\": could not find dataconnect.yaml in `/Users/tius/Documents/Data Tius/Projeksi-bisnis/dataconnect`\n"}}
[debug] [2026-05-15T11:42:32.840Z] E0515 18:42:32.834482   83597 watch.go:40] Failed to load config from "/Users/tius/Documents/Data Tius/Projeksi-bisnis/dataconnect": could not find dataconnect.yaml in `/Users/tius/Documents/Data Tius/Projeksi-bisnis/dataconnect`
 {"metadata":{"emulator":{"name":"dataconnect"},"message":"E0515 18:42:32.834482   83597 watch.go:40] Failed to load config from \"/Users/tius/Documents/Data Tius/Projeksi-bisnis/dataconnect\": could not find dataconnect.yaml in `/Users/tius/Documents/Data Tius/Projeksi-bisnis/dataconnect`\n"}}
[debug] [2026-05-15T11:42:42.832Z] E0515 18:42:42.831770   83597 watch.go:40] Failed to load config from "/Users/tius/Documents/Data Tius/Projeksi-bisnis/dataconnect": could not find dataconnect.yaml in `/Users/tius/Documents/Data Tius/Projeksi-bisnis/dataconnect`
 {"metadata":{"emulator":{"name":"dataconnect"},"message":"E0515 18:42:42.831770   83597 watch.go:40] Failed to load config from \"/Users/tius/Documents/Data Tius/Projeksi-bisnis/dataconnect\": could not find dataconnect.yaml in `/Users/tius/Documents/Data Tius/Projeksi-bisnis/dataconnect`\n"}}
[debug] [2026-05-15T11:42:52.835Z] E0515 18:42:52.835475   83597 watch.go:40] Failed to load config from "/Users/tius/Documents/Data Tius/Projeksi-bisnis/dataconnect": could not find dataconnect.yaml in `/Users/tius/Documents/Data Tius/Projeksi-bisnis/dataconnect`
 {"metadata":{"emulator":{"name":"dataconnect"},"message":"E0515 18:42:52.835475   83597 watch.go:40] Failed to load config from \"/Users/tius/Documents/Data Tius/Projeksi-bisnis/dataconnect\": could not find dataconnect.yaml in `/Users/tius/Documents/Data Tius/Projeksi-bisnis/dataconnect`\n"}}
[debug] [2026-05-15T11:43:03.018Z] E0515 18:43:02.862436   83597 watch.go:40] Failed to load config from "/Users/tius/Documents/Data Tius/Projeksi-bisnis/dataconnect": could not find dataconnect.yaml in `/Users/tius/Documents/Data Tius/Projeksi-bisnis/dataconnect`
E0515 18:43:02.862068   83597 watch.go:116] watchAllDir unable to walk dir `/Users/tius/Documents/Data Tius/Projeksi-bisnis/dataconnect`: lstat /Users/tius/Documents/Data Tius/Projeksi-bisnis/dataconnect: no such file or directory
 {"metadata":{"emulator":{"name":"dataconnect"},"message":"E0515 18:43:02.862436   83597 watch.go:40] Failed to load config from \"/Users/tius/Documents/Data Tius/Projeksi-bisnis/dataconnect\": could not find dataconnect.yaml in `/Users/tius/Documents/Data Tius/Projeksi-bisnis/dataconnect`\nE0515 18:43:02.862068   83597 watch.go:116] watchAllDir unable to walk dir `/Users/tius/Documents/Data Tius/Projeksi-bisnis/dataconnect`: lstat /Users/tius/Documents/Data Tius/Projeksi-bisnis/dataconnect: no such file or directory\n"}}
[debug] [2026-05-15T11:43:13.664Z] E0515 18:43:12.835229   83597 watch.go:40] Failed to load config from "/Users/tius/Documents/Data Tius/Projeksi-bisnis/dataconnect": could not find dataconnect.yaml in `/Users/tius/Documents/Data Tius/Projeksi-bisnis/dataconnect`
 {"metadata":{"emulator":{"name":"dataconnect"},"message":"E0515 18:43:12.835229   83597 watch.go:40] Failed to load config from \"/Users/tius/Documents/Data Tius/Projeksi-bisnis/dataconnect\": could not find dataconnect.yaml in `/Users/tius/Documents/Data Tius/Projeksi-bisnis/dataconnect`\n"}}
[debug] [2026-05-15T11:43:22.855Z] E0515 18:43:22.832842   83597 watch.go:40] Failed to load config from "/Users/tius/Documents/Data Tius/Projeksi-bisnis/dataconnect": could not find dataconnect.yaml in `/Users/tius/Documents/Data Tius/Projeksi-bisnis/dataconnect`
 {"metadata":{"emulator":{"name":"dataconnect"},"message":"E0515 18:43:22.832842   83597 watch.go:40] Failed to load config from \"/Users/tius/Documents/Data Tius/Projeksi-bisnis/dataconnect\": could not find dataconnect.yaml in `/Users/tius/Documents/Data Tius/Projeksi-bisnis/dataconnect`\n"}}
[debug] [2026-05-15T11:43:32.832Z] E0515 18:43:32.832064   83597 watch.go:40] Failed to load config from "/Users/tius/Documents/Data Tius/Projeksi-bisnis/dataconnect": could not find dataconnect.yaml in `/Users/tius/Documents/Data Tius/Projeksi-bisnis/dataconnect`
 {"metadata":{"emulator":{"name":"dataconnect"},"message":"E0515 18:43:32.832064   83597 watch.go:40] Failed to load config from \"/Users/tius/Documents/Data Tius/Projeksi-bisnis/dataconnect\": could not find dataconnect.yaml in `/Users/tius/Documents/Data Tius/Projeksi-bisnis/dataconnect`\n"}}
[debug] [2026-05-15T11:43:42.832Z] E0515 18:43:42.832340   83597 watch.go:40] Failed to load config from "/Users/tius/Documents/Data Tius/Projeksi-bisnis/dataconnect": could not find dataconnect.yaml in `/Users/tius/Documents/Data Tius/Projeksi-bisnis/dataconnect`
 {"metadata":{"emulator":{"name":"dataconnect"},"message":"E0515 18:43:42.832340   83597 watch.go:40] Failed to load config from \"/Users/tius/Documents/Data Tius/Projeksi-bisnis/dataconnect\": could not find dataconnect.yaml in `/Users/tius/Documents/Data Tius/Projeksi-bisnis/dataconnect`\n"}}
[debug] [2026-05-15T11:43:56.879Z] E0515 18:43:52.836663   83597 watch.go:40] Failed to load config from "/Users/tius/Documents/Data Tius/Projeksi-bisnis/dataconnect": could not find dataconnect.yaml in `/Users/tius/Documents/Data Tius/Projeksi-bisnis/dataconnect`
 {"metadata":{"emulator":{"name":"dataconnect"},"message":"E0515 18:43:52.836663   83597 watch.go:40] Failed to load config from \"/Users/tius/Documents/Data Tius/Projeksi-bisnis/dataconnect\": could not find dataconnect.yaml in `/Users/tius/Documents/Data Tius/Projeksi-bisnis/dataconnect`\n"}}
[debug] [2026-05-15T11:44:02.871Z] E0515 18:44:02.832574   83597 watch.go:116] watchAllDir unable to walk dir `/Users/tius/Documents/Data Tius/Projeksi-bisnis/dataconnect`: lstat /Users/tius/Documents/Data Tius/Projeksi-bisnis/dataconnect: no such file or directory
 {"metadata":{"emulator":{"name":"dataconnect"},"message":"E0515 18:44:02.832574   83597 watch.go:116] watchAllDir unable to walk dir `/Users/tius/Documents/Data Tius/Projeksi-bisnis/dataconnect`: lstat /Users/tius/Documents/Data Tius/Projeksi-bisnis/dataconnect: no such file or directory\n"}}
[debug] [2026-05-15T11:44:02.888Z] E0515 18:44:02.832673   83597 watch.go:40] Failed to load config from "/Users/tius/Documents/Data Tius/Projeksi-bisnis/dataconnect": could not find dataconnect.yaml in `/Users/tius/Documents/Data Tius/Projeksi-bisnis/dataconnect`
 {"metadata":{"emulator":{"name":"dataconnect"},"message":"E0515 18:44:02.832673   83597 watch.go:40] Failed to load config from \"/Users/tius/Documents/Data Tius/Projeksi-bisnis/dataconnect\": could not find dataconnect.yaml in `/Users/tius/Documents/Data Tius/Projeksi-bisnis/dataconnect`\n"}}
[debug] [2026-05-15T11:44:12.835Z] E0515 18:44:12.833970   83597 watch.go:40] Failed to load config from "/Users/tius/Documents/Data Tius/Projeksi-bisnis/dataconnect": could not find dataconnect.yaml in `/Users/tius/Documents/Data Tius/Projeksi-bisnis/dataconnect`
 {"metadata":{"emulator":{"name":"dataconnect"},"message":"E0515 18:44:12.833970   83597 watch.go:40] Failed to load config from \"/Users/tius/Documents/Data Tius/Projeksi-bisnis/dataconnect\": could not find dataconnect.yaml in `/Users/tius/Documents/Data Tius/Projeksi-bisnis/dataconnect`\n"}}
[debug] [2026-05-15T11:44:22.834Z] E0515 18:44:22.834138   83597 watch.go:40] Failed to load config from "/Users/tius/Documents/Data Tius/Projeksi-bisnis/dataconnect": could not find dataconnect.yaml in `/Users/tius/Documents/Data Tius/Projeksi-bisnis/dataconnect`
 {"metadata":{"emulator":{"name":"dataconnect"},"message":"E0515 18:44:22.834138   83597 watch.go:40] Failed to load config from \"/Users/tius/Documents/Data Tius/Projeksi-bisnis/dataconnect\": could not find dataconnect.yaml in `/Users/tius/Documents/Data Tius/Projeksi-bisnis/dataconnect`\n"}}
[debug] [2026-05-15T11:44:32.832Z] E0515 18:44:32.832053   83597 watch.go:40] Failed to load config from "/Users/tius/Documents/Data Tius/Projeksi-bisnis/dataconnect": could not find dataconnect.yaml in `/Users/tius/Documents/Data Tius/Projeksi-bisnis/dataconnect`
 {"metadata":{"emulator":{"name":"dataconnect"},"message":"E0515 18:44:32.832053   83597 watch.go:40] Failed to load config from \"/Users/tius/Documents/Data Tius/Projeksi-bisnis/dataconnect\": could not find dataconnect.yaml in `/Users/tius/Documents/Data Tius/Projeksi-bisnis/dataconnect`\n"}}
[debug] [2026-05-15T11:44:42.835Z] E0515 18:44:42.834855   83597 watch.go:40] Failed to load config from "/Users/tius/Documents/Data Tius/Projeksi-bisnis/dataconnect": could not find dataconnect.yaml in `/Users/tius/Documents/Data Tius/Projeksi-bisnis/dataconnect`
 {"metadata":{"emulator":{"name":"dataconnect"},"message":"E0515 18:44:42.834855   83597 watch.go:40] Failed to load config from \"/Users/tius/Documents/Data Tius/Projeksi-bisnis/dataconnect\": could not find dataconnect.yaml in `/Users/tius/Documents/Data Tius/Projeksi-bisnis/dataconnect`\n"}}
[debug] [2026-05-15T11:44:52.832Z] E0515 18:44:52.831971   83597 watch.go:40] Failed to load config from "/Users/tius/Documents/Data Tius/Projeksi-bisnis/dataconnect": could not find dataconnect.yaml in `/Users/tius/Documents/Data Tius/Projeksi-bisnis/dataconnect`
 {"metadata":{"emulator":{"name":"dataconnect"},"message":"E0515 18:44:52.831971   83597 watch.go:40] Failed to load config from \"/Users/tius/Documents/Data Tius/Projeksi-bisnis/dataconnect\": could not find dataconnect.yaml in `/Users/tius/Documents/Data Tius/Projeksi-bisnis/dataconnect`\n"}}
[debug] [2026-05-15T11:45:02.832Z] E0515 18:45:02.831758   83597 watch.go:116] watchAllDir unable to walk dir `/Users/tius/Documents/Data Tius/Projeksi-bisnis/dataconnect`: lstat /Users/tius/Documents/Data Tius/Projeksi-bisnis/dataconnect: no such file or directory
 {"metadata":{"emulator":{"name":"dataconnect"},"message":"E0515 18:45:02.831758   83597 watch.go:116] watchAllDir unable to walk dir `/Users/tius/Documents/Data Tius/Projeksi-bisnis/dataconnect`: lstat /Users/tius/Documents/Data Tius/Projeksi-bisnis/dataconnect: no such file or directory\n"}}
[debug] [2026-05-15T11:45:02.833Z] E0515 18:45:02.832144   83597 watch.go:40] Failed to load config from "/Users/tius/Documents/Data Tius/Projeksi-bisnis/dataconnect": could not find dataconnect.yaml in `/Users/tius/Documents/Data Tius/Projeksi-bisnis/dataconnect`
 {"metadata":{"emulator":{"name":"dataconnect"},"message":"E0515 18:45:02.832144   83597 watch.go:40] Failed to load config from \"/Users/tius/Documents/Data Tius/Projeksi-bisnis/dataconnect\": could not find dataconnect.yaml in `/Users/tius/Documents/Data Tius/Projeksi-bisnis/dataconnect`\n"}}
[debug] [2026-05-15T11:45:12.832Z] E0515 18:45:12.832549   83597 watch.go:40] Failed to load config from "/Users/tius/Documents/Data Tius/Projeksi-bisnis/dataconnect": could not find dataconnect.yaml in `/Users/tius/Documents/Data Tius/Projeksi-bisnis/dataconnect`
 {"metadata":{"emulator":{"name":"dataconnect"},"message":"E0515 18:45:12.832549   83597 watch.go:40] Failed to load config from \"/Users/tius/Documents/Data Tius/Projeksi-bisnis/dataconnect\": could not find dataconnect.yaml in `/Users/tius/Documents/Data Tius/Projeksi-bisnis/dataconnect`\n"}}
[debug] [2026-05-15T11:45:23.177Z] E0515 18:45:22.832379   83597 watch.go:40] Failed to load config from "/Users/tius/Documents/Data Tius/Projeksi-bisnis/dataconnect": could not find dataconnect.yaml in `/Users/tius/Documents/Data Tius/Projeksi-bisnis/dataconnect`
 {"metadata":{"emulator":{"name":"dataconnect"},"message":"E0515 18:45:22.832379   83597 watch.go:40] Failed to load config from \"/Users/tius/Documents/Data Tius/Projeksi-bisnis/dataconnect\": could not find dataconnect.yaml in `/Users/tius/Documents/Data Tius/Projeksi-bisnis/dataconnect`\n"}}
[debug] [2026-05-15T11:45:32.837Z] E0515 18:45:32.835509   83597 watch.go:40] Failed to load config from "/Users/tius/Documents/Data Tius/Projeksi-bisnis/dataconnect": could not find dataconnect.yaml in `/Users/tius/Documents/Data Tius/Projeksi-bisnis/dataconnect`
 {"metadata":{"emulator":{"name":"dataconnect"},"message":"E0515 18:45:32.835509   83597 watch.go:40] Failed to load config from \"/Users/tius/Documents/Data Tius/Projeksi-bisnis/dataconnect\": could not find dataconnect.yaml in `/Users/tius/Documents/Data Tius/Projeksi-bisnis/dataconnect`\n"}}
[debug] [2026-05-15T11:45:42.840Z] E0515 18:45:42.840309   83597 watch.go:40] Failed to load config from "/Users/tius/Documents/Data Tius/Projeksi-bisnis/dataconnect": could not find dataconnect.yaml in `/Users/tius/Documents/Data Tius/Projeksi-bisnis/dataconnect`
 {"metadata":{"emulator":{"name":"dataconnect"},"message":"E0515 18:45:42.840309   83597 watch.go:40] Failed to load config from \"/Users/tius/Documents/Data Tius/Projeksi-bisnis/dataconnect\": could not find dataconnect.yaml in `/Users/tius/Documents/Data Tius/Projeksi-bisnis/dataconnect`\n"}}
[debug] [2026-05-15T11:45:52.863Z] E0515 18:45:52.851575   83597 watch.go:40] Failed to load config from "/Users/tius/Documents/Data Tius/Projeksi-bisnis/dataconnect": could not find dataconnect.yaml in `/Users/tius/Documents/Data Tius/Projeksi-bisnis/dataconnect`
 {"metadata":{"emulator":{"name":"dataconnect"},"message":"E0515 18:45:52.851575   83597 watch.go:40] Failed to load config from \"/Users/tius/Documents/Data Tius/Projeksi-bisnis/dataconnect\": could not find dataconnect.yaml in `/Users/tius/Documents/Data Tius/Projeksi-bisnis/dataconnect`\n"}}
[debug] [2026-05-15T11:46:02.846Z] E0515 18:46:02.846209   83597 watch.go:116] watchAllDir unable to walk dir `/Users/tius/Documents/Data Tius/Projeksi-bisnis/dataconnect`: lstat /Users/tius/Documents/Data Tius/Projeksi-bisnis/dataconnect: no such file or directory
E0515 18:46:02.846327   83597 watch.go:40] Failed to load config from "/Users/tius/Documents/Data Tius/Projeksi-bisnis/dataconnect": could not find dataconnect.yaml in `/Users/tius/Documents/Data Tius/Projeksi-bisnis/dataconnect`
 {"metadata":{"emulator":{"name":"dataconnect"},"message":"E0515 18:46:02.846209   83597 watch.go:116] watchAllDir unable to walk dir `/Users/tius/Documents/Data Tius/Projeksi-bisnis/dataconnect`: lstat /Users/tius/Documents/Data Tius/Projeksi-bisnis/dataconnect: no such file or directory\nE0515 18:46:02.846327   83597 watch.go:40] Failed to load config from \"/Users/tius/Documents/Data Tius/Projeksi-bisnis/dataconnect\": could not find dataconnect.yaml in `/Users/tius/Documents/Data Tius/Projeksi-bisnis/dataconnect`\n"}}
[debug] [2026-05-15T11:46:12.847Z] E0515 18:46:12.847040   83597 watch.go:40] Failed to load config from "/Users/tius/Documents/Data Tius/Projeksi-bisnis/dataconnect": could not find dataconnect.yaml in `/Users/tius/Documents/Data Tius/Projeksi-bisnis/dataconnect`
 {"metadata":{"emulator":{"name":"dataconnect"},"message":"E0515 18:46:12.847040   83597 watch.go:40] Failed to load config from \"/Users/tius/Documents/Data Tius/Projeksi-bisnis/dataconnect\": could not find dataconnect.yaml in `/Users/tius/Documents/Data Tius/Projeksi-bisnis/dataconnect`\n"}}
[debug] [2026-05-15T11:46:22.848Z] E0515 18:46:22.848151   83597 watch.go:40] Failed to load config from "/Users/tius/Documents/Data Tius/Projeksi-bisnis/dataconnect": could not find dataconnect.yaml in `/Users/tius/Documents/Data Tius/Projeksi-bisnis/dataconnect`
 {"metadata":{"emulator":{"name":"dataconnect"},"message":"E0515 18:46:22.848151   83597 watch.go:40] Failed to load config from \"/Users/tius/Documents/Data Tius/Projeksi-bisnis/dataconnect\": could not find dataconnect.yaml in `/Users/tius/Documents/Data Tius/Projeksi-bisnis/dataconnect`\n"}}
[debug] [2026-05-15T11:46:32.948Z] E0515 18:46:32.946202   83597 watch.go:40] Failed to load config from "/Users/tius/Documents/Data Tius/Projeksi-bisnis/dataconnect": could not find dataconnect.yaml in `/Users/tius/Documents/Data Tius/Projeksi-bisnis/dataconnect`
 {"metadata":{"emulator":{"name":"dataconnect"},"message":"E0515 18:46:32.946202   83597 watch.go:40] Failed to load config from \"/Users/tius/Documents/Data Tius/Projeksi-bisnis/dataconnect\": could not find dataconnect.yaml in `/Users/tius/Documents/Data Tius/Projeksi-bisnis/dataconnect`\n"}}
[debug] [2026-05-15T11:46:42.848Z] E0515 18:46:42.847850   83597 watch.go:40] Failed to load config from "/Users/tius/Documents/Data Tius/Projeksi-bisnis/dataconnect": could not find dataconnect.yaml in `/Users/tius/Documents/Data Tius/Projeksi-bisnis/dataconnect`
 {"metadata":{"emulator":{"name":"dataconnect"},"message":"E0515 18:46:42.847850   83597 watch.go:40] Failed to load config from \"/Users/tius/Documents/Data Tius/Projeksi-bisnis/dataconnect\": could not find dataconnect.yaml in `/Users/tius/Documents/Data Tius/Projeksi-bisnis/dataconnect`\n"}}
[debug] [2026-05-15T11:46:52.849Z] E0515 18:46:52.848857   83597 watch.go:40] Failed to load config from "/Users/tius/Documents/Data Tius/Projeksi-bisnis/dataconnect": could not find dataconnect.yaml in `/Users/tius/Documents/Data Tius/Projeksi-bisnis/dataconnect`
 {"metadata":{"emulator":{"name":"dataconnect"},"message":"E0515 18:46:52.848857   83597 watch.go:40] Failed to load config from \"/Users/tius/Documents/Data Tius/Projeksi-bisnis/dataconnect\": could not find dataconnect.yaml in `/Users/tius/Documents/Data Tius/Projeksi-bisnis/dataconnect`\n"}}
[debug] [2026-05-15T11:47:02.850Z] E0515 18:47:02.848101   83597 watch.go:116] watchAllDir unable to walk dir `/Users/tius/Documents/Data Tius/Projeksi-bisnis/dataconnect`: lstat /Users/tius/Documents/Data Tius/Projeksi-bisnis/dataconnect: no such file or directory
E0515 18:47:02.849929   83597 watch.go:40] Failed to load config from "/Users/tius/Documents/Data Tius/Projeksi-bisnis/dataconnect": could not find dataconnect.yaml in `/Users/tius/Documents/Data Tius/Projeksi-bisnis/dataconnect`
 {"metadata":{"emulator":{"name":"dataconnect"},"message":"E0515 18:47:02.848101   83597 watch.go:116] watchAllDir unable to walk dir `/Users/tius/Documents/Data Tius/Projeksi-bisnis/dataconnect`: lstat /Users/tius/Documents/Data Tius/Projeksi-bisnis/dataconnect: no such file or directory\nE0515 18:47:02.849929   83597 watch.go:40] Failed to load config from \"/Users/tius/Documents/Data Tius/Projeksi-bisnis/dataconnect\": could not find dataconnect.yaml in `/Users/tius/Documents/Data Tius/Projeksi-bisnis/dataconnect`\n"}}
[debug] [2026-05-15T11:47:12.849Z] E0515 18:47:12.848848   83597 watch.go:40] Failed to load config from "/Users/tius/Documents/Data Tius/Projeksi-bisnis/dataconnect": could not find dataconnect.yaml in `/Users/tius/Documents/Data Tius/Projeksi-bisnis/dataconnect`
 {"metadata":{"emulator":{"name":"dataconnect"},"message":"E0515 18:47:12.848848   83597 watch.go:40] Failed to load config from \"/Users/tius/Documents/Data Tius/Projeksi-bisnis/dataconnect\": could not find dataconnect.yaml in `/Users/tius/Documents/Data Tius/Projeksi-bisnis/dataconnect`\n"}}
[debug] [2026-05-15T11:47:22.848Z] E0515 18:47:22.848431   83597 watch.go:40] Failed to load config from "/Users/tius/Documents/Data Tius/Projeksi-bisnis/dataconnect": could not find dataconnect.yaml in `/Users/tius/Documents/Data Tius/Projeksi-bisnis/dataconnect`
 {"metadata":{"emulator":{"name":"dataconnect"},"message":"E0515 18:47:22.848431   83597 watch.go:40] Failed to load config from \"/Users/tius/Documents/Data Tius/Projeksi-bisnis/dataconnect\": could not find dataconnect.yaml in `/Users/tius/Documents/Data Tius/Projeksi-bisnis/dataconnect`\n"}}
[debug] [2026-05-15T11:47:41.860Z] E0515 18:47:32.848446   83597 watch.go:40] Failed to load config from "/Users/tius/Documents/Data Tius/Projeksi-bisnis/dataconnect": could not find dataconnect.yaml in `/Users/tius/Documents/Data Tius/Projeksi-bisnis/dataconnect`
 {"metadata":{"emulator":{"name":"dataconnect"},"message":"E0515 18:47:32.848446   83597 watch.go:40] Failed to load config from \"/Users/tius/Documents/Data Tius/Projeksi-bisnis/dataconnect\": could not find dataconnect.yaml in `/Users/tius/Documents/Data Tius/Projeksi-bisnis/dataconnect`\n"}}
[debug] [2026-05-15T11:47:45.914Z] E0515 18:47:42.848449   83597 watch.go:40] Failed to load config from "/Users/tius/Documents/Data Tius/Projeksi-bisnis/dataconnect": could not find dataconnect.yaml in `/Users/tius/Documents/Data Tius/Projeksi-bisnis/dataconnect`
 {"metadata":{"emulator":{"name":"dataconnect"},"message":"E0515 18:47:42.848449   83597 watch.go:40] Failed to load config from \"/Users/tius/Documents/Data Tius/Projeksi-bisnis/dataconnect\": could not find dataconnect.yaml in `/Users/tius/Documents/Data Tius/Projeksi-bisnis/dataconnect`\n"}}
[debug] [2026-05-15T11:47:56.290Z] E0515 18:47:52.848931   83597 watch.go:40] Failed to load config from "/Users/tius/Documents/Data Tius/Projeksi-bisnis/dataconnect": could not find dataconnect.yaml in `/Users/tius/Documents/Data Tius/Projeksi-bisnis/dataconnect`
 {"metadata":{"emulator":{"name":"dataconnect"},"message":"E0515 18:47:52.848931   83597 watch.go:40] Failed to load config from \"/Users/tius/Documents/Data Tius/Projeksi-bisnis/dataconnect\": could not find dataconnect.yaml in `/Users/tius/Documents/Data Tius/Projeksi-bisnis/dataconnect`\n"}}
[debug] [2026-05-15T11:48:15.978Z] E0515 18:48:02.848873   83597 watch.go:116] watchAllDir unable to walk dir `/Users/tius/Documents/Data Tius/Projeksi-bisnis/dataconnect`: lstat /Users/tius/Documents/Data Tius/Projeksi-bisnis/dataconnect: no such file or directory
E0515 18:48:02.849185   83597 watch.go:40] Failed to load config from "/Users/tius/Documents/Data Tius/Projeksi-bisnis/dataconnect": could not find dataconnect.yaml in `/Users/tius/Documents/Data Tius/Projeksi-bisnis/dataconnect`
E0515 18:48:12.847859   83597 watch.go:40] Failed to load config from "/Users/tius/Documents/Data Tius/Projeksi-bisnis/dataconnect": could not find dataconnect.yaml in `/Users/tius/Documents/Data Tius/Projeksi-bisnis/dataconnect`
 {"metadata":{"emulator":{"name":"dataconnect"},"message":"E0515 18:48:02.848873   83597 watch.go:116] watchAllDir unable to walk dir `/Users/tius/Documents/Data Tius/Projeksi-bisnis/dataconnect`: lstat /Users/tius/Documents/Data Tius/Projeksi-bisnis/dataconnect: no such file or directory\nE0515 18:48:02.849185   83597 watch.go:40] Failed to load config from \"/Users/tius/Documents/Data Tius/Projeksi-bisnis/dataconnect\": could not find dataconnect.yaml in `/Users/tius/Documents/Data Tius/Projeksi-bisnis/dataconnect`\nE0515 18:48:12.847859   83597 watch.go:40] Failed to load config from \"/Users/tius/Documents/Data Tius/Projeksi-bisnis/dataconnect\": could not find dataconnect.yaml in `/Users/tius/Documents/Data Tius/Projeksi-bisnis/dataconnect`\n"}}
[debug] [2026-05-15T11:48:22.868Z] E0515 18:48:22.849207   83597 watch.go:40] Failed to load config from "/Users/tius/Documents/Data Tius/Projeksi-bisnis/dataconnect": could not find dataconnect.yaml in `/Users/tius/Documents/Data Tius/Projeksi-bisnis/dataconnect`
 {"metadata":{"emulator":{"name":"dataconnect"},"message":"E0515 18:48:22.849207   83597 watch.go:40] Failed to load config from \"/Users/tius/Documents/Data Tius/Projeksi-bisnis/dataconnect\": could not find dataconnect.yaml in `/Users/tius/Documents/Data Tius/Projeksi-bisnis/dataconnect`\n"}}
[debug] [2026-05-15T11:48:32.868Z] E0515 18:48:32.848917   83597 watch.go:40] Failed to load config from "/Users/tius/Documents/Data Tius/Projeksi-bisnis/dataconnect": could not find dataconnect.yaml in `/Users/tius/Documents/Data Tius/Projeksi-bisnis/dataconnect`
 {"metadata":{"emulator":{"name":"dataconnect"},"message":"E0515 18:48:32.848917   83597 watch.go:40] Failed to load config from \"/Users/tius/Documents/Data Tius/Projeksi-bisnis/dataconnect\": could not find dataconnect.yaml in `/Users/tius/Documents/Data Tius/Projeksi-bisnis/dataconnect`\n"}}
[debug] [2026-05-15T11:48:42.852Z] E0515 18:48:42.852432   83597 watch.go:40] Failed to load config from "/Users/tius/Documents/Data Tius/Projeksi-bisnis/dataconnect": could not find dataconnect.yaml in `/Users/tius/Documents/Data Tius/Projeksi-bisnis/dataconnect`
 {"metadata":{"emulator":{"name":"dataconnect"},"message":"E0515 18:48:42.852432   83597 watch.go:40] Failed to load config from \"/Users/tius/Documents/Data Tius/Projeksi-bisnis/dataconnect\": could not find dataconnect.yaml in `/Users/tius/Documents/Data Tius/Projeksi-bisnis/dataconnect`\n"}}
[debug] [2026-05-15T11:48:52.851Z] E0515 18:48:52.851042   83597 watch.go:40] Failed to load config from "/Users/tius/Documents/Data Tius/Projeksi-bisnis/dataconnect": could not find dataconnect.yaml in `/Users/tius/Documents/Data Tius/Projeksi-bisnis/dataconnect`
 {"metadata":{"emulator":{"name":"dataconnect"},"message":"E0515 18:48:52.851042   83597 watch.go:40] Failed to load config from \"/Users/tius/Documents/Data Tius/Projeksi-bisnis/dataconnect\": could not find dataconnect.yaml in `/Users/tius/Documents/Data Tius/Projeksi-bisnis/dataconnect`\n"}}
[debug] [2026-05-15T11:49:14.074Z] E0515 18:49:02.871357   83597 watch.go:116] watchAllDir unable to walk dir `/Users/tius/Documents/Data Tius/Projeksi-bisnis/dataconnect`: lstat /Users/tius/Documents/Data Tius/Projeksi-bisnis/dataconnect: no such file or directory
E0515 18:49:02.871793   83597 watch.go:40] Failed to load config from "/Users/tius/Documents/Data Tius/Projeksi-bisnis/dataconnect": could not find dataconnect.yaml in `/Users/tius/Documents/Data Tius/Projeksi-bisnis/dataconnect`
E0515 18:49:12.849962   83597 watch.go:40] Failed to load config from "/Users/tius/Documents/Data Tius/Projeksi-bisnis/dataconnect": could not find dataconnect.yaml in `/Users/tius/Documents/Data Tius/Projeksi-bisnis/dataconnect`
 {"metadata":{"emulator":{"name":"dataconnect"},"message":"E0515 18:49:02.871357   83597 watch.go:116] watchAllDir unable to walk dir `/Users/tius/Documents/Data Tius/Projeksi-bisnis/dataconnect`: lstat /Users/tius/Documents/Data Tius/Projeksi-bisnis/dataconnect: no such file or directory\nE0515 18:49:02.871793   83597 watch.go:40] Failed to load config from \"/Users/tius/Documents/Data Tius/Projeksi-bisnis/dataconnect\": could not find dataconnect.yaml in `/Users/tius/Documents/Data Tius/Projeksi-bisnis/dataconnect`\nE0515 18:49:12.849962   83597 watch.go:40] Failed to load config from \"/Users/tius/Documents/Data Tius/Projeksi-bisnis/dataconnect\": could not find dataconnect.yaml in `/Users/tius/Documents/Data Tius/Projeksi-bisnis/dataconnect`\n"}}
[debug] [2026-05-15T11:49:22.848Z] E0515 18:49:22.848704   83597 watch.go:40] Failed to load config from "/Users/tius/Documents/Data Tius/Projeksi-bisnis/dataconnect": could not find dataconnect.yaml in `/Users/tius/Documents/Data Tius/Projeksi-bisnis/dataconnect`
 {"metadata":{"emulator":{"name":"dataconnect"},"message":"E0515 18:49:22.848704   83597 watch.go:40] Failed to load config from \"/Users/tius/Documents/Data Tius/Projeksi-bisnis/dataconnect\": could not find dataconnect.yaml in `/Users/tius/Documents/Data Tius/Projeksi-bisnis/dataconnect`\n"}}
[debug] [2026-05-15T11:49:32.850Z] E0515 18:49:32.850462   83597 watch.go:40] Failed to load config from "/Users/tius/Documents/Data Tius/Projeksi-bisnis/dataconnect": could not find dataconnect.yaml in `/Users/tius/Documents/Data Tius/Projeksi-bisnis/dataconnect`
 {"metadata":{"emulator":{"name":"dataconnect"},"message":"E0515 18:49:32.850462   83597 watch.go:40] Failed to load config from \"/Users/tius/Documents/Data Tius/Projeksi-bisnis/dataconnect\": could not find dataconnect.yaml in `/Users/tius/Documents/Data Tius/Projeksi-bisnis/dataconnect`\n"}}
[debug] [2026-05-15T11:49:42.849Z] E0515 18:49:42.849213   83597 watch.go:40] Failed to load config from "/Users/tius/Documents/Data Tius/Projeksi-bisnis/dataconnect": could not find dataconnect.yaml in `/Users/tius/Documents/Data Tius/Projeksi-bisnis/dataconnect`
 {"metadata":{"emulator":{"name":"dataconnect"},"message":"E0515 18:49:42.849213   83597 watch.go:40] Failed to load config from \"/Users/tius/Documents/Data Tius/Projeksi-bisnis/dataconnect\": could not find dataconnect.yaml in `/Users/tius/Documents/Data Tius/Projeksi-bisnis/dataconnect`\n"}}
[debug] [2026-05-15T11:49:52.848Z] E0515 18:49:52.848170   83597 watch.go:40] Failed to load config from "/Users/tius/Documents/Data Tius/Projeksi-bisnis/dataconnect": could not find dataconnect.yaml in `/Users/tius/Documents/Data Tius/Projeksi-bisnis/dataconnect`
 {"metadata":{"emulator":{"name":"dataconnect"},"message":"E0515 18:49:52.848170   83597 watch.go:40] Failed to load config from \"/Users/tius/Documents/Data Tius/Projeksi-bisnis/dataconnect\": could not find dataconnect.yaml in `/Users/tius/Documents/Data Tius/Projeksi-bisnis/dataconnect`\n"}}
[debug] [2026-05-15T11:50:02.854Z] E0515 18:50:02.854219   83597 watch.go:116] watchAllDir unable to walk dir `/Users/tius/Documents/Data Tius/Projeksi-bisnis/dataconnect`: lstat /Users/tius/Documents/Data Tius/Projeksi-bisnis/dataconnect: no such file or directory
E0515 18:50:02.854299   83597 watch.go:40] Failed to load config from "/Users/tius/Documents/Data Tius/Projeksi-bisnis/dataconnect": could not find dataconnect.yaml in `/Users/tius/Documents/Data Tius/Projeksi-bisnis/dataconnect`
 {"metadata":{"emulator":{"name":"dataconnect"},"message":"E0515 18:50:02.854219   83597 watch.go:116] watchAllDir unable to walk dir `/Users/tius/Documents/Data Tius/Projeksi-bisnis/dataconnect`: lstat /Users/tius/Documents/Data Tius/Projeksi-bisnis/dataconnect: no such file or directory\nE0515 18:50:02.854299   83597 watch.go:40] Failed to load config from \"/Users/tius/Documents/Data Tius/Projeksi-bisnis/dataconnect\": could not find dataconnect.yaml in `/Users/tius/Documents/Data Tius/Projeksi-bisnis/dataconnect`\n"}}
[debug] [2026-05-15T11:50:12.879Z] E0515 18:50:12.878418   83597 watch.go:40] Failed to load config from "/Users/tius/Documents/Data Tius/Projeksi-bisnis/dataconnect": could not find dataconnect.yaml in `/Users/tius/Documents/Data Tius/Projeksi-bisnis/dataconnect`
 {"metadata":{"emulator":{"name":"dataconnect"},"message":"E0515 18:50:12.878418   83597 watch.go:40] Failed to load config from \"/Users/tius/Documents/Data Tius/Projeksi-bisnis/dataconnect\": could not find dataconnect.yaml in `/Users/tius/Documents/Data Tius/Projeksi-bisnis/dataconnect`\n"}}
[debug] [2026-05-15T11:50:22.853Z] E0515 18:50:22.850978   83597 watch.go:40] Failed to load config from "/Users/tius/Documents/Data Tius/Projeksi-bisnis/dataconnect": could not find dataconnect.yaml in `/Users/tius/Documents/Data Tius/Projeksi-bisnis/dataconnect`
 {"metadata":{"emulator":{"name":"dataconnect"},"message":"E0515 18:50:22.850978   83597 watch.go:40] Failed to load config from \"/Users/tius/Documents/Data Tius/Projeksi-bisnis/dataconnect\": could not find dataconnect.yaml in `/Users/tius/Documents/Data Tius/Projeksi-bisnis/dataconnect`\n"}}
[debug] [2026-05-15T11:50:32.849Z] E0515 18:50:32.849482   83597 watch.go:40] Failed to load config from "/Users/tius/Documents/Data Tius/Projeksi-bisnis/dataconnect": could not find dataconnect.yaml in `/Users/tius/Documents/Data Tius/Projeksi-bisnis/dataconnect`
 {"metadata":{"emulator":{"name":"dataconnect"},"message":"E0515 18:50:32.849482   83597 watch.go:40] Failed to load config from \"/Users/tius/Documents/Data Tius/Projeksi-bisnis/dataconnect\": could not find dataconnect.yaml in `/Users/tius/Documents/Data Tius/Projeksi-bisnis/dataconnect`\n"}}
[debug] [2026-05-15T11:50:42.849Z] E0515 18:50:42.848961   83597 watch.go:40] Failed to load config from "/Users/tius/Documents/Data Tius/Projeksi-bisnis/dataconnect": could not find dataconnect.yaml in `/Users/tius/Documents/Data Tius/Projeksi-bisnis/dataconnect`
 {"metadata":{"emulator":{"name":"dataconnect"},"message":"E0515 18:50:42.848961   83597 watch.go:40] Failed to load config from \"/Users/tius/Documents/Data Tius/Projeksi-bisnis/dataconnect\": could not find dataconnect.yaml in `/Users/tius/Documents/Data Tius/Projeksi-bisnis/dataconnect`\n"}}
[debug] [2026-05-15T11:50:52.848Z] E0515 18:50:52.848431   83597 watch.go:40] Failed to load config from "/Users/tius/Documents/Data Tius/Projeksi-bisnis/dataconnect": could not find dataconnect.yaml in `/Users/tius/Documents/Data Tius/Projeksi-bisnis/dataconnect`
 {"metadata":{"emulator":{"name":"dataconnect"},"message":"E0515 18:50:52.848431   83597 watch.go:40] Failed to load config from \"/Users/tius/Documents/Data Tius/Projeksi-bisnis/dataconnect\": could not find dataconnect.yaml in `/Users/tius/Documents/Data Tius/Projeksi-bisnis/dataconnect`\n"}}
[debug] [2026-05-15T11:51:02.849Z] E0515 18:51:02.848896   83597 watch.go:116] watchAllDir unable to walk dir `/Users/tius/Documents/Data Tius/Projeksi-bisnis/dataconnect`: lstat /Users/tius/Documents/Data Tius/Projeksi-bisnis/dataconnect: no such file or directory
 {"metadata":{"emulator":{"name":"dataconnect"},"message":"E0515 18:51:02.848896   83597 watch.go:116] watchAllDir unable to walk dir `/Users/tius/Documents/Data Tius/Projeksi-bisnis/dataconnect`: lstat /Users/tius/Documents/Data Tius/Projeksi-bisnis/dataconnect: no such file or directory\n"}}
[debug] [2026-05-15T11:51:02.850Z] E0515 18:51:02.850436   83597 watch.go:40] Failed to load config from "/Users/tius/Documents/Data Tius/Projeksi-bisnis/dataconnect": could not find dataconnect.yaml in `/Users/tius/Documents/Data Tius/Projeksi-bisnis/dataconnect`
 {"metadata":{"emulator":{"name":"dataconnect"},"message":"E0515 18:51:02.850436   83597 watch.go:40] Failed to load config from \"/Users/tius/Documents/Data Tius/Projeksi-bisnis/dataconnect\": could not find dataconnect.yaml in `/Users/tius/Documents/Data Tius/Projeksi-bisnis/dataconnect`\n"}}
[debug] [2026-05-15T11:51:12.850Z] E0515 18:51:12.849877   83597 watch.go:40] Failed to load config from "/Users/tius/Documents/Data Tius/Projeksi-bisnis/dataconnect": could not find dataconnect.yaml in `/Users/tius/Documents/Data Tius/Projeksi-bisnis/dataconnect`
 {"metadata":{"emulator":{"name":"dataconnect"},"message":"E0515 18:51:12.849877   83597 watch.go:40] Failed to load config from \"/Users/tius/Documents/Data Tius/Projeksi-bisnis/dataconnect\": could not find dataconnect.yaml in `/Users/tius/Documents/Data Tius/Projeksi-bisnis/dataconnect`\n"}}
[debug] [2026-05-15T11:51:22.853Z] E0515 18:51:22.853554   83597 watch.go:40] Failed to load config from "/Users/tius/Documents/Data Tius/Projeksi-bisnis/dataconnect": could not find dataconnect.yaml in `/Users/tius/Documents/Data Tius/Projeksi-bisnis/dataconnect`
 {"metadata":{"emulator":{"name":"dataconnect"},"message":"E0515 18:51:22.853554   83597 watch.go:40] Failed to load config from \"/Users/tius/Documents/Data Tius/Projeksi-bisnis/dataconnect\": could not find dataconnect.yaml in `/Users/tius/Documents/Data Tius/Projeksi-bisnis/dataconnect`\n"}}
[debug] [2026-05-15T11:51:32.848Z] E0515 18:51:32.848421   83597 watch.go:40] Failed to load config from "/Users/tius/Documents/Data Tius/Projeksi-bisnis/dataconnect": could not find dataconnect.yaml in `/Users/tius/Documents/Data Tius/Projeksi-bisnis/dataconnect`
 {"metadata":{"emulator":{"name":"dataconnect"},"message":"E0515 18:51:32.848421   83597 watch.go:40] Failed to load config from \"/Users/tius/Documents/Data Tius/Projeksi-bisnis/dataconnect\": could not find dataconnect.yaml in `/Users/tius/Documents/Data Tius/Projeksi-bisnis/dataconnect`\n"}}
[debug] [2026-05-15T11:51:42.855Z] E0515 18:51:42.854904   83597 watch.go:40] Failed to load config from "/Users/tius/Documents/Data Tius/Projeksi-bisnis/dataconnect": could not find dataconnect.yaml in `/Users/tius/Documents/Data Tius/Projeksi-bisnis/dataconnect`
 {"metadata":{"emulator":{"name":"dataconnect"},"message":"E0515 18:51:42.854904   83597 watch.go:40] Failed to load config from \"/Users/tius/Documents/Data Tius/Projeksi-bisnis/dataconnect\": could not find dataconnect.yaml in `/Users/tius/Documents/Data Tius/Projeksi-bisnis/dataconnect`\n"}}
[debug] [2026-05-15T11:51:52.848Z] E0515 18:51:52.848553   83597 watch.go:40] Failed to load config from "/Users/tius/Documents/Data Tius/Projeksi-bisnis/dataconnect": could not find dataconnect.yaml in `/Users/tius/Documents/Data Tius/Projeksi-bisnis/dataconnect`
 {"metadata":{"emulator":{"name":"dataconnect"},"message":"E0515 18:51:52.848553   83597 watch.go:40] Failed to load config from \"/Users/tius/Documents/Data Tius/Projeksi-bisnis/dataconnect\": could not find dataconnect.yaml in `/Users/tius/Documents/Data Tius/Projeksi-bisnis/dataconnect`\n"}}
[debug] [2026-05-15T11:52:02.849Z] E0515 18:52:02.849089   83597 watch.go:40] Failed to load config from "/Users/tius/Documents/Data Tius/Projeksi-bisnis/dataconnect": could not find dataconnect.yaml in `/Users/tius/Documents/Data Tius/Projeksi-bisnis/dataconnect`
E0515 18:52:02.849020   83597 watch.go:116] watchAllDir unable to walk dir `/Users/tius/Documents/Data Tius/Projeksi-bisnis/dataconnect`: lstat /Users/tius/Documents/Data Tius/Projeksi-bisnis/dataconnect: no such file or directory
 {"metadata":{"emulator":{"name":"dataconnect"},"message":"E0515 18:52:02.849089   83597 watch.go:40] Failed to load config from \"/Users/tius/Documents/Data Tius/Projeksi-bisnis/dataconnect\": could not find dataconnect.yaml in `/Users/tius/Documents/Data Tius/Projeksi-bisnis/dataconnect`\nE0515 18:52:02.849020   83597 watch.go:116] watchAllDir unable to walk dir `/Users/tius/Documents/Data Tius/Projeksi-bisnis/dataconnect`: lstat /Users/tius/Documents/Data Tius/Projeksi-bisnis/dataconnect: no such file or directory\n"}}
[debug] [2026-05-15T11:52:12.848Z] E0515 18:52:12.848347   83597 watch.go:40] Failed to load config from "/Users/tius/Documents/Data Tius/Projeksi-bisnis/dataconnect": could not find dataconnect.yaml in `/Users/tius/Documents/Data Tius/Projeksi-bisnis/dataconnect`
 {"metadata":{"emulator":{"name":"dataconnect"},"message":"E0515 18:52:12.848347   83597 watch.go:40] Failed to load config from \"/Users/tius/Documents/Data Tius/Projeksi-bisnis/dataconnect\": could not find dataconnect.yaml in `/Users/tius/Documents/Data Tius/Projeksi-bisnis/dataconnect`\n"}}
[debug] [2026-05-15T11:52:22.851Z] E0515 18:52:22.851062   83597 watch.go:40] Failed to load config from "/Users/tius/Documents/Data Tius/Projeksi-bisnis/dataconnect": could not find dataconnect.yaml in `/Users/tius/Documents/Data Tius/Projeksi-bisnis/dataconnect`
 {"metadata":{"emulator":{"name":"dataconnect"},"message":"E0515 18:52:22.851062   83597 watch.go:40] Failed to load config from \"/Users/tius/Documents/Data Tius/Projeksi-bisnis/dataconnect\": could not find dataconnect.yaml in `/Users/tius/Documents/Data Tius/Projeksi-bisnis/dataconnect`\n"}}
[debug] [2026-05-15T11:52:32.857Z] E0515 18:52:32.853270   83597 watch.go:40] Failed to load config from "/Users/tius/Documents/Data Tius/Projeksi-bisnis/dataconnect": could not find dataconnect.yaml in `/Users/tius/Documents/Data Tius/Projeksi-bisnis/dataconnect`
 {"metadata":{"emulator":{"name":"dataconnect"},"message":"E0515 18:52:32.853270   83597 watch.go:40] Failed to load config from \"/Users/tius/Documents/Data Tius/Projeksi-bisnis/dataconnect\": could not find dataconnect.yaml in `/Users/tius/Documents/Data Tius/Projeksi-bisnis/dataconnect`\n"}}
[debug] [2026-05-15T11:52:42.851Z] E0515 18:52:42.850989   83597 watch.go:40] Failed to load config from "/Users/tius/Documents/Data Tius/Projeksi-bisnis/dataconnect": could not find dataconnect.yaml in `/Users/tius/Documents/Data Tius/Projeksi-bisnis/dataconnect`
 {"metadata":{"emulator":{"name":"dataconnect"},"message":"E0515 18:52:42.850989   83597 watch.go:40] Failed to load config from \"/Users/tius/Documents/Data Tius/Projeksi-bisnis/dataconnect\": could not find dataconnect.yaml in `/Users/tius/Documents/Data Tius/Projeksi-bisnis/dataconnect`\n"}}
[debug] [2026-05-15T11:52:52.849Z] E0515 18:52:52.849425   83597 watch.go:40] Failed to load config from "/Users/tius/Documents/Data Tius/Projeksi-bisnis/dataconnect": could not find dataconnect.yaml in `/Users/tius/Documents/Data Tius/Projeksi-bisnis/dataconnect`
 {"metadata":{"emulator":{"name":"dataconnect"},"message":"E0515 18:52:52.849425   83597 watch.go:40] Failed to load config from \"/Users/tius/Documents/Data Tius/Projeksi-bisnis/dataconnect\": could not find dataconnect.yaml in `/Users/tius/Documents/Data Tius/Projeksi-bisnis/dataconnect`\n"}}
[debug] [2026-05-15T11:53:02.849Z] E0515 18:53:02.849105   83597 watch.go:116] watchAllDir unable to walk dir `/Users/tius/Documents/Data Tius/Projeksi-bisnis/dataconnect`: lstat /Users/tius/Documents/Data Tius/Projeksi-bisnis/dataconnect: no such file or directory
 {"metadata":{"emulator":{"name":"dataconnect"},"message":"E0515 18:53:02.849105   83597 watch.go:116] watchAllDir unable to walk dir `/Users/tius/Documents/Data Tius/Projeksi-bisnis/dataconnect`: lstat /Users/tius/Documents/Data Tius/Projeksi-bisnis/dataconnect: no such file or directory\n"}}
[debug] [2026-05-15T11:53:02.851Z] E0515 18:53:02.850952   83597 watch.go:40] Failed to load config from "/Users/tius/Documents/Data Tius/Projeksi-bisnis/dataconnect": could not find dataconnect.yaml in `/Users/tius/Documents/Data Tius/Projeksi-bisnis/dataconnect`
 {"metadata":{"emulator":{"name":"dataconnect"},"message":"E0515 18:53:02.850952   83597 watch.go:40] Failed to load config from \"/Users/tius/Documents/Data Tius/Projeksi-bisnis/dataconnect\": could not find dataconnect.yaml in `/Users/tius/Documents/Data Tius/Projeksi-bisnis/dataconnect`\n"}}
[debug] [2026-05-15T11:53:12.849Z] E0515 18:53:12.849144   83597 watch.go:40] Failed to load config from "/Users/tius/Documents/Data Tius/Projeksi-bisnis/dataconnect": could not find dataconnect.yaml in `/Users/tius/Documents/Data Tius/Projeksi-bisnis/dataconnect`
 {"metadata":{"emulator":{"name":"dataconnect"},"message":"E0515 18:53:12.849144   83597 watch.go:40] Failed to load config from \"/Users/tius/Documents/Data Tius/Projeksi-bisnis/dataconnect\": could not find dataconnect.yaml in `/Users/tius/Documents/Data Tius/Projeksi-bisnis/dataconnect`\n"}}
[debug] [2026-05-15T11:53:25.388Z] E0515 18:53:22.858330   83597 watch.go:40] Failed to load config from "/Users/tius/Documents/Data Tius/Projeksi-bisnis/dataconnect": could not find dataconnect.yaml in `/Users/tius/Documents/Data Tius/Projeksi-bisnis/dataconnect`
 {"metadata":{"emulator":{"name":"dataconnect"},"message":"E0515 18:53:22.858330   83597 watch.go:40] Failed to load config from \"/Users/tius/Documents/Data Tius/Projeksi-bisnis/dataconnect\": could not find dataconnect.yaml in `/Users/tius/Documents/Data Tius/Projeksi-bisnis/dataconnect`\n"}}
[debug] [2026-05-15T11:53:32.850Z] E0515 18:53:32.850116   83597 watch.go:40] Failed to load config from "/Users/tius/Documents/Data Tius/Projeksi-bisnis/dataconnect": could not find dataconnect.yaml in `/Users/tius/Documents/Data Tius/Projeksi-bisnis/dataconnect`
 {"metadata":{"emulator":{"name":"dataconnect"},"message":"E0515 18:53:32.850116   83597 watch.go:40] Failed to load config from \"/Users/tius/Documents/Data Tius/Projeksi-bisnis/dataconnect\": could not find dataconnect.yaml in `/Users/tius/Documents/Data Tius/Projeksi-bisnis/dataconnect`\n"}}
[debug] [2026-05-15T11:53:42.853Z] E0515 18:53:42.852515   83597 watch.go:40] Failed to load config from "/Users/tius/Documents/Data Tius/Projeksi-bisnis/dataconnect": could not find dataconnect.yaml in `/Users/tius/Documents/Data Tius/Projeksi-bisnis/dataconnect`
 {"metadata":{"emulator":{"name":"dataconnect"},"message":"E0515 18:53:42.852515   83597 watch.go:40] Failed to load config from \"/Users/tius/Documents/Data Tius/Projeksi-bisnis/dataconnect\": could not find dataconnect.yaml in `/Users/tius/Documents/Data Tius/Projeksi-bisnis/dataconnect`\n"}}
[debug] [2026-05-15T11:53:52.849Z] E0515 18:53:52.848873   83597 watch.go:40] Failed to load config from "/Users/tius/Documents/Data Tius/Projeksi-bisnis/dataconnect": could not find dataconnect.yaml in `/Users/tius/Documents/Data Tius/Projeksi-bisnis/dataconnect`
 {"metadata":{"emulator":{"name":"dataconnect"},"message":"E0515 18:53:52.848873   83597 watch.go:40] Failed to load config from \"/Users/tius/Documents/Data Tius/Projeksi-bisnis/dataconnect\": could not find dataconnect.yaml in `/Users/tius/Documents/Data Tius/Projeksi-bisnis/dataconnect`\n"}}
[debug] [2026-05-15T11:54:02.849Z] E0515 18:54:02.849122   83597 watch.go:40] Failed to load config from "/Users/tius/Documents/Data Tius/Projeksi-bisnis/dataconnect": could not find dataconnect.yaml in `/Users/tius/Documents/Data Tius/Projeksi-bisnis/dataconnect`
E0515 18:54:02.849104   83597 watch.go:116] watchAllDir unable to walk dir `/Users/tius/Documents/Data Tius/Projeksi-bisnis/dataconnect`: lstat /Users/tius/Documents/Data Tius/Projeksi-bisnis/dataconnect: no such file or directory
 {"metadata":{"emulator":{"name":"dataconnect"},"message":"E0515 18:54:02.849122   83597 watch.go:40] Failed to load config from \"/Users/tius/Documents/Data Tius/Projeksi-bisnis/dataconnect\": could not find dataconnect.yaml in `/Users/tius/Documents/Data Tius/Projeksi-bisnis/dataconnect`\nE0515 18:54:02.849104   83597 watch.go:116] watchAllDir unable to walk dir `/Users/tius/Documents/Data Tius/Projeksi-bisnis/dataconnect`: lstat /Users/tius/Documents/Data Tius/Projeksi-bisnis/dataconnect: no such file or directory\n"}}
[debug] [2026-05-15T11:54:12.848Z] E0515 18:54:12.848229   83597 watch.go:40] Failed to load config from "/Users/tius/Documents/Data Tius/Projeksi-bisnis/dataconnect": could not find dataconnect.yaml in `/Users/tius/Documents/Data Tius/Projeksi-bisnis/dataconnect`
 {"metadata":{"emulator":{"name":"dataconnect"},"message":"E0515 18:54:12.848229   83597 watch.go:40] Failed to load config from \"/Users/tius/Documents/Data Tius/Projeksi-bisnis/dataconnect\": could not find dataconnect.yaml in `/Users/tius/Documents/Data Tius/Projeksi-bisnis/dataconnect`\n"}}
[debug] [2026-05-15T11:54:22.851Z] E0515 18:54:22.850657   83597 watch.go:40] Failed to load config from "/Users/tius/Documents/Data Tius/Projeksi-bisnis/dataconnect": could not find dataconnect.yaml in `/Users/tius/Documents/Data Tius/Projeksi-bisnis/dataconnect`
 {"metadata":{"emulator":{"name":"dataconnect"},"message":"E0515 18:54:22.850657   83597 watch.go:40] Failed to load config from \"/Users/tius/Documents/Data Tius/Projeksi-bisnis/dataconnect\": could not find dataconnect.yaml in `/Users/tius/Documents/Data Tius/Projeksi-bisnis/dataconnect`\n"}}
[debug] [2026-05-15T11:54:32.850Z] E0515 18:54:32.850153   83597 watch.go:40] Failed to load config from "/Users/tius/Documents/Data Tius/Projeksi-bisnis/dataconnect": could not find dataconnect.yaml in `/Users/tius/Documents/Data Tius/Projeksi-bisnis/dataconnect`
 {"metadata":{"emulator":{"name":"dataconnect"},"message":"E0515 18:54:32.850153   83597 watch.go:40] Failed to load config from \"/Users/tius/Documents/Data Tius/Projeksi-bisnis/dataconnect\": could not find dataconnect.yaml in `/Users/tius/Documents/Data Tius/Projeksi-bisnis/dataconnect`\n"}}
[debug] [2026-05-15T11:54:42.849Z] E0515 18:54:42.849541   83597 watch.go:40] Failed to load config from "/Users/tius/Documents/Data Tius/Projeksi-bisnis/dataconnect": could not find dataconnect.yaml in `/Users/tius/Documents/Data Tius/Projeksi-bisnis/dataconnect`
 {"metadata":{"emulator":{"name":"dataconnect"},"message":"E0515 18:54:42.849541   83597 watch.go:40] Failed to load config from \"/Users/tius/Documents/Data Tius/Projeksi-bisnis/dataconnect\": could not find dataconnect.yaml in `/Users/tius/Documents/Data Tius/Projeksi-bisnis/dataconnect`\n"}}
[debug] [2026-05-15T11:54:52.851Z] E0515 18:54:52.850717   83597 watch.go:40] Failed to load config from "/Users/tius/Documents/Data Tius/Projeksi-bisnis/dataconnect": could not find dataconnect.yaml in `/Users/tius/Documents/Data Tius/Projeksi-bisnis/dataconnect`
 {"metadata":{"emulator":{"name":"dataconnect"},"message":"E0515 18:54:52.850717   83597 watch.go:40] Failed to load config from \"/Users/tius/Documents/Data Tius/Projeksi-bisnis/dataconnect\": could not find dataconnect.yaml in `/Users/tius/Documents/Data Tius/Projeksi-bisnis/dataconnect`\n"}}
[debug] [2026-05-15T11:55:02.850Z] E0515 18:55:02.849829   83597 watch.go:40] Failed to load config from "/Users/tius/Documents/Data Tius/Projeksi-bisnis/dataconnect": could not find dataconnect.yaml in `/Users/tius/Documents/Data Tius/Projeksi-bisnis/dataconnect`
E0515 18:55:02.849750   83597 watch.go:116] watchAllDir unable to walk dir `/Users/tius/Documents/Data Tius/Projeksi-bisnis/dataconnect`: lstat /Users/tius/Documents/Data Tius/Projeksi-bisnis/dataconnect: no such file or directory
 {"metadata":{"emulator":{"name":"dataconnect"},"message":"E0515 18:55:02.849829   83597 watch.go:40] Failed to load config from \"/Users/tius/Documents/Data Tius/Projeksi-bisnis/dataconnect\": could not find dataconnect.yaml in `/Users/tius/Documents/Data Tius/Projeksi-bisnis/dataconnect`\nE0515 18:55:02.849750   83597 watch.go:116] watchAllDir unable to walk dir `/Users/tius/Documents/Data Tius/Projeksi-bisnis/dataconnect`: lstat /Users/tius/Documents/Data Tius/Projeksi-bisnis/dataconnect: no such file or directory\n"}}
[debug] [2026-05-15T11:55:12.854Z] E0515 18:55:12.853487   83597 watch.go:40] Failed to load config from "/Users/tius/Documents/Data Tius/Projeksi-bisnis/dataconnect": could not find dataconnect.yaml in `/Users/tius/Documents/Data Tius/Projeksi-bisnis/dataconnect`
 {"metadata":{"emulator":{"name":"dataconnect"},"message":"E0515 18:55:12.853487   83597 watch.go:40] Failed to load config from \"/Users/tius/Documents/Data Tius/Projeksi-bisnis/dataconnect\": could not find dataconnect.yaml in `/Users/tius/Documents/Data Tius/Projeksi-bisnis/dataconnect`\n"}}
[debug] [2026-05-15T11:55:22.850Z] E0515 18:55:22.849829   83597 watch.go:40] Failed to load config from "/Users/tius/Documents/Data Tius/Projeksi-bisnis/dataconnect": could not find dataconnect.yaml in `/Users/tius/Documents/Data Tius/Projeksi-bisnis/dataconnect`
 {"metadata":{"emulator":{"name":"dataconnect"},"message":"E0515 18:55:22.849829   83597 watch.go:40] Failed to load config from \"/Users/tius/Documents/Data Tius/Projeksi-bisnis/dataconnect\": could not find dataconnect.yaml in `/Users/tius/Documents/Data Tius/Projeksi-bisnis/dataconnect`\n"}}
[debug] [2026-05-15T11:55:32.850Z] E0515 18:55:32.849902   83597 watch.go:40] Failed to load config from "/Users/tius/Documents/Data Tius/Projeksi-bisnis/dataconnect": could not find dataconnect.yaml in `/Users/tius/Documents/Data Tius/Projeksi-bisnis/dataconnect`
 {"metadata":{"emulator":{"name":"dataconnect"},"message":"E0515 18:55:32.849902   83597 watch.go:40] Failed to load config from \"/Users/tius/Documents/Data Tius/Projeksi-bisnis/dataconnect\": could not find dataconnect.yaml in `/Users/tius/Documents/Data Tius/Projeksi-bisnis/dataconnect`\n"}}
[debug] [2026-05-15T11:55:42.848Z] E0515 18:55:42.848316   83597 watch.go:40] Failed to load config from "/Users/tius/Documents/Data Tius/Projeksi-bisnis/dataconnect": could not find dataconnect.yaml in `/Users/tius/Documents/Data Tius/Projeksi-bisnis/dataconnect`
 {"metadata":{"emulator":{"name":"dataconnect"},"message":"E0515 18:55:42.848316   83597 watch.go:40] Failed to load config from \"/Users/tius/Documents/Data Tius/Projeksi-bisnis/dataconnect\": could not find dataconnect.yaml in `/Users/tius/Documents/Data Tius/Projeksi-bisnis/dataconnect`\n"}}
[debug] [2026-05-15T11:55:52.849Z] E0515 18:55:52.849158   83597 watch.go:40] Failed to load config from "/Users/tius/Documents/Data Tius/Projeksi-bisnis/dataconnect": could not find dataconnect.yaml in `/Users/tius/Documents/Data Tius/Projeksi-bisnis/dataconnect`
 {"metadata":{"emulator":{"name":"dataconnect"},"message":"E0515 18:55:52.849158   83597 watch.go:40] Failed to load config from \"/Users/tius/Documents/Data Tius/Projeksi-bisnis/dataconnect\": could not find dataconnect.yaml in `/Users/tius/Documents/Data Tius/Projeksi-bisnis/dataconnect`\n"}}
[debug] [2026-05-15T11:56:02.850Z] E0515 18:56:02.850450   83597 watch.go:116] watchAllDir unable to walk dir `/Users/tius/Documents/Data Tius/Projeksi-bisnis/dataconnect`: lstat /Users/tius/Documents/Data Tius/Projeksi-bisnis/dataconnect: no such file or directory
E0515 18:56:02.850536   83597 watch.go:40] Failed to load config from "/Users/tius/Documents/Data Tius/Projeksi-bisnis/dataconnect": could not find dataconnect.yaml in `/Users/tius/Documents/Data Tius/Projeksi-bisnis/dataconnect`
 {"metadata":{"emulator":{"name":"dataconnect"},"message":"E0515 18:56:02.850450   83597 watch.go:116] watchAllDir unable to walk dir `/Users/tius/Documents/Data Tius/Projeksi-bisnis/dataconnect`: lstat /Users/tius/Documents/Data Tius/Projeksi-bisnis/dataconnect: no such file or directory\nE0515 18:56:02.850536   83597 watch.go:40] Failed to load config from \"/Users/tius/Documents/Data Tius/Projeksi-bisnis/dataconnect\": could not find dataconnect.yaml in `/Users/tius/Documents/Data Tius/Projeksi-bisnis/dataconnect`\n"}}
[debug] [2026-05-15T11:56:12.848Z] E0515 18:56:12.848223   83597 watch.go:40] Failed to load config from "/Users/tius/Documents/Data Tius/Projeksi-bisnis/dataconnect": could not find dataconnect.yaml in `/Users/tius/Documents/Data Tius/Projeksi-bisnis/dataconnect`
 {"metadata":{"emulator":{"name":"dataconnect"},"message":"E0515 18:56:12.848223   83597 watch.go:40] Failed to load config from \"/Users/tius/Documents/Data Tius/Projeksi-bisnis/dataconnect\": could not find dataconnect.yaml in `/Users/tius/Documents/Data Tius/Projeksi-bisnis/dataconnect`\n"}}
[debug] [2026-05-15T11:56:22.850Z] E0515 18:56:22.850637   83597 watch.go:40] Failed to load config from "/Users/tius/Documents/Data Tius/Projeksi-bisnis/dataconnect": could not find dataconnect.yaml in `/Users/tius/Documents/Data Tius/Projeksi-bisnis/dataconnect`
 {"metadata":{"emulator":{"name":"dataconnect"},"message":"E0515 18:56:22.850637   83597 watch.go:40] Failed to load config from \"/Users/tius/Documents/Data Tius/Projeksi-bisnis/dataconnect\": could not find dataconnect.yaml in `/Users/tius/Documents/Data Tius/Projeksi-bisnis/dataconnect`\n"}}
[debug] [2026-05-15T11:56:34.598Z] E0515 18:56:32.848260   83597 watch.go:40] Failed to load config from "/Users/tius/Documents/Data Tius/Projeksi-bisnis/dataconnect": could not find dataconnect.yaml in `/Users/tius/Documents/Data Tius/Projeksi-bisnis/dataconnect`
 {"metadata":{"emulator":{"name":"dataconnect"},"message":"E0515 18:56:32.848260   83597 watch.go:40] Failed to load config from \"/Users/tius/Documents/Data Tius/Projeksi-bisnis/dataconnect\": could not find dataconnect.yaml in `/Users/tius/Documents/Data Tius/Projeksi-bisnis/dataconnect`\n"}}
[debug] [2026-05-15T11:56:42.868Z] E0515 18:56:42.867770   83597 watch.go:40] Failed to load config from "/Users/tius/Documents/Data Tius/Projeksi-bisnis/dataconnect": could not find dataconnect.yaml in `/Users/tius/Documents/Data Tius/Projeksi-bisnis/dataconnect`
 {"metadata":{"emulator":{"name":"dataconnect"},"message":"E0515 18:56:42.867770   83597 watch.go:40] Failed to load config from \"/Users/tius/Documents/Data Tius/Projeksi-bisnis/dataconnect\": could not find dataconnect.yaml in `/Users/tius/Documents/Data Tius/Projeksi-bisnis/dataconnect`\n"}}
[debug] [2026-05-15T11:56:52.852Z] E0515 18:56:52.851899   83597 watch.go:40] Failed to load config from "/Users/tius/Documents/Data Tius/Projeksi-bisnis/dataconnect": could not find dataconnect.yaml in `/Users/tius/Documents/Data Tius/Projeksi-bisnis/dataconnect`
 {"metadata":{"emulator":{"name":"dataconnect"},"message":"E0515 18:56:52.851899   83597 watch.go:40] Failed to load config from \"/Users/tius/Documents/Data Tius/Projeksi-bisnis/dataconnect\": could not find dataconnect.yaml in `/Users/tius/Documents/Data Tius/Projeksi-bisnis/dataconnect`\n"}}
[debug] [2026-05-15T11:57:02.848Z] E0515 18:57:02.848728   83597 watch.go:40] Failed to load config from "/Users/tius/Documents/Data Tius/Projeksi-bisnis/dataconnect": could not find dataconnect.yaml in `/Users/tius/Documents/Data Tius/Projeksi-bisnis/dataconnect`
 {"metadata":{"emulator":{"name":"dataconnect"},"message":"E0515 18:57:02.848728   83597 watch.go:40] Failed to load config from \"/Users/tius/Documents/Data Tius/Projeksi-bisnis/dataconnect\": could not find dataconnect.yaml in `/Users/tius/Documents/Data Tius/Projeksi-bisnis/dataconnect`\n"}}
[debug] [2026-05-15T11:57:02.850Z] E0515 18:57:02.848634   83597 watch.go:116] watchAllDir unable to walk dir `/Users/tius/Documents/Data Tius/Projeksi-bisnis/dataconnect`: lstat /Users/tius/Documents/Data Tius/Projeksi-bisnis/dataconnect: no such file or directory
 {"metadata":{"emulator":{"name":"dataconnect"},"message":"E0515 18:57:02.848634   83597 watch.go:116] watchAllDir unable to walk dir `/Users/tius/Documents/Data Tius/Projeksi-bisnis/dataconnect`: lstat /Users/tius/Documents/Data Tius/Projeksi-bisnis/dataconnect: no such file or directory\n"}}
[debug] [2026-05-15T11:57:12.850Z] E0515 18:57:12.850364   83597 watch.go:40] Failed to load config from "/Users/tius/Documents/Data Tius/Projeksi-bisnis/dataconnect": could not find dataconnect.yaml in `/Users/tius/Documents/Data Tius/Projeksi-bisnis/dataconnect`
 {"metadata":{"emulator":{"name":"dataconnect"},"message":"E0515 18:57:12.850364   83597 watch.go:40] Failed to load config from \"/Users/tius/Documents/Data Tius/Projeksi-bisnis/dataconnect\": could not find dataconnect.yaml in `/Users/tius/Documents/Data Tius/Projeksi-bisnis/dataconnect`\n"}}
[debug] [2026-05-15T11:57:22.851Z] E0515 18:57:22.850741   83597 watch.go:40] Failed to load config from "/Users/tius/Documents/Data Tius/Projeksi-bisnis/dataconnect": could not find dataconnect.yaml in `/Users/tius/Documents/Data Tius/Projeksi-bisnis/dataconnect`
 {"metadata":{"emulator":{"name":"dataconnect"},"message":"E0515 18:57:22.850741   83597 watch.go:40] Failed to load config from \"/Users/tius/Documents/Data Tius/Projeksi-bisnis/dataconnect\": could not find dataconnect.yaml in `/Users/tius/Documents/Data Tius/Projeksi-bisnis/dataconnect`\n"}}
[debug] [2026-05-15T11:57:32.854Z] E0515 18:57:32.854371   83597 watch.go:40] Failed to load config from "/Users/tius/Documents/Data Tius/Projeksi-bisnis/dataconnect": could not find dataconnect.yaml in `/Users/tius/Documents/Data Tius/Projeksi-bisnis/dataconnect`
 {"metadata":{"emulator":{"name":"dataconnect"},"message":"E0515 18:57:32.854371   83597 watch.go:40] Failed to load config from \"/Users/tius/Documents/Data Tius/Projeksi-bisnis/dataconnect\": could not find dataconnect.yaml in `/Users/tius/Documents/Data Tius/Projeksi-bisnis/dataconnect`\n"}}
[debug] [2026-05-15T11:57:42.850Z] E0515 18:57:42.849843   83597 watch.go:40] Failed to load config from "/Users/tius/Documents/Data Tius/Projeksi-bisnis/dataconnect": could not find dataconnect.yaml in `/Users/tius/Documents/Data Tius/Projeksi-bisnis/dataconnect`
 {"metadata":{"emulator":{"name":"dataconnect"},"message":"E0515 18:57:42.849843   83597 watch.go:40] Failed to load config from \"/Users/tius/Documents/Data Tius/Projeksi-bisnis/dataconnect\": could not find dataconnect.yaml in `/Users/tius/Documents/Data Tius/Projeksi-bisnis/dataconnect`\n"}}
[debug] [2026-05-15T11:57:52.849Z] E0515 18:57:52.848929   83597 watch.go:40] Failed to load config from "/Users/tius/Documents/Data Tius/Projeksi-bisnis/dataconnect": could not find dataconnect.yaml in `/Users/tius/Documents/Data Tius/Projeksi-bisnis/dataconnect`
 {"metadata":{"emulator":{"name":"dataconnect"},"message":"E0515 18:57:52.848929   83597 watch.go:40] Failed to load config from \"/Users/tius/Documents/Data Tius/Projeksi-bisnis/dataconnect\": could not find dataconnect.yaml in `/Users/tius/Documents/Data Tius/Projeksi-bisnis/dataconnect`\n"}}
[debug] [2026-05-15T11:58:02.850Z] E0515 18:58:02.850136   83597 watch.go:116] watchAllDir unable to walk dir `/Users/tius/Documents/Data Tius/Projeksi-bisnis/dataconnect`: lstat /Users/tius/Documents/Data Tius/Projeksi-bisnis/dataconnect: no such file or directory
 {"metadata":{"emulator":{"name":"dataconnect"},"message":"E0515 18:58:02.850136   83597 watch.go:116] watchAllDir unable to walk dir `/Users/tius/Documents/Data Tius/Projeksi-bisnis/dataconnect`: lstat /Users/tius/Documents/Data Tius/Projeksi-bisnis/dataconnect: no such file or directory\n"}}
[debug] [2026-05-15T11:58:02.852Z] E0515 18:58:02.850285   83597 watch.go:40] Failed to load config from "/Users/tius/Documents/Data Tius/Projeksi-bisnis/dataconnect": could not find dataconnect.yaml in `/Users/tius/Documents/Data Tius/Projeksi-bisnis/dataconnect`
 {"metadata":{"emulator":{"name":"dataconnect"},"message":"E0515 18:58:02.850285   83597 watch.go:40] Failed to load config from \"/Users/tius/Documents/Data Tius/Projeksi-bisnis/dataconnect\": could not find dataconnect.yaml in `/Users/tius/Documents/Data Tius/Projeksi-bisnis/dataconnect`\n"}}
[debug] [2026-05-15T11:58:12.850Z] E0515 18:58:12.849852   83597 watch.go:40] Failed to load config from "/Users/tius/Documents/Data Tius/Projeksi-bisnis/dataconnect": could not find dataconnect.yaml in `/Users/tius/Documents/Data Tius/Projeksi-bisnis/dataconnect`
 {"metadata":{"emulator":{"name":"dataconnect"},"message":"E0515 18:58:12.849852   83597 watch.go:40] Failed to load config from \"/Users/tius/Documents/Data Tius/Projeksi-bisnis/dataconnect\": could not find dataconnect.yaml in `/Users/tius/Documents/Data Tius/Projeksi-bisnis/dataconnect`\n"}}
[debug] [2026-05-15T11:58:22.850Z] E0515 18:58:22.849947   83597 watch.go:40] Failed to load config from "/Users/tius/Documents/Data Tius/Projeksi-bisnis/dataconnect": could not find dataconnect.yaml in `/Users/tius/Documents/Data Tius/Projeksi-bisnis/dataconnect`
 {"metadata":{"emulator":{"name":"dataconnect"},"message":"E0515 18:58:22.849947   83597 watch.go:40] Failed to load config from \"/Users/tius/Documents/Data Tius/Projeksi-bisnis/dataconnect\": could not find dataconnect.yaml in `/Users/tius/Documents/Data Tius/Projeksi-bisnis/dataconnect`\n"}}
[debug] [2026-05-15T11:58:32.849Z] E0515 18:58:32.849290   83597 watch.go:40] Failed to load config from "/Users/tius/Documents/Data Tius/Projeksi-bisnis/dataconnect": could not find dataconnect.yaml in `/Users/tius/Documents/Data Tius/Projeksi-bisnis/dataconnect`
 {"metadata":{"emulator":{"name":"dataconnect"},"message":"E0515 18:58:32.849290   83597 watch.go:40] Failed to load config from \"/Users/tius/Documents/Data Tius/Projeksi-bisnis/dataconnect\": could not find dataconnect.yaml in `/Users/tius/Documents/Data Tius/Projeksi-bisnis/dataconnect`\n"}}
[debug] [2026-05-15T11:58:42.850Z] E0515 18:58:42.850207   83597 watch.go:40] Failed to load config from "/Users/tius/Documents/Data Tius/Projeksi-bisnis/dataconnect": could not find dataconnect.yaml in `/Users/tius/Documents/Data Tius/Projeksi-bisnis/dataconnect`
 {"metadata":{"emulator":{"name":"dataconnect"},"message":"E0515 18:58:42.850207   83597 watch.go:40] Failed to load config from \"/Users/tius/Documents/Data Tius/Projeksi-bisnis/dataconnect\": could not find dataconnect.yaml in `/Users/tius/Documents/Data Tius/Projeksi-bisnis/dataconnect`\n"}}
[debug] [2026-05-15T11:58:52.852Z] E0515 18:58:52.851765   83597 watch.go:40] Failed to load config from "/Users/tius/Documents/Data Tius/Projeksi-bisnis/dataconnect": could not find dataconnect.yaml in `/Users/tius/Documents/Data Tius/Projeksi-bisnis/dataconnect`
 {"metadata":{"emulator":{"name":"dataconnect"},"message":"E0515 18:58:52.851765   83597 watch.go:40] Failed to load config from \"/Users/tius/Documents/Data Tius/Projeksi-bisnis/dataconnect\": could not find dataconnect.yaml in `/Users/tius/Documents/Data Tius/Projeksi-bisnis/dataconnect`\n"}}
[debug] [2026-05-15T11:59:02.848Z] E0515 18:59:02.848267   83597 watch.go:116] watchAllDir unable to walk dir `/Users/tius/Documents/Data Tius/Projeksi-bisnis/dataconnect`: lstat /Users/tius/Documents/Data Tius/Projeksi-bisnis/dataconnect: no such file or directory
 {"metadata":{"emulator":{"name":"dataconnect"},"message":"E0515 18:59:02.848267   83597 watch.go:116] watchAllDir unable to walk dir `/Users/tius/Documents/Data Tius/Projeksi-bisnis/dataconnect`: lstat /Users/tius/Documents/Data Tius/Projeksi-bisnis/dataconnect: no such file or directory\n"}}
[debug] [2026-05-15T11:59:02.852Z] E0515 18:59:02.851901   83597 watch.go:40] Failed to load config from "/Users/tius/Documents/Data Tius/Projeksi-bisnis/dataconnect": could not find dataconnect.yaml in `/Users/tius/Documents/Data Tius/Projeksi-bisnis/dataconnect`
 {"metadata":{"emulator":{"name":"dataconnect"},"message":"E0515 18:59:02.851901   83597 watch.go:40] Failed to load config from \"/Users/tius/Documents/Data Tius/Projeksi-bisnis/dataconnect\": could not find dataconnect.yaml in `/Users/tius/Documents/Data Tius/Projeksi-bisnis/dataconnect`\n"}}
[debug] [2026-05-15T11:59:12.851Z] E0515 18:59:12.851505   83597 watch.go:40] Failed to load config from "/Users/tius/Documents/Data Tius/Projeksi-bisnis/dataconnect": could not find dataconnect.yaml in `/Users/tius/Documents/Data Tius/Projeksi-bisnis/dataconnect`
 {"metadata":{"emulator":{"name":"dataconnect"},"message":"E0515 18:59:12.851505   83597 watch.go:40] Failed to load config from \"/Users/tius/Documents/Data Tius/Projeksi-bisnis/dataconnect\": could not find dataconnect.yaml in `/Users/tius/Documents/Data Tius/Projeksi-bisnis/dataconnect`\n"}}
[debug] [2026-05-15T11:59:22.848Z] E0515 18:59:22.848523   83597 watch.go:40] Failed to load config from "/Users/tius/Documents/Data Tius/Projeksi-bisnis/dataconnect": could not find dataconnect.yaml in `/Users/tius/Documents/Data Tius/Projeksi-bisnis/dataconnect`
 {"metadata":{"emulator":{"name":"dataconnect"},"message":"E0515 18:59:22.848523   83597 watch.go:40] Failed to load config from \"/Users/tius/Documents/Data Tius/Projeksi-bisnis/dataconnect\": could not find dataconnect.yaml in `/Users/tius/Documents/Data Tius/Projeksi-bisnis/dataconnect`\n"}}
[debug] [2026-05-15T11:59:32.849Z] E0515 18:59:32.848848   83597 watch.go:40] Failed to load config from "/Users/tius/Documents/Data Tius/Projeksi-bisnis/dataconnect": could not find dataconnect.yaml in `/Users/tius/Documents/Data Tius/Projeksi-bisnis/dataconnect`
 {"metadata":{"emulator":{"name":"dataconnect"},"message":"E0515 18:59:32.848848   83597 watch.go:40] Failed to load config from \"/Users/tius/Documents/Data Tius/Projeksi-bisnis/dataconnect\": could not find dataconnect.yaml in `/Users/tius/Documents/Data Tius/Projeksi-bisnis/dataconnect`\n"}}
[debug] [2026-05-15T11:59:42.850Z] E0515 18:59:42.850370   83597 watch.go:40] Failed to load config from "/Users/tius/Documents/Data Tius/Projeksi-bisnis/dataconnect": could not find dataconnect.yaml in `/Users/tius/Documents/Data Tius/Projeksi-bisnis/dataconnect`
 {"metadata":{"emulator":{"name":"dataconnect"},"message":"E0515 18:59:42.850370   83597 watch.go:40] Failed to load config from \"/Users/tius/Documents/Data Tius/Projeksi-bisnis/dataconnect\": could not find dataconnect.yaml in `/Users/tius/Documents/Data Tius/Projeksi-bisnis/dataconnect`\n"}}
[debug] [2026-05-15T11:59:52.848Z] E0515 18:59:52.848581   83597 watch.go:40] Failed to load config from "/Users/tius/Documents/Data Tius/Projeksi-bisnis/dataconnect": could not find dataconnect.yaml in `/Users/tius/Documents/Data Tius/Projeksi-bisnis/dataconnect`
 {"metadata":{"emulator":{"name":"dataconnect"},"message":"E0515 18:59:52.848581   83597 watch.go:40] Failed to load config from \"/Users/tius/Documents/Data Tius/Projeksi-bisnis/dataconnect\": could not find dataconnect.yaml in `/Users/tius/Documents/Data Tius/Projeksi-bisnis/dataconnect`\n"}}
[debug] [2026-05-15T12:00:02.849Z] E0515 19:00:02.848815   83597 watch.go:40] Failed to load config from "/Users/tius/Documents/Data Tius/Projeksi-bisnis/dataconnect": could not find dataconnect.yaml in `/Users/tius/Documents/Data Tius/Projeksi-bisnis/dataconnect`
E0515 19:00:02.848756   83597 watch.go:116] watchAllDir unable to walk dir `/Users/tius/Documents/Data Tius/Projeksi-bisnis/dataconnect`: lstat /Users/tius/Documents/Data Tius/Projeksi-bisnis/dataconnect: no such file or directory
 {"metadata":{"emulator":{"name":"dataconnect"},"message":"E0515 19:00:02.848815   83597 watch.go:40] Failed to load config from \"/Users/tius/Documents/Data Tius/Projeksi-bisnis/dataconnect\": could not find dataconnect.yaml in `/Users/tius/Documents/Data Tius/Projeksi-bisnis/dataconnect`\nE0515 19:00:02.848756   83597 watch.go:116] watchAllDir unable to walk dir `/Users/tius/Documents/Data Tius/Projeksi-bisnis/dataconnect`: lstat /Users/tius/Documents/Data Tius/Projeksi-bisnis/dataconnect: no such file or directory\n"}}
[debug] [2026-05-15T12:00:12.848Z] E0515 19:00:12.848542   83597 watch.go:40] Failed to load config from "/Users/tius/Documents/Data Tius/Projeksi-bisnis/dataconnect": could not find dataconnect.yaml in `/Users/tius/Documents/Data Tius/Projeksi-bisnis/dataconnect`
 {"metadata":{"emulator":{"name":"dataconnect"},"message":"E0515 19:00:12.848542   83597 watch.go:40] Failed to load config from \"/Users/tius/Documents/Data Tius/Projeksi-bisnis/dataconnect\": could not find dataconnect.yaml in `/Users/tius/Documents/Data Tius/Projeksi-bisnis/dataconnect`\n"}}
[debug] [2026-05-15T12:00:22.850Z] E0515 19:00:22.849940   83597 watch.go:40] Failed to load config from "/Users/tius/Documents/Data Tius/Projeksi-bisnis/dataconnect": could not find dataconnect.yaml in `/Users/tius/Documents/Data Tius/Projeksi-bisnis/dataconnect`
 {"metadata":{"emulator":{"name":"dataconnect"},"message":"E0515 19:00:22.849940   83597 watch.go:40] Failed to load config from \"/Users/tius/Documents/Data Tius/Projeksi-bisnis/dataconnect\": could not find dataconnect.yaml in `/Users/tius/Documents/Data Tius/Projeksi-bisnis/dataconnect`\n"}}
[debug] [2026-05-15T12:00:32.852Z] E0515 19:00:32.852217   83597 watch.go:40] Failed to load config from "/Users/tius/Documents/Data Tius/Projeksi-bisnis/dataconnect": could not find dataconnect.yaml in `/Users/tius/Documents/Data Tius/Projeksi-bisnis/dataconnect`
 {"metadata":{"emulator":{"name":"dataconnect"},"message":"E0515 19:00:32.852217   83597 watch.go:40] Failed to load config from \"/Users/tius/Documents/Data Tius/Projeksi-bisnis/dataconnect\": could not find dataconnect.yaml in `/Users/tius/Documents/Data Tius/Projeksi-bisnis/dataconnect`\n"}}
[debug] [2026-05-15T12:00:42.851Z] E0515 19:00:42.851676   83597 watch.go:40] Failed to load config from "/Users/tius/Documents/Data Tius/Projeksi-bisnis/dataconnect": could not find dataconnect.yaml in `/Users/tius/Documents/Data Tius/Projeksi-bisnis/dataconnect`
 {"metadata":{"emulator":{"name":"dataconnect"},"message":"E0515 19:00:42.851676   83597 watch.go:40] Failed to load config from \"/Users/tius/Documents/Data Tius/Projeksi-bisnis/dataconnect\": could not find dataconnect.yaml in `/Users/tius/Documents/Data Tius/Projeksi-bisnis/dataconnect`\n"}}
[debug] [2026-05-15T12:00:52.850Z] E0515 19:00:52.850362   83597 watch.go:40] Failed to load config from "/Users/tius/Documents/Data Tius/Projeksi-bisnis/dataconnect": could not find dataconnect.yaml in `/Users/tius/Documents/Data Tius/Projeksi-bisnis/dataconnect`
 {"metadata":{"emulator":{"name":"dataconnect"},"message":"E0515 19:00:52.850362   83597 watch.go:40] Failed to load config from \"/Users/tius/Documents/Data Tius/Projeksi-bisnis/dataconnect\": could not find dataconnect.yaml in `/Users/tius/Documents/Data Tius/Projeksi-bisnis/dataconnect`\n"}}
[debug] [2026-05-15T12:01:02.848Z] E0515 19:01:02.848528   83597 watch.go:116] watchAllDir unable to walk dir `/Users/tius/Documents/Data Tius/Projeksi-bisnis/dataconnect`: lstat /Users/tius/Documents/Data Tius/Projeksi-bisnis/dataconnect: no such file or directory
 {"metadata":{"emulator":{"name":"dataconnect"},"message":"E0515 19:01:02.848528   83597 watch.go:116] watchAllDir unable to walk dir `/Users/tius/Documents/Data Tius/Projeksi-bisnis/dataconnect`: lstat /Users/tius/Documents/Data Tius/Projeksi-bisnis/dataconnect: no such file or directory\n"}}
[debug] [2026-05-15T12:01:02.852Z] E0515 19:01:02.852088   83597 watch.go:40] Failed to load config from "/Users/tius/Documents/Data Tius/Projeksi-bisnis/dataconnect": could not find dataconnect.yaml in `/Users/tius/Documents/Data Tius/Projeksi-bisnis/dataconnect`
 {"metadata":{"emulator":{"name":"dataconnect"},"message":"E0515 19:01:02.852088   83597 watch.go:40] Failed to load config from \"/Users/tius/Documents/Data Tius/Projeksi-bisnis/dataconnect\": could not find dataconnect.yaml in `/Users/tius/Documents/Data Tius/Projeksi-bisnis/dataconnect`\n"}}
[debug] [2026-05-15T12:01:12.850Z] E0515 19:01:12.850492   83597 watch.go:40] Failed to load config from "/Users/tius/Documents/Data Tius/Projeksi-bisnis/dataconnect": could not find dataconnect.yaml in `/Users/tius/Documents/Data Tius/Projeksi-bisnis/dataconnect`
 {"metadata":{"emulator":{"name":"dataconnect"},"message":"E0515 19:01:12.850492   83597 watch.go:40] Failed to load config from \"/Users/tius/Documents/Data Tius/Projeksi-bisnis/dataconnect\": could not find dataconnect.yaml in `/Users/tius/Documents/Data Tius/Projeksi-bisnis/dataconnect`\n"}}
[debug] [2026-05-15T12:01:22.849Z] E0515 19:01:22.848981   83597 watch.go:40] Failed to load config from "/Users/tius/Documents/Data Tius/Projeksi-bisnis/dataconnect": could not find dataconnect.yaml in `/Users/tius/Documents/Data Tius/Projeksi-bisnis/dataconnect`
 {"metadata":{"emulator":{"name":"dataconnect"},"message":"E0515 19:01:22.848981   83597 watch.go:40] Failed to load config from \"/Users/tius/Documents/Data Tius/Projeksi-bisnis/dataconnect\": could not find dataconnect.yaml in `/Users/tius/Documents/Data Tius/Projeksi-bisnis/dataconnect`\n"}}
[debug] [2026-05-15T12:01:32.848Z] E0515 19:01:32.848567   83597 watch.go:40] Failed to load config from "/Users/tius/Documents/Data Tius/Projeksi-bisnis/dataconnect": could not find dataconnect.yaml in `/Users/tius/Documents/Data Tius/Projeksi-bisnis/dataconnect`
 {"metadata":{"emulator":{"name":"dataconnect"},"message":"E0515 19:01:32.848567   83597 watch.go:40] Failed to load config from \"/Users/tius/Documents/Data Tius/Projeksi-bisnis/dataconnect\": could not find dataconnect.yaml in `/Users/tius/Documents/Data Tius/Projeksi-bisnis/dataconnect`\n"}}
[debug] [2026-05-15T12:01:42.871Z] E0515 19:01:42.870674   83597 watch.go:40] Failed to load config from "/Users/tius/Documents/Data Tius/Projeksi-bisnis/dataconnect": could not find dataconnect.yaml in `/Users/tius/Documents/Data Tius/Projeksi-bisnis/dataconnect`
 {"metadata":{"emulator":{"name":"dataconnect"},"message":"E0515 19:01:42.870674   83597 watch.go:40] Failed to load config from \"/Users/tius/Documents/Data Tius/Projeksi-bisnis/dataconnect\": could not find dataconnect.yaml in `/Users/tius/Documents/Data Tius/Projeksi-bisnis/dataconnect`\n"}}
[debug] [2026-05-15T12:01:52.852Z] E0515 19:01:52.852169   83597 watch.go:40] Failed to load config from "/Users/tius/Documents/Data Tius/Projeksi-bisnis/dataconnect": could not find dataconnect.yaml in `/Users/tius/Documents/Data Tius/Projeksi-bisnis/dataconnect`
 {"metadata":{"emulator":{"name":"dataconnect"},"message":"E0515 19:01:52.852169   83597 watch.go:40] Failed to load config from \"/Users/tius/Documents/Data Tius/Projeksi-bisnis/dataconnect\": could not find dataconnect.yaml in `/Users/tius/Documents/Data Tius/Projeksi-bisnis/dataconnect`\n"}}
[debug] [2026-05-15T12:02:02.849Z] E0515 19:02:02.848913   83597 watch.go:116] watchAllDir unable to walk dir `/Users/tius/Documents/Data Tius/Projeksi-bisnis/dataconnect`: lstat /Users/tius/Documents/Data Tius/Projeksi-bisnis/dataconnect: no such file or directory
 {"metadata":{"emulator":{"name":"dataconnect"},"message":"E0515 19:02:02.848913   83597 watch.go:116] watchAllDir unable to walk dir `/Users/tius/Documents/Data Tius/Projeksi-bisnis/dataconnect`: lstat /Users/tius/Documents/Data Tius/Projeksi-bisnis/dataconnect: no such file or directory\n"}}
[debug] [2026-05-15T12:02:02.850Z] E0515 19:02:02.849063   83597 watch.go:40] Failed to load config from "/Users/tius/Documents/Data Tius/Projeksi-bisnis/dataconnect": could not find dataconnect.yaml in `/Users/tius/Documents/Data Tius/Projeksi-bisnis/dataconnect`
 {"metadata":{"emulator":{"name":"dataconnect"},"message":"E0515 19:02:02.849063   83597 watch.go:40] Failed to load config from \"/Users/tius/Documents/Data Tius/Projeksi-bisnis/dataconnect\": could not find dataconnect.yaml in `/Users/tius/Documents/Data Tius/Projeksi-bisnis/dataconnect`\n"}}
[debug] [2026-05-15T12:02:12.856Z] E0515 19:02:12.856171   83597 watch.go:40] Failed to load config from "/Users/tius/Documents/Data Tius/Projeksi-bisnis/dataconnect": could not find dataconnect.yaml in `/Users/tius/Documents/Data Tius/Projeksi-bisnis/dataconnect`
 {"metadata":{"emulator":{"name":"dataconnect"},"message":"E0515 19:02:12.856171   83597 watch.go:40] Failed to load config from \"/Users/tius/Documents/Data Tius/Projeksi-bisnis/dataconnect\": could not find dataconnect.yaml in `/Users/tius/Documents/Data Tius/Projeksi-bisnis/dataconnect`\n"}}
[debug] [2026-05-15T12:02:22.854Z] E0515 19:02:22.852726   83597 watch.go:40] Failed to load config from "/Users/tius/Documents/Data Tius/Projeksi-bisnis/dataconnect": could not find dataconnect.yaml in `/Users/tius/Documents/Data Tius/Projeksi-bisnis/dataconnect`
 {"metadata":{"emulator":{"name":"dataconnect"},"message":"E0515 19:02:22.852726   83597 watch.go:40] Failed to load config from \"/Users/tius/Documents/Data Tius/Projeksi-bisnis/dataconnect\": could not find dataconnect.yaml in `/Users/tius/Documents/Data Tius/Projeksi-bisnis/dataconnect`\n"}}
[debug] [2026-05-15T12:02:32.849Z] E0515 19:02:32.848758   83597 watch.go:40] Failed to load config from "/Users/tius/Documents/Data Tius/Projeksi-bisnis/dataconnect": could not find dataconnect.yaml in `/Users/tius/Documents/Data Tius/Projeksi-bisnis/dataconnect`
 {"metadata":{"emulator":{"name":"dataconnect"},"message":"E0515 19:02:32.848758   83597 watch.go:40] Failed to load config from \"/Users/tius/Documents/Data Tius/Projeksi-bisnis/dataconnect\": could not find dataconnect.yaml in `/Users/tius/Documents/Data Tius/Projeksi-bisnis/dataconnect`\n"}}
[debug] [2026-05-15T12:02:42.851Z] E0515 19:02:42.851261   83597 watch.go:40] Failed to load config from "/Users/tius/Documents/Data Tius/Projeksi-bisnis/dataconnect": could not find dataconnect.yaml in `/Users/tius/Documents/Data Tius/Projeksi-bisnis/dataconnect`
 {"metadata":{"emulator":{"name":"dataconnect"},"message":"E0515 19:02:42.851261   83597 watch.go:40] Failed to load config from \"/Users/tius/Documents/Data Tius/Projeksi-bisnis/dataconnect\": could not find dataconnect.yaml in `/Users/tius/Documents/Data Tius/Projeksi-bisnis/dataconnect`\n"}}
[debug] [2026-05-15T12:02:53.040Z] E0515 19:02:53.040266   83597 watch.go:40] Failed to load config from "/Users/tius/Documents/Data Tius/Projeksi-bisnis/dataconnect": could not find dataconnect.yaml in `/Users/tius/Documents/Data Tius/Projeksi-bisnis/dataconnect`
 {"metadata":{"emulator":{"name":"dataconnect"},"message":"E0515 19:02:53.040266   83597 watch.go:40] Failed to load config from \"/Users/tius/Documents/Data Tius/Projeksi-bisnis/dataconnect\": could not find dataconnect.yaml in `/Users/tius/Documents/Data Tius/Projeksi-bisnis/dataconnect`\n"}}
[debug] [2026-05-15T12:03:02.850Z] E0515 19:03:02.850062   83597 watch.go:116] watchAllDir unable to walk dir `/Users/tius/Documents/Data Tius/Projeksi-bisnis/dataconnect`: lstat /Users/tius/Documents/Data Tius/Projeksi-bisnis/dataconnect: no such file or directory
 {"metadata":{"emulator":{"name":"dataconnect"},"message":"E0515 19:03:02.850062   83597 watch.go:116] watchAllDir unable to walk dir `/Users/tius/Documents/Data Tius/Projeksi-bisnis/dataconnect`: lstat /Users/tius/Documents/Data Tius/Projeksi-bisnis/dataconnect: no such file or directory\n"}}
[debug] [2026-05-15T12:03:02.851Z] E0515 19:03:02.850220   83597 watch.go:40] Failed to load config from "/Users/tius/Documents/Data Tius/Projeksi-bisnis/dataconnect": could not find dataconnect.yaml in `/Users/tius/Documents/Data Tius/Projeksi-bisnis/dataconnect`
 {"metadata":{"emulator":{"name":"dataconnect"},"message":"E0515 19:03:02.850220   83597 watch.go:40] Failed to load config from \"/Users/tius/Documents/Data Tius/Projeksi-bisnis/dataconnect\": could not find dataconnect.yaml in `/Users/tius/Documents/Data Tius/Projeksi-bisnis/dataconnect`\n"}}
[debug] [2026-05-15T12:03:12.852Z] E0515 19:03:12.852095   83597 watch.go:40] Failed to load config from "/Users/tius/Documents/Data Tius/Projeksi-bisnis/dataconnect": could not find dataconnect.yaml in `/Users/tius/Documents/Data Tius/Projeksi-bisnis/dataconnect`
 {"metadata":{"emulator":{"name":"dataconnect"},"message":"E0515 19:03:12.852095   83597 watch.go:40] Failed to load config from \"/Users/tius/Documents/Data Tius/Projeksi-bisnis/dataconnect\": could not find dataconnect.yaml in `/Users/tius/Documents/Data Tius/Projeksi-bisnis/dataconnect`\n"}}
[debug] [2026-05-15T12:03:22.850Z] E0515 19:03:22.849996   83597 watch.go:40] Failed to load config from "/Users/tius/Documents/Data Tius/Projeksi-bisnis/dataconnect": could not find dataconnect.yaml in `/Users/tius/Documents/Data Tius/Projeksi-bisnis/dataconnect`
 {"metadata":{"emulator":{"name":"dataconnect"},"message":"E0515 19:03:22.849996   83597 watch.go:40] Failed to load config from \"/Users/tius/Documents/Data Tius/Projeksi-bisnis/dataconnect\": could not find dataconnect.yaml in `/Users/tius/Documents/Data Tius/Projeksi-bisnis/dataconnect`\n"}}
[debug] [2026-05-15T12:03:32.850Z] E0515 19:03:32.850544   83597 watch.go:40] Failed to load config from "/Users/tius/Documents/Data Tius/Projeksi-bisnis/dataconnect": could not find dataconnect.yaml in `/Users/tius/Documents/Data Tius/Projeksi-bisnis/dataconnect`
 {"metadata":{"emulator":{"name":"dataconnect"},"message":"E0515 19:03:32.850544   83597 watch.go:40] Failed to load config from \"/Users/tius/Documents/Data Tius/Projeksi-bisnis/dataconnect\": could not find dataconnect.yaml in `/Users/tius/Documents/Data Tius/Projeksi-bisnis/dataconnect`\n"}}
[debug] [2026-05-15T12:03:42.852Z] E0515 19:03:42.852138   83597 watch.go:40] Failed to load config from "/Users/tius/Documents/Data Tius/Projeksi-bisnis/dataconnect": could not find dataconnect.yaml in `/Users/tius/Documents/Data Tius/Projeksi-bisnis/dataconnect`
 {"metadata":{"emulator":{"name":"dataconnect"},"message":"E0515 19:03:42.852138   83597 watch.go:40] Failed to load config from \"/Users/tius/Documents/Data Tius/Projeksi-bisnis/dataconnect\": could not find dataconnect.yaml in `/Users/tius/Documents/Data Tius/Projeksi-bisnis/dataconnect`\n"}}
[debug] [2026-05-15T12:03:53.369Z] E0515 19:03:52.853500   83597 watch.go:40] Failed to load config from "/Users/tius/Documents/Data Tius/Projeksi-bisnis/dataconnect": could not find dataconnect.yaml in `/Users/tius/Documents/Data Tius/Projeksi-bisnis/dataconnect`
 {"metadata":{"emulator":{"name":"dataconnect"},"message":"E0515 19:03:52.853500   83597 watch.go:40] Failed to load config from \"/Users/tius/Documents/Data Tius/Projeksi-bisnis/dataconnect\": could not find dataconnect.yaml in `/Users/tius/Documents/Data Tius/Projeksi-bisnis/dataconnect`\n"}}
[debug] [2026-05-15T12:04:02.852Z] E0515 19:04:02.851983   83597 watch.go:116] watchAllDir unable to walk dir `/Users/tius/Documents/Data Tius/Projeksi-bisnis/dataconnect`: lstat /Users/tius/Documents/Data Tius/Projeksi-bisnis/dataconnect: no such file or directory
 {"metadata":{"emulator":{"name":"dataconnect"},"message":"E0515 19:04:02.851983   83597 watch.go:116] watchAllDir unable to walk dir `/Users/tius/Documents/Data Tius/Projeksi-bisnis/dataconnect`: lstat /Users/tius/Documents/Data Tius/Projeksi-bisnis/dataconnect: no such file or directory\n"}}
[debug] [2026-05-15T12:04:02.854Z] E0515 19:04:02.852267   83597 watch.go:40] Failed to load config from "/Users/tius/Documents/Data Tius/Projeksi-bisnis/dataconnect": could not find dataconnect.yaml in `/Users/tius/Documents/Data Tius/Projeksi-bisnis/dataconnect`
 {"metadata":{"emulator":{"name":"dataconnect"},"message":"E0515 19:04:02.852267   83597 watch.go:40] Failed to load config from \"/Users/tius/Documents/Data Tius/Projeksi-bisnis/dataconnect\": could not find dataconnect.yaml in `/Users/tius/Documents/Data Tius/Projeksi-bisnis/dataconnect`\n"}}
[debug] [2026-05-15T12:04:12.855Z] E0515 19:04:12.855041   83597 watch.go:40] Failed to load config from "/Users/tius/Documents/Data Tius/Projeksi-bisnis/dataconnect": could not find dataconnect.yaml in `/Users/tius/Documents/Data Tius/Projeksi-bisnis/dataconnect`
 {"metadata":{"emulator":{"name":"dataconnect"},"message":"E0515 19:04:12.855041   83597 watch.go:40] Failed to load config from \"/Users/tius/Documents/Data Tius/Projeksi-bisnis/dataconnect\": could not find dataconnect.yaml in `/Users/tius/Documents/Data Tius/Projeksi-bisnis/dataconnect`\n"}}
[debug] [2026-05-15T12:04:22.849Z] E0515 19:04:22.848925   83597 watch.go:40] Failed to load config from "/Users/tius/Documents/Data Tius/Projeksi-bisnis/dataconnect": could not find dataconnect.yaml in `/Users/tius/Documents/Data Tius/Projeksi-bisnis/dataconnect`
 {"metadata":{"emulator":{"name":"dataconnect"},"message":"E0515 19:04:22.848925   83597 watch.go:40] Failed to load config from \"/Users/tius/Documents/Data Tius/Projeksi-bisnis/dataconnect\": could not find dataconnect.yaml in `/Users/tius/Documents/Data Tius/Projeksi-bisnis/dataconnect`\n"}}
[debug] [2026-05-15T12:04:32.850Z] E0515 19:04:32.850231   83597 watch.go:40] Failed to load config from "/Users/tius/Documents/Data Tius/Projeksi-bisnis/dataconnect": could not find dataconnect.yaml in `/Users/tius/Documents/Data Tius/Projeksi-bisnis/dataconnect`
 {"metadata":{"emulator":{"name":"dataconnect"},"message":"E0515 19:04:32.850231   83597 watch.go:40] Failed to load config from \"/Users/tius/Documents/Data Tius/Projeksi-bisnis/dataconnect\": could not find dataconnect.yaml in `/Users/tius/Documents/Data Tius/Projeksi-bisnis/dataconnect`\n"}}
[debug] [2026-05-15T12:04:42.851Z] E0515 19:04:42.850906   83597 watch.go:40] Failed to load config from "/Users/tius/Documents/Data Tius/Projeksi-bisnis/dataconnect": could not find dataconnect.yaml in `/Users/tius/Documents/Data Tius/Projeksi-bisnis/dataconnect`
 {"metadata":{"emulator":{"name":"dataconnect"},"message":"E0515 19:04:42.850906   83597 watch.go:40] Failed to load config from \"/Users/tius/Documents/Data Tius/Projeksi-bisnis/dataconnect\": could not find dataconnect.yaml in `/Users/tius/Documents/Data Tius/Projeksi-bisnis/dataconnect`\n"}}
[debug] [2026-05-15T12:04:52.849Z] E0515 19:04:52.848860   83597 watch.go:40] Failed to load config from "/Users/tius/Documents/Data Tius/Projeksi-bisnis/dataconnect": could not find dataconnect.yaml in `/Users/tius/Documents/Data Tius/Projeksi-bisnis/dataconnect`
 {"metadata":{"emulator":{"name":"dataconnect"},"message":"E0515 19:04:52.848860   83597 watch.go:40] Failed to load config from \"/Users/tius/Documents/Data Tius/Projeksi-bisnis/dataconnect\": could not find dataconnect.yaml in `/Users/tius/Documents/Data Tius/Projeksi-bisnis/dataconnect`\n"}}
[debug] [2026-05-15T12:05:02.851Z] E0515 19:05:02.851059   83597 watch.go:40] Failed to load config from "/Users/tius/Documents/Data Tius/Projeksi-bisnis/dataconnect": could not find dataconnect.yaml in `/Users/tius/Documents/Data Tius/Projeksi-bisnis/dataconnect`
 {"metadata":{"emulator":{"name":"dataconnect"},"message":"E0515 19:05:02.851059   83597 watch.go:40] Failed to load config from \"/Users/tius/Documents/Data Tius/Projeksi-bisnis/dataconnect\": could not find dataconnect.yaml in `/Users/tius/Documents/Data Tius/Projeksi-bisnis/dataconnect`\n"}}
[debug] [2026-05-15T12:05:02.855Z] E0515 19:05:02.850972   83597 watch.go:116] watchAllDir unable to walk dir `/Users/tius/Documents/Data Tius/Projeksi-bisnis/dataconnect`: lstat /Users/tius/Documents/Data Tius/Projeksi-bisnis/dataconnect: no such file or directory
 {"metadata":{"emulator":{"name":"dataconnect"},"message":"E0515 19:05:02.850972   83597 watch.go:116] watchAllDir unable to walk dir `/Users/tius/Documents/Data Tius/Projeksi-bisnis/dataconnect`: lstat /Users/tius/Documents/Data Tius/Projeksi-bisnis/dataconnect: no such file or directory\n"}}
[debug] [2026-05-15T12:05:12.849Z] E0515 19:05:12.848889   83597 watch.go:40] Failed to load config from "/Users/tius/Documents/Data Tius/Projeksi-bisnis/dataconnect": could not find dataconnect.yaml in `/Users/tius/Documents/Data Tius/Projeksi-bisnis/dataconnect`
 {"metadata":{"emulator":{"name":"dataconnect"},"message":"E0515 19:05:12.848889   83597 watch.go:40] Failed to load config from \"/Users/tius/Documents/Data Tius/Projeksi-bisnis/dataconnect\": could not find dataconnect.yaml in `/Users/tius/Documents/Data Tius/Projeksi-bisnis/dataconnect`\n"}}
[debug] [2026-05-15T12:05:22.851Z] E0515 19:05:22.850492   83597 watch.go:40] Failed to load config from "/Users/tius/Documents/Data Tius/Projeksi-bisnis/dataconnect": could not find dataconnect.yaml in `/Users/tius/Documents/Data Tius/Projeksi-bisnis/dataconnect`
 {"metadata":{"emulator":{"name":"dataconnect"},"message":"E0515 19:05:22.850492   83597 watch.go:40] Failed to load config from \"/Users/tius/Documents/Data Tius/Projeksi-bisnis/dataconnect\": could not find dataconnect.yaml in `/Users/tius/Documents/Data Tius/Projeksi-bisnis/dataconnect`\n"}}
[debug] [2026-05-15T12:05:32.858Z] E0515 19:05:32.857843   83597 watch.go:40] Failed to load config from "/Users/tius/Documents/Data Tius/Projeksi-bisnis/dataconnect": could not find dataconnect.yaml in `/Users/tius/Documents/Data Tius/Projeksi-bisnis/dataconnect`
 {"metadata":{"emulator":{"name":"dataconnect"},"message":"E0515 19:05:32.857843   83597 watch.go:40] Failed to load config from \"/Users/tius/Documents/Data Tius/Projeksi-bisnis/dataconnect\": could not find dataconnect.yaml in `/Users/tius/Documents/Data Tius/Projeksi-bisnis/dataconnect`\n"}}
[debug] [2026-05-15T12:05:43.090Z] E0515 19:05:42.849165   83597 watch.go:40] Failed to load config from "/Users/tius/Documents/Data Tius/Projeksi-bisnis/dataconnect": could not find dataconnect.yaml in `/Users/tius/Documents/Data Tius/Projeksi-bisnis/dataconnect`
 {"metadata":{"emulator":{"name":"dataconnect"},"message":"E0515 19:05:42.849165   83597 watch.go:40] Failed to load config from \"/Users/tius/Documents/Data Tius/Projeksi-bisnis/dataconnect\": could not find dataconnect.yaml in `/Users/tius/Documents/Data Tius/Projeksi-bisnis/dataconnect`\n"}}
[debug] [2026-05-15T12:05:52.849Z] E0515 19:05:52.849609   83597 watch.go:40] Failed to load config from "/Users/tius/Documents/Data Tius/Projeksi-bisnis/dataconnect": could not find dataconnect.yaml in `/Users/tius/Documents/Data Tius/Projeksi-bisnis/dataconnect`
 {"metadata":{"emulator":{"name":"dataconnect"},"message":"E0515 19:05:52.849609   83597 watch.go:40] Failed to load config from \"/Users/tius/Documents/Data Tius/Projeksi-bisnis/dataconnect\": could not find dataconnect.yaml in `/Users/tius/Documents/Data Tius/Projeksi-bisnis/dataconnect`\n"}}
[debug] [2026-05-15T12:06:14.983Z] E0515 19:06:02.854153   83597 watch.go:116] watchAllDir unable to walk dir `/Users/tius/Documents/Data Tius/Projeksi-bisnis/dataconnect`: lstat /Users/tius/Documents/Data Tius/Projeksi-bisnis/dataconnect: no such file or directory
E0515 19:06:02.854368   83597 watch.go:40] Failed to load config from "/Users/tius/Documents/Data Tius/Projeksi-bisnis/dataconnect": could not find dataconnect.yaml in `/Users/tius/Documents/Data Tius/Projeksi-bisnis/dataconnect`
E0515 19:06:12.849072   83597 watch.go:40] Failed to load config from "/Users/tius/Documents/Data Tius/Projeksi-bisnis/dataconnect": could not find dataconnect.yaml in `/Users/tius/Documents/Data Tius/Projeksi-bisnis/dataconnect`
 {"metadata":{"emulator":{"name":"dataconnect"},"message":"E0515 19:06:02.854153   83597 watch.go:116] watchAllDir unable to walk dir `/Users/tius/Documents/Data Tius/Projeksi-bisnis/dataconnect`: lstat /Users/tius/Documents/Data Tius/Projeksi-bisnis/dataconnect: no such file or directory\nE0515 19:06:02.854368   83597 watch.go:40] Failed to load config from \"/Users/tius/Documents/Data Tius/Projeksi-bisnis/dataconnect\": could not find dataconnect.yaml in `/Users/tius/Documents/Data Tius/Projeksi-bisnis/dataconnect`\nE0515 19:06:12.849072   83597 watch.go:40] Failed to load config from \"/Users/tius/Documents/Data Tius/Projeksi-bisnis/dataconnect\": could not find dataconnect.yaml in `/Users/tius/Documents/Data Tius/Projeksi-bisnis/dataconnect`\n"}}
[debug] [2026-05-15T12:06:22.849Z] E0515 19:06:22.848796   83597 watch.go:40] Failed to load config from "/Users/tius/Documents/Data Tius/Projeksi-bisnis/dataconnect": could not find dataconnect.yaml in `/Users/tius/Documents/Data Tius/Projeksi-bisnis/dataconnect`
 {"metadata":{"emulator":{"name":"dataconnect"},"message":"E0515 19:06:22.848796   83597 watch.go:40] Failed to load config from \"/Users/tius/Documents/Data Tius/Projeksi-bisnis/dataconnect\": could not find dataconnect.yaml in `/Users/tius/Documents/Data Tius/Projeksi-bisnis/dataconnect`\n"}}
[debug] [2026-05-15T12:06:32.849Z] E0515 19:06:32.849181   83597 watch.go:40] Failed to load config from "/Users/tius/Documents/Data Tius/Projeksi-bisnis/dataconnect": could not find dataconnect.yaml in `/Users/tius/Documents/Data Tius/Projeksi-bisnis/dataconnect`
 {"metadata":{"emulator":{"name":"dataconnect"},"message":"E0515 19:06:32.849181   83597 watch.go:40] Failed to load config from \"/Users/tius/Documents/Data Tius/Projeksi-bisnis/dataconnect\": could not find dataconnect.yaml in `/Users/tius/Documents/Data Tius/Projeksi-bisnis/dataconnect`\n"}}
[debug] [2026-05-15T12:06:42.896Z] E0515 19:06:42.892076   83597 watch.go:40] Failed to load config from "/Users/tius/Documents/Data Tius/Projeksi-bisnis/dataconnect": could not find dataconnect.yaml in `/Users/tius/Documents/Data Tius/Projeksi-bisnis/dataconnect`
 {"metadata":{"emulator":{"name":"dataconnect"},"message":"E0515 19:06:42.892076   83597 watch.go:40] Failed to load config from \"/Users/tius/Documents/Data Tius/Projeksi-bisnis/dataconnect\": could not find dataconnect.yaml in `/Users/tius/Documents/Data Tius/Projeksi-bisnis/dataconnect`\n"}}
[debug] [2026-05-15T12:06:52.857Z] E0515 19:06:52.856991   83597 watch.go:40] Failed to load config from "/Users/tius/Documents/Data Tius/Projeksi-bisnis/dataconnect": could not find dataconnect.yaml in `/Users/tius/Documents/Data Tius/Projeksi-bisnis/dataconnect`
 {"metadata":{"emulator":{"name":"dataconnect"},"message":"E0515 19:06:52.856991   83597 watch.go:40] Failed to load config from \"/Users/tius/Documents/Data Tius/Projeksi-bisnis/dataconnect\": could not find dataconnect.yaml in `/Users/tius/Documents/Data Tius/Projeksi-bisnis/dataconnect`\n"}}
[debug] [2026-05-15T12:07:02.852Z] E0515 19:07:02.851597   83597 watch.go:116] watchAllDir unable to walk dir `/Users/tius/Documents/Data Tius/Projeksi-bisnis/dataconnect`: lstat /Users/tius/Documents/Data Tius/Projeksi-bisnis/dataconnect: no such file or directory
 {"metadata":{"emulator":{"name":"dataconnect"},"message":"E0515 19:07:02.851597   83597 watch.go:116] watchAllDir unable to walk dir `/Users/tius/Documents/Data Tius/Projeksi-bisnis/dataconnect`: lstat /Users/tius/Documents/Data Tius/Projeksi-bisnis/dataconnect: no such file or directory\n"}}
[debug] [2026-05-15T12:07:02.853Z] E0515 19:07:02.853727   83597 watch.go:40] Failed to load config from "/Users/tius/Documents/Data Tius/Projeksi-bisnis/dataconnect": could not find dataconnect.yaml in `/Users/tius/Documents/Data Tius/Projeksi-bisnis/dataconnect`
 {"metadata":{"emulator":{"name":"dataconnect"},"message":"E0515 19:07:02.853727   83597 watch.go:40] Failed to load config from \"/Users/tius/Documents/Data Tius/Projeksi-bisnis/dataconnect\": could not find dataconnect.yaml in `/Users/tius/Documents/Data Tius/Projeksi-bisnis/dataconnect`\n"}}
[debug] [2026-05-15T12:07:12.850Z] E0515 19:07:12.849852   83597 watch.go:40] Failed to load config from "/Users/tius/Documents/Data Tius/Projeksi-bisnis/dataconnect": could not find dataconnect.yaml in `/Users/tius/Documents/Data Tius/Projeksi-bisnis/dataconnect`
 {"metadata":{"emulator":{"name":"dataconnect"},"message":"E0515 19:07:12.849852   83597 watch.go:40] Failed to load config from \"/Users/tius/Documents/Data Tius/Projeksi-bisnis/dataconnect\": could not find dataconnect.yaml in `/Users/tius/Documents/Data Tius/Projeksi-bisnis/dataconnect`\n"}}
[debug] [2026-05-15T12:07:22.852Z] E0515 19:07:22.851636   83597 watch.go:40] Failed to load config from "/Users/tius/Documents/Data Tius/Projeksi-bisnis/dataconnect": could not find dataconnect.yaml in `/Users/tius/Documents/Data Tius/Projeksi-bisnis/dataconnect`
 {"metadata":{"emulator":{"name":"dataconnect"},"message":"E0515 19:07:22.851636   83597 watch.go:40] Failed to load config from \"/Users/tius/Documents/Data Tius/Projeksi-bisnis/dataconnect\": could not find dataconnect.yaml in `/Users/tius/Documents/Data Tius/Projeksi-bisnis/dataconnect`\n"}}
[debug] [2026-05-15T12:07:32.850Z] E0515 19:07:32.849338   83597 watch.go:40] Failed to load config from "/Users/tius/Documents/Data Tius/Projeksi-bisnis/dataconnect": could not find dataconnect.yaml in `/Users/tius/Documents/Data Tius/Projeksi-bisnis/dataconnect`
 {"metadata":{"emulator":{"name":"dataconnect"},"message":"E0515 19:07:32.849338   83597 watch.go:40] Failed to load config from \"/Users/tius/Documents/Data Tius/Projeksi-bisnis/dataconnect\": could not find dataconnect.yaml in `/Users/tius/Documents/Data Tius/Projeksi-bisnis/dataconnect`\n"}}
[debug] [2026-05-15T12:07:42.854Z] E0515 19:07:42.852523   83597 watch.go:40] Failed to load config from "/Users/tius/Documents/Data Tius/Projeksi-bisnis/dataconnect": could not find dataconnect.yaml in `/Users/tius/Documents/Data Tius/Projeksi-bisnis/dataconnect`
 {"metadata":{"emulator":{"name":"dataconnect"},"message":"E0515 19:07:42.852523   83597 watch.go:40] Failed to load config from \"/Users/tius/Documents/Data Tius/Projeksi-bisnis/dataconnect\": could not find dataconnect.yaml in `/Users/tius/Documents/Data Tius/Projeksi-bisnis/dataconnect`\n"}}
[debug] [2026-05-15T12:07:52.854Z] E0515 19:07:52.853821   83597 watch.go:40] Failed to load config from "/Users/tius/Documents/Data Tius/Projeksi-bisnis/dataconnect": could not find dataconnect.yaml in `/Users/tius/Documents/Data Tius/Projeksi-bisnis/dataconnect`
 {"metadata":{"emulator":{"name":"dataconnect"},"message":"E0515 19:07:52.853821   83597 watch.go:40] Failed to load config from \"/Users/tius/Documents/Data Tius/Projeksi-bisnis/dataconnect\": could not find dataconnect.yaml in `/Users/tius/Documents/Data Tius/Projeksi-bisnis/dataconnect`\n"}}
[debug] [2026-05-15T12:08:02.852Z] E0515 19:08:02.851765   83597 watch.go:116] watchAllDir unable to walk dir `/Users/tius/Documents/Data Tius/Projeksi-bisnis/dataconnect`: lstat /Users/tius/Documents/Data Tius/Projeksi-bisnis/dataconnect: no such file or directory
E0515 19:08:02.851850   83597 watch.go:40] Failed to load config from "/Users/tius/Documents/Data Tius/Projeksi-bisnis/dataconnect": could not find dataconnect.yaml in `/Users/tius/Documents/Data Tius/Projeksi-bisnis/dataconnect`
 {"metadata":{"emulator":{"name":"dataconnect"},"message":"E0515 19:08:02.851765   83597 watch.go:116] watchAllDir unable to walk dir `/Users/tius/Documents/Data Tius/Projeksi-bisnis/dataconnect`: lstat /Users/tius/Documents/Data Tius/Projeksi-bisnis/dataconnect: no such file or directory\nE0515 19:08:02.851850   83597 watch.go:40] Failed to load config from \"/Users/tius/Documents/Data Tius/Projeksi-bisnis/dataconnect\": could not find dataconnect.yaml in `/Users/tius/Documents/Data Tius/Projeksi-bisnis/dataconnect`\n"}}
[debug] [2026-05-15T12:08:12.853Z] E0515 19:08:12.853087   83597 watch.go:40] Failed to load config from "/Users/tius/Documents/Data Tius/Projeksi-bisnis/dataconnect": could not find dataconnect.yaml in `/Users/tius/Documents/Data Tius/Projeksi-bisnis/dataconnect`
 {"metadata":{"emulator":{"name":"dataconnect"},"message":"E0515 19:08:12.853087   83597 watch.go:40] Failed to load config from \"/Users/tius/Documents/Data Tius/Projeksi-bisnis/dataconnect\": could not find dataconnect.yaml in `/Users/tius/Documents/Data Tius/Projeksi-bisnis/dataconnect`\n"}}
[debug] [2026-05-15T12:08:22.849Z] E0515 19:08:22.849232   83597 watch.go:40] Failed to load config from "/Users/tius/Documents/Data Tius/Projeksi-bisnis/dataconnect": could not find dataconnect.yaml in `/Users/tius/Documents/Data Tius/Projeksi-bisnis/dataconnect`
 {"metadata":{"emulator":{"name":"dataconnect"},"message":"E0515 19:08:22.849232   83597 watch.go:40] Failed to load config from \"/Users/tius/Documents/Data Tius/Projeksi-bisnis/dataconnect\": could not find dataconnect.yaml in `/Users/tius/Documents/Data Tius/Projeksi-bisnis/dataconnect`\n"}}
[debug] [2026-05-15T12:08:32.849Z] E0515 19:08:32.848802   83597 watch.go:40] Failed to load config from "/Users/tius/Documents/Data Tius/Projeksi-bisnis/dataconnect": could not find dataconnect.yaml in `/Users/tius/Documents/Data Tius/Projeksi-bisnis/dataconnect`
 {"metadata":{"emulator":{"name":"dataconnect"},"message":"E0515 19:08:32.848802   83597 watch.go:40] Failed to load config from \"/Users/tius/Documents/Data Tius/Projeksi-bisnis/dataconnect\": could not find dataconnect.yaml in `/Users/tius/Documents/Data Tius/Projeksi-bisnis/dataconnect`\n"}}
[debug] [2026-05-15T12:08:42.849Z] E0515 19:08:42.849707   83597 watch.go:40] Failed to load config from "/Users/tius/Documents/Data Tius/Projeksi-bisnis/dataconnect": could not find dataconnect.yaml in `/Users/tius/Documents/Data Tius/Projeksi-bisnis/dataconnect`
 {"metadata":{"emulator":{"name":"dataconnect"},"message":"E0515 19:08:42.849707   83597 watch.go:40] Failed to load config from \"/Users/tius/Documents/Data Tius/Projeksi-bisnis/dataconnect\": could not find dataconnect.yaml in `/Users/tius/Documents/Data Tius/Projeksi-bisnis/dataconnect`\n"}}
[debug] [2026-05-15T12:08:52.849Z] E0515 19:08:52.849476   83597 watch.go:40] Failed to load config from "/Users/tius/Documents/Data Tius/Projeksi-bisnis/dataconnect": could not find dataconnect.yaml in `/Users/tius/Documents/Data Tius/Projeksi-bisnis/dataconnect`
 {"metadata":{"emulator":{"name":"dataconnect"},"message":"E0515 19:08:52.849476   83597 watch.go:40] Failed to load config from \"/Users/tius/Documents/Data Tius/Projeksi-bisnis/dataconnect\": could not find dataconnect.yaml in `/Users/tius/Documents/Data Tius/Projeksi-bisnis/dataconnect`\n"}}
[debug] [2026-05-15T12:09:02.849Z] E0515 19:09:02.848896   83597 watch.go:116] watchAllDir unable to walk dir `/Users/tius/Documents/Data Tius/Projeksi-bisnis/dataconnect`: lstat /Users/tius/Documents/Data Tius/Projeksi-bisnis/dataconnect: no such file or directory
E0515 19:09:02.849029   83597 watch.go:40] Failed to load config from "/Users/tius/Documents/Data Tius/Projeksi-bisnis/dataconnect": could not find dataconnect.yaml in `/Users/tius/Documents/Data Tius/Projeksi-bisnis/dataconnect`
 {"metadata":{"emulator":{"name":"dataconnect"},"message":"E0515 19:09:02.848896   83597 watch.go:116] watchAllDir unable to walk dir `/Users/tius/Documents/Data Tius/Projeksi-bisnis/dataconnect`: lstat /Users/tius/Documents/Data Tius/Projeksi-bisnis/dataconnect: no such file or directory\nE0515 19:09:02.849029   83597 watch.go:40] Failed to load config from \"/Users/tius/Documents/Data Tius/Projeksi-bisnis/dataconnect\": could not find dataconnect.yaml in `/Users/tius/Documents/Data Tius/Projeksi-bisnis/dataconnect`\n"}}
[debug] [2026-05-15T12:09:12.867Z] E0515 19:09:12.850370   83597 watch.go:40] Failed to load config from "/Users/tius/Documents/Data Tius/Projeksi-bisnis/dataconnect": could not find dataconnect.yaml in `/Users/tius/Documents/Data Tius/Projeksi-bisnis/dataconnect`
 {"metadata":{"emulator":{"name":"dataconnect"},"message":"E0515 19:09:12.850370   83597 watch.go:40] Failed to load config from \"/Users/tius/Documents/Data Tius/Projeksi-bisnis/dataconnect\": could not find dataconnect.yaml in `/Users/tius/Documents/Data Tius/Projeksi-bisnis/dataconnect`\n"}}
[debug] [2026-05-15T12:09:23.524Z] E0515 19:09:22.849749   83597 watch.go:40] Failed to load config from "/Users/tius/Documents/Data Tius/Projeksi-bisnis/dataconnect": could not find dataconnect.yaml in `/Users/tius/Documents/Data Tius/Projeksi-bisnis/dataconnect`
 {"metadata":{"emulator":{"name":"dataconnect"},"message":"E0515 19:09:22.849749   83597 watch.go:40] Failed to load config from \"/Users/tius/Documents/Data Tius/Projeksi-bisnis/dataconnect\": could not find dataconnect.yaml in `/Users/tius/Documents/Data Tius/Projeksi-bisnis/dataconnect`\n"}}
[debug] [2026-05-15T12:09:32.850Z] E0515 19:09:32.850237   83597 watch.go:40] Failed to load config from "/Users/tius/Documents/Data Tius/Projeksi-bisnis/dataconnect": could not find dataconnect.yaml in `/Users/tius/Documents/Data Tius/Projeksi-bisnis/dataconnect`
 {"metadata":{"emulator":{"name":"dataconnect"},"message":"E0515 19:09:32.850237   83597 watch.go:40] Failed to load config from \"/Users/tius/Documents/Data Tius/Projeksi-bisnis/dataconnect\": could not find dataconnect.yaml in `/Users/tius/Documents/Data Tius/Projeksi-bisnis/dataconnect`\n"}}
[debug] [2026-05-15T12:09:42.849Z] E0515 19:09:42.848952   83597 watch.go:40] Failed to load config from "/Users/tius/Documents/Data Tius/Projeksi-bisnis/dataconnect": could not find dataconnect.yaml in `/Users/tius/Documents/Data Tius/Projeksi-bisnis/dataconnect`
 {"metadata":{"emulator":{"name":"dataconnect"},"message":"E0515 19:09:42.848952   83597 watch.go:40] Failed to load config from \"/Users/tius/Documents/Data Tius/Projeksi-bisnis/dataconnect\": could not find dataconnect.yaml in `/Users/tius/Documents/Data Tius/Projeksi-bisnis/dataconnect`\n"}}
[debug] [2026-05-15T12:09:52.849Z] E0515 19:09:52.849171   83597 watch.go:40] Failed to load config from "/Users/tius/Documents/Data Tius/Projeksi-bisnis/dataconnect": could not find dataconnect.yaml in `/Users/tius/Documents/Data Tius/Projeksi-bisnis/dataconnect`
 {"metadata":{"emulator":{"name":"dataconnect"},"message":"E0515 19:09:52.849171   83597 watch.go:40] Failed to load config from \"/Users/tius/Documents/Data Tius/Projeksi-bisnis/dataconnect\": could not find dataconnect.yaml in `/Users/tius/Documents/Data Tius/Projeksi-bisnis/dataconnect`\n"}}
[debug] [2026-05-15T12:10:14.804Z] E0515 19:10:02.849579   83597 watch.go:116] watchAllDir unable to walk dir `/Users/tius/Documents/Data Tius/Projeksi-bisnis/dataconnect`: lstat /Users/tius/Documents/Data Tius/Projeksi-bisnis/dataconnect: no such file or directory
E0515 19:10:02.850608   83597 watch.go:40] Failed to load config from "/Users/tius/Documents/Data Tius/Projeksi-bisnis/dataconnect": could not find dataconnect.yaml in `/Users/tius/Documents/Data Tius/Projeksi-bisnis/dataconnect`
E0515 19:10:12.871813   83597 watch.go:40] Failed to load config from "/Users/tius/Documents/Data Tius/Projeksi-bisnis/dataconnect": could not find dataconnect.yaml in `/Users/tius/Documents/Data Tius/Projeksi-bisnis/dataconnect`
 {"metadata":{"emulator":{"name":"dataconnect"},"message":"E0515 19:10:02.849579   83597 watch.go:116] watchAllDir unable to walk dir `/Users/tius/Documents/Data Tius/Projeksi-bisnis/dataconnect`: lstat /Users/tius/Documents/Data Tius/Projeksi-bisnis/dataconnect: no such file or directory\nE0515 19:10:02.850608   83597 watch.go:40] Failed to load config from \"/Users/tius/Documents/Data Tius/Projeksi-bisnis/dataconnect\": could not find dataconnect.yaml in `/Users/tius/Documents/Data Tius/Projeksi-bisnis/dataconnect`\nE0515 19:10:12.871813   83597 watch.go:40] Failed to load config from \"/Users/tius/Documents/Data Tius/Projeksi-bisnis/dataconnect\": could not find dataconnect.yaml in `/Users/tius/Documents/Data Tius/Projeksi-bisnis/dataconnect`\n"}}
[debug] [2026-05-15T12:10:22.852Z] E0515 19:10:22.852442   83597 watch.go:40] Failed to load config from "/Users/tius/Documents/Data Tius/Projeksi-bisnis/dataconnect": could not find dataconnect.yaml in `/Users/tius/Documents/Data Tius/Projeksi-bisnis/dataconnect`
 {"metadata":{"emulator":{"name":"dataconnect"},"message":"E0515 19:10:22.852442   83597 watch.go:40] Failed to load config from \"/Users/tius/Documents/Data Tius/Projeksi-bisnis/dataconnect\": could not find dataconnect.yaml in `/Users/tius/Documents/Data Tius/Projeksi-bisnis/dataconnect`\n"}}
[debug] [2026-05-15T12:10:32.849Z] E0515 19:10:32.848905   83597 watch.go:40] Failed to load config from "/Users/tius/Documents/Data Tius/Projeksi-bisnis/dataconnect": could not find dataconnect.yaml in `/Users/tius/Documents/Data Tius/Projeksi-bisnis/dataconnect`
 {"metadata":{"emulator":{"name":"dataconnect"},"message":"E0515 19:10:32.848905   83597 watch.go:40] Failed to load config from \"/Users/tius/Documents/Data Tius/Projeksi-bisnis/dataconnect\": could not find dataconnect.yaml in `/Users/tius/Documents/Data Tius/Projeksi-bisnis/dataconnect`\n"}}
[debug] [2026-05-15T12:10:42.850Z] E0515 19:10:42.850079   83597 watch.go:40] Failed to load config from "/Users/tius/Documents/Data Tius/Projeksi-bisnis/dataconnect": could not find dataconnect.yaml in `/Users/tius/Documents/Data Tius/Projeksi-bisnis/dataconnect`
 {"metadata":{"emulator":{"name":"dataconnect"},"message":"E0515 19:10:42.850079   83597 watch.go:40] Failed to load config from \"/Users/tius/Documents/Data Tius/Projeksi-bisnis/dataconnect\": could not find dataconnect.yaml in `/Users/tius/Documents/Data Tius/Projeksi-bisnis/dataconnect`\n"}}
[debug] [2026-05-15T12:10:52.849Z] E0515 19:10:52.849701   83597 watch.go:40] Failed to load config from "/Users/tius/Documents/Data Tius/Projeksi-bisnis/dataconnect": could not find dataconnect.yaml in `/Users/tius/Documents/Data Tius/Projeksi-bisnis/dataconnect`
 {"metadata":{"emulator":{"name":"dataconnect"},"message":"E0515 19:10:52.849701   83597 watch.go:40] Failed to load config from \"/Users/tius/Documents/Data Tius/Projeksi-bisnis/dataconnect\": could not find dataconnect.yaml in `/Users/tius/Documents/Data Tius/Projeksi-bisnis/dataconnect`\n"}}
[debug] [2026-05-15T12:11:02.849Z] E0515 19:11:02.849018   83597 watch.go:40] Failed to load config from "/Users/tius/Documents/Data Tius/Projeksi-bisnis/dataconnect": could not find dataconnect.yaml in `/Users/tius/Documents/Data Tius/Projeksi-bisnis/dataconnect`
 {"metadata":{"emulator":{"name":"dataconnect"},"message":"E0515 19:11:02.849018   83597 watch.go:40] Failed to load config from \"/Users/tius/Documents/Data Tius/Projeksi-bisnis/dataconnect\": could not find dataconnect.yaml in `/Users/tius/Documents/Data Tius/Projeksi-bisnis/dataconnect`\n"}}
[debug] [2026-05-15T12:11:02.850Z] E0515 19:11:02.849075   83597 watch.go:116] watchAllDir unable to walk dir `/Users/tius/Documents/Data Tius/Projeksi-bisnis/dataconnect`: lstat /Users/tius/Documents/Data Tius/Projeksi-bisnis/dataconnect: no such file or directory
 {"metadata":{"emulator":{"name":"dataconnect"},"message":"E0515 19:11:02.849075   83597 watch.go:116] watchAllDir unable to walk dir `/Users/tius/Documents/Data Tius/Projeksi-bisnis/dataconnect`: lstat /Users/tius/Documents/Data Tius/Projeksi-bisnis/dataconnect: no such file or directory\n"}}
[debug] [2026-05-15T12:11:12.851Z] E0515 19:11:12.851189   83597 watch.go:40] Failed to load config from "/Users/tius/Documents/Data Tius/Projeksi-bisnis/dataconnect": could not find dataconnect.yaml in `/Users/tius/Documents/Data Tius/Projeksi-bisnis/dataconnect`
 {"metadata":{"emulator":{"name":"dataconnect"},"message":"E0515 19:11:12.851189   83597 watch.go:40] Failed to load config from \"/Users/tius/Documents/Data Tius/Projeksi-bisnis/dataconnect\": could not find dataconnect.yaml in `/Users/tius/Documents/Data Tius/Projeksi-bisnis/dataconnect`\n"}}
[debug] [2026-05-15T12:11:22.853Z] E0515 19:11:22.853286   83597 watch.go:40] Failed to load config from "/Users/tius/Documents/Data Tius/Projeksi-bisnis/dataconnect": could not find dataconnect.yaml in `/Users/tius/Documents/Data Tius/Projeksi-bisnis/dataconnect`
 {"metadata":{"emulator":{"name":"dataconnect"},"message":"E0515 19:11:22.853286   83597 watch.go:40] Failed to load config from \"/Users/tius/Documents/Data Tius/Projeksi-bisnis/dataconnect\": could not find dataconnect.yaml in `/Users/tius/Documents/Data Tius/Projeksi-bisnis/dataconnect`\n"}}
[debug] [2026-05-15T12:11:45.458Z] E0515 19:11:32.849642   83597 watch.go:40] Failed to load config from "/Users/tius/Documents/Data Tius/Projeksi-bisnis/dataconnect": could not find dataconnect.yaml in `/Users/tius/Documents/Data Tius/Projeksi-bisnis/dataconnect`
E0515 19:11:42.851903   83597 watch.go:40] Failed to load config from "/Users/tius/Documents/Data Tius/Projeksi-bisnis/dataconnect": could not find dataconnect.yaml in `/Users/tius/Documents/Data Tius/Projeksi-bisnis/dataconnect`
 {"metadata":{"emulator":{"name":"dataconnect"},"message":"E0515 19:11:32.849642   83597 watch.go:40] Failed to load config from \"/Users/tius/Documents/Data Tius/Projeksi-bisnis/dataconnect\": could not find dataconnect.yaml in `/Users/tius/Documents/Data Tius/Projeksi-bisnis/dataconnect`\nE0515 19:11:42.851903   83597 watch.go:40] Failed to load config from \"/Users/tius/Documents/Data Tius/Projeksi-bisnis/dataconnect\": could not find dataconnect.yaml in `/Users/tius/Documents/Data Tius/Projeksi-bisnis/dataconnect`\n"}}
[debug] [2026-05-15T12:11:52.849Z] E0515 19:11:52.849396   83597 watch.go:40] Failed to load config from "/Users/tius/Documents/Data Tius/Projeksi-bisnis/dataconnect": could not find dataconnect.yaml in `/Users/tius/Documents/Data Tius/Projeksi-bisnis/dataconnect`
 {"metadata":{"emulator":{"name":"dataconnect"},"message":"E0515 19:11:52.849396   83597 watch.go:40] Failed to load config from \"/Users/tius/Documents/Data Tius/Projeksi-bisnis/dataconnect\": could not find dataconnect.yaml in `/Users/tius/Documents/Data Tius/Projeksi-bisnis/dataconnect`\n"}}
[debug] [2026-05-15T12:12:02.849Z] E0515 19:12:02.849173   83597 watch.go:116] watchAllDir unable to walk dir `/Users/tius/Documents/Data Tius/Projeksi-bisnis/dataconnect`: lstat /Users/tius/Documents/Data Tius/Projeksi-bisnis/dataconnect: no such file or directory
 {"metadata":{"emulator":{"name":"dataconnect"},"message":"E0515 19:12:02.849173   83597 watch.go:116] watchAllDir unable to walk dir `/Users/tius/Documents/Data Tius/Projeksi-bisnis/dataconnect`: lstat /Users/tius/Documents/Data Tius/Projeksi-bisnis/dataconnect: no such file or directory\n"}}
[debug] [2026-05-15T12:12:02.851Z] E0515 19:12:02.849297   83597 watch.go:40] Failed to load config from "/Users/tius/Documents/Data Tius/Projeksi-bisnis/dataconnect": could not find dataconnect.yaml in `/Users/tius/Documents/Data Tius/Projeksi-bisnis/dataconnect`
 {"metadata":{"emulator":{"name":"dataconnect"},"message":"E0515 19:12:02.849297   83597 watch.go:40] Failed to load config from \"/Users/tius/Documents/Data Tius/Projeksi-bisnis/dataconnect\": could not find dataconnect.yaml in `/Users/tius/Documents/Data Tius/Projeksi-bisnis/dataconnect`\n"}}
[debug] [2026-05-15T12:12:12.854Z] E0515 19:12:12.852643   83597 watch.go:40] Failed to load config from "/Users/tius/Documents/Data Tius/Projeksi-bisnis/dataconnect": could not find dataconnect.yaml in `/Users/tius/Documents/Data Tius/Projeksi-bisnis/dataconnect`
 {"metadata":{"emulator":{"name":"dataconnect"},"message":"E0515 19:12:12.852643   83597 watch.go:40] Failed to load config from \"/Users/tius/Documents/Data Tius/Projeksi-bisnis/dataconnect\": could not find dataconnect.yaml in `/Users/tius/Documents/Data Tius/Projeksi-bisnis/dataconnect`\n"}}
[debug] [2026-05-15T12:12:22.851Z] E0515 19:12:22.851079   83597 watch.go:40] Failed to load config from "/Users/tius/Documents/Data Tius/Projeksi-bisnis/dataconnect": could not find dataconnect.yaml in `/Users/tius/Documents/Data Tius/Projeksi-bisnis/dataconnect`
 {"metadata":{"emulator":{"name":"dataconnect"},"message":"E0515 19:12:22.851079   83597 watch.go:40] Failed to load config from \"/Users/tius/Documents/Data Tius/Projeksi-bisnis/dataconnect\": could not find dataconnect.yaml in `/Users/tius/Documents/Data Tius/Projeksi-bisnis/dataconnect`\n"}}
[debug] [2026-05-15T12:12:32.851Z] E0515 19:12:32.850577   83597 watch.go:40] Failed to load config from "/Users/tius/Documents/Data Tius/Projeksi-bisnis/dataconnect": could not find dataconnect.yaml in `/Users/tius/Documents/Data Tius/Projeksi-bisnis/dataconnect`
 {"metadata":{"emulator":{"name":"dataconnect"},"message":"E0515 19:12:32.850577   83597 watch.go:40] Failed to load config from \"/Users/tius/Documents/Data Tius/Projeksi-bisnis/dataconnect\": could not find dataconnect.yaml in `/Users/tius/Documents/Data Tius/Projeksi-bisnis/dataconnect`\n"}}
[debug] [2026-05-15T12:12:42.849Z] E0515 19:12:42.849102   83597 watch.go:40] Failed to load config from "/Users/tius/Documents/Data Tius/Projeksi-bisnis/dataconnect": could not find dataconnect.yaml in `/Users/tius/Documents/Data Tius/Projeksi-bisnis/dataconnect`
 {"metadata":{"emulator":{"name":"dataconnect"},"message":"E0515 19:12:42.849102   83597 watch.go:40] Failed to load config from \"/Users/tius/Documents/Data Tius/Projeksi-bisnis/dataconnect\": could not find dataconnect.yaml in `/Users/tius/Documents/Data Tius/Projeksi-bisnis/dataconnect`\n"}}
[debug] [2026-05-15T12:12:52.850Z] E0515 19:12:52.849812   83597 watch.go:40] Failed to load config from "/Users/tius/Documents/Data Tius/Projeksi-bisnis/dataconnect": could not find dataconnect.yaml in `/Users/tius/Documents/Data Tius/Projeksi-bisnis/dataconnect`
 {"metadata":{"emulator":{"name":"dataconnect"},"message":"E0515 19:12:52.849812   83597 watch.go:40] Failed to load config from \"/Users/tius/Documents/Data Tius/Projeksi-bisnis/dataconnect\": could not find dataconnect.yaml in `/Users/tius/Documents/Data Tius/Projeksi-bisnis/dataconnect`\n"}}
[debug] [2026-05-15T12:13:02.851Z] E0515 19:13:02.851105   83597 watch.go:40] Failed to load config from "/Users/tius/Documents/Data Tius/Projeksi-bisnis/dataconnect": could not find dataconnect.yaml in `/Users/tius/Documents/Data Tius/Projeksi-bisnis/dataconnect`
 {"metadata":{"emulator":{"name":"dataconnect"},"message":"E0515 19:13:02.851105   83597 watch.go:40] Failed to load config from \"/Users/tius/Documents/Data Tius/Projeksi-bisnis/dataconnect\": could not find dataconnect.yaml in `/Users/tius/Documents/Data Tius/Projeksi-bisnis/dataconnect`\n"}}
[debug] [2026-05-15T12:13:02.853Z] E0515 19:13:02.850997   83597 watch.go:116] watchAllDir unable to walk dir `/Users/tius/Documents/Data Tius/Projeksi-bisnis/dataconnect`: lstat /Users/tius/Documents/Data Tius/Projeksi-bisnis/dataconnect: no such file or directory
 {"metadata":{"emulator":{"name":"dataconnect"},"message":"E0515 19:13:02.850997   83597 watch.go:116] watchAllDir unable to walk dir `/Users/tius/Documents/Data Tius/Projeksi-bisnis/dataconnect`: lstat /Users/tius/Documents/Data Tius/Projeksi-bisnis/dataconnect: no such file or directory\n"}}
[debug] [2026-05-15T12:13:15.057Z] E0515 19:13:12.870520   83597 watch.go:40] Failed to load config from "/Users/tius/Documents/Data Tius/Projeksi-bisnis/dataconnect": could not find dataconnect.yaml in `/Users/tius/Documents/Data Tius/Projeksi-bisnis/dataconnect`
 {"metadata":{"emulator":{"name":"dataconnect"},"message":"E0515 19:13:12.870520   83597 watch.go:40] Failed to load config from \"/Users/tius/Documents/Data Tius/Projeksi-bisnis/dataconnect\": could not find dataconnect.yaml in `/Users/tius/Documents/Data Tius/Projeksi-bisnis/dataconnect`\n"}}
[debug] [2026-05-15T12:13:23.170Z] E0515 19:13:22.849426   83597 watch.go:40] Failed to load config from "/Users/tius/Documents/Data Tius/Projeksi-bisnis/dataconnect": could not find dataconnect.yaml in `/Users/tius/Documents/Data Tius/Projeksi-bisnis/dataconnect`
 {"metadata":{"emulator":{"name":"dataconnect"},"message":"E0515 19:13:22.849426   83597 watch.go:40] Failed to load config from \"/Users/tius/Documents/Data Tius/Projeksi-bisnis/dataconnect\": could not find dataconnect.yaml in `/Users/tius/Documents/Data Tius/Projeksi-bisnis/dataconnect`\n"}}
[debug] [2026-05-15T12:13:32.849Z] E0515 19:13:32.849118   83597 watch.go:40] Failed to load config from "/Users/tius/Documents/Data Tius/Projeksi-bisnis/dataconnect": could not find dataconnect.yaml in `/Users/tius/Documents/Data Tius/Projeksi-bisnis/dataconnect`
 {"metadata":{"emulator":{"name":"dataconnect"},"message":"E0515 19:13:32.849118   83597 watch.go:40] Failed to load config from \"/Users/tius/Documents/Data Tius/Projeksi-bisnis/dataconnect\": could not find dataconnect.yaml in `/Users/tius/Documents/Data Tius/Projeksi-bisnis/dataconnect`\n"}}
[debug] [2026-05-15T12:13:42.850Z] E0515 19:13:42.849928   83597 watch.go:40] Failed to load config from "/Users/tius/Documents/Data Tius/Projeksi-bisnis/dataconnect": could not find dataconnect.yaml in `/Users/tius/Documents/Data Tius/Projeksi-bisnis/dataconnect`
 {"metadata":{"emulator":{"name":"dataconnect"},"message":"E0515 19:13:42.849928   83597 watch.go:40] Failed to load config from \"/Users/tius/Documents/Data Tius/Projeksi-bisnis/dataconnect\": could not find dataconnect.yaml in `/Users/tius/Documents/Data Tius/Projeksi-bisnis/dataconnect`\n"}}
[debug] [2026-05-15T12:13:55.841Z] E0515 19:13:52.849101   83597 watch.go:40] Failed to load config from "/Users/tius/Documents/Data Tius/Projeksi-bisnis/dataconnect": could not find dataconnect.yaml in `/Users/tius/Documents/Data Tius/Projeksi-bisnis/dataconnect`
 {"metadata":{"emulator":{"name":"dataconnect"},"message":"E0515 19:13:52.849101   83597 watch.go:40] Failed to load config from \"/Users/tius/Documents/Data Tius/Projeksi-bisnis/dataconnect\": could not find dataconnect.yaml in `/Users/tius/Documents/Data Tius/Projeksi-bisnis/dataconnect`\n"}}
[debug] [2026-05-15T12:14:02.850Z] E0515 19:14:02.850168   83597 watch.go:116] watchAllDir unable to walk dir `/Users/tius/Documents/Data Tius/Projeksi-bisnis/dataconnect`: lstat /Users/tius/Documents/Data Tius/Projeksi-bisnis/dataconnect: no such file or directory
E0515 19:14:02.850260   83597 watch.go:40] Failed to load config from "/Users/tius/Documents/Data Tius/Projeksi-bisnis/dataconnect": could not find dataconnect.yaml in `/Users/tius/Documents/Data Tius/Projeksi-bisnis/dataconnect`
 {"metadata":{"emulator":{"name":"dataconnect"},"message":"E0515 19:14:02.850168   83597 watch.go:116] watchAllDir unable to walk dir `/Users/tius/Documents/Data Tius/Projeksi-bisnis/dataconnect`: lstat /Users/tius/Documents/Data Tius/Projeksi-bisnis/dataconnect: no such file or directory\nE0515 19:14:02.850260   83597 watch.go:40] Failed to load config from \"/Users/tius/Documents/Data Tius/Projeksi-bisnis/dataconnect\": could not find dataconnect.yaml in `/Users/tius/Documents/Data Tius/Projeksi-bisnis/dataconnect`\n"}}
[debug] [2026-05-15T12:14:12.852Z] E0515 19:14:12.851613   83597 watch.go:40] Failed to load config from "/Users/tius/Documents/Data Tius/Projeksi-bisnis/dataconnect": could not find dataconnect.yaml in `/Users/tius/Documents/Data Tius/Projeksi-bisnis/dataconnect`
 {"metadata":{"emulator":{"name":"dataconnect"},"message":"E0515 19:14:12.851613   83597 watch.go:40] Failed to load config from \"/Users/tius/Documents/Data Tius/Projeksi-bisnis/dataconnect\": could not find dataconnect.yaml in `/Users/tius/Documents/Data Tius/Projeksi-bisnis/dataconnect`\n"}}
[debug] [2026-05-15T12:14:22.859Z] E0515 19:14:22.855066   83597 watch.go:40] Failed to load config from "/Users/tius/Documents/Data Tius/Projeksi-bisnis/dataconnect": could not find dataconnect.yaml in `/Users/tius/Documents/Data Tius/Projeksi-bisnis/dataconnect`
 {"metadata":{"emulator":{"name":"dataconnect"},"message":"E0515 19:14:22.855066   83597 watch.go:40] Failed to load config from \"/Users/tius/Documents/Data Tius/Projeksi-bisnis/dataconnect\": could not find dataconnect.yaml in `/Users/tius/Documents/Data Tius/Projeksi-bisnis/dataconnect`\n"}}
[debug] [2026-05-15T12:14:32.854Z] E0515 19:14:32.850990   83597 watch.go:40] Failed to load config from "/Users/tius/Documents/Data Tius/Projeksi-bisnis/dataconnect": could not find dataconnect.yaml in `/Users/tius/Documents/Data Tius/Projeksi-bisnis/dataconnect`
 {"metadata":{"emulator":{"name":"dataconnect"},"message":"E0515 19:14:32.850990   83597 watch.go:40] Failed to load config from \"/Users/tius/Documents/Data Tius/Projeksi-bisnis/dataconnect\": could not find dataconnect.yaml in `/Users/tius/Documents/Data Tius/Projeksi-bisnis/dataconnect`\n"}}
[debug] [2026-05-15T12:14:42.849Z] E0515 19:14:42.849165   83597 watch.go:40] Failed to load config from "/Users/tius/Documents/Data Tius/Projeksi-bisnis/dataconnect": could not find dataconnect.yaml in `/Users/tius/Documents/Data Tius/Projeksi-bisnis/dataconnect`
 {"metadata":{"emulator":{"name":"dataconnect"},"message":"E0515 19:14:42.849165   83597 watch.go:40] Failed to load config from \"/Users/tius/Documents/Data Tius/Projeksi-bisnis/dataconnect\": could not find dataconnect.yaml in `/Users/tius/Documents/Data Tius/Projeksi-bisnis/dataconnect`\n"}}
[debug] [2026-05-15T12:14:52.849Z] E0515 19:14:52.849510   83597 watch.go:40] Failed to load config from "/Users/tius/Documents/Data Tius/Projeksi-bisnis/dataconnect": could not find dataconnect.yaml in `/Users/tius/Documents/Data Tius/Projeksi-bisnis/dataconnect`
 {"metadata":{"emulator":{"name":"dataconnect"},"message":"E0515 19:14:52.849510   83597 watch.go:40] Failed to load config from \"/Users/tius/Documents/Data Tius/Projeksi-bisnis/dataconnect\": could not find dataconnect.yaml in `/Users/tius/Documents/Data Tius/Projeksi-bisnis/dataconnect`\n"}}
[debug] [2026-05-15T12:15:02.850Z] E0515 19:15:02.850208   83597 watch.go:116] watchAllDir unable to walk dir `/Users/tius/Documents/Data Tius/Projeksi-bisnis/dataconnect`: lstat /Users/tius/Documents/Data Tius/Projeksi-bisnis/dataconnect: no such file or directory
E0515 19:15:02.850287   83597 watch.go:40] Failed to load config from "/Users/tius/Documents/Data Tius/Projeksi-bisnis/dataconnect": could not find dataconnect.yaml in `/Users/tius/Documents/Data Tius/Projeksi-bisnis/dataconnect`
 {"metadata":{"emulator":{"name":"dataconnect"},"message":"E0515 19:15:02.850208   83597 watch.go:116] watchAllDir unable to walk dir `/Users/tius/Documents/Data Tius/Projeksi-bisnis/dataconnect`: lstat /Users/tius/Documents/Data Tius/Projeksi-bisnis/dataconnect: no such file or directory\nE0515 19:15:02.850287   83597 watch.go:40] Failed to load config from \"/Users/tius/Documents/Data Tius/Projeksi-bisnis/dataconnect\": could not find dataconnect.yaml in `/Users/tius/Documents/Data Tius/Projeksi-bisnis/dataconnect`\n"}}
[debug] [2026-05-15T12:15:12.854Z] E0515 19:15:12.854252   83597 watch.go:40] Failed to load config from "/Users/tius/Documents/Data Tius/Projeksi-bisnis/dataconnect": could not find dataconnect.yaml in `/Users/tius/Documents/Data Tius/Projeksi-bisnis/dataconnect`
 {"metadata":{"emulator":{"name":"dataconnect"},"message":"E0515 19:15:12.854252   83597 watch.go:40] Failed to load config from \"/Users/tius/Documents/Data Tius/Projeksi-bisnis/dataconnect\": could not find dataconnect.yaml in `/Users/tius/Documents/Data Tius/Projeksi-bisnis/dataconnect`\n"}}
[debug] [2026-05-15T12:15:22.850Z] E0515 19:15:22.850022   83597 watch.go:40] Failed to load config from "/Users/tius/Documents/Data Tius/Projeksi-bisnis/dataconnect": could not find dataconnect.yaml in `/Users/tius/Documents/Data Tius/Projeksi-bisnis/dataconnect`
 {"metadata":{"emulator":{"name":"dataconnect"},"message":"E0515 19:15:22.850022   83597 watch.go:40] Failed to load config from \"/Users/tius/Documents/Data Tius/Projeksi-bisnis/dataconnect\": could not find dataconnect.yaml in `/Users/tius/Documents/Data Tius/Projeksi-bisnis/dataconnect`\n"}}
[debug] [2026-05-15T12:15:32.852Z] E0515 19:15:32.851923   83597 watch.go:40] Failed to load config from "/Users/tius/Documents/Data Tius/Projeksi-bisnis/dataconnect": could not find dataconnect.yaml in `/Users/tius/Documents/Data Tius/Projeksi-bisnis/dataconnect`
 {"metadata":{"emulator":{"name":"dataconnect"},"message":"E0515 19:15:32.851923   83597 watch.go:40] Failed to load config from \"/Users/tius/Documents/Data Tius/Projeksi-bisnis/dataconnect\": could not find dataconnect.yaml in `/Users/tius/Documents/Data Tius/Projeksi-bisnis/dataconnect`\n"}}
[debug] [2026-05-15T12:15:42.849Z] E0515 19:15:42.849206   83597 watch.go:40] Failed to load config from "/Users/tius/Documents/Data Tius/Projeksi-bisnis/dataconnect": could not find dataconnect.yaml in `/Users/tius/Documents/Data Tius/Projeksi-bisnis/dataconnect`
 {"metadata":{"emulator":{"name":"dataconnect"},"message":"E0515 19:15:42.849206   83597 watch.go:40] Failed to load config from \"/Users/tius/Documents/Data Tius/Projeksi-bisnis/dataconnect\": could not find dataconnect.yaml in `/Users/tius/Documents/Data Tius/Projeksi-bisnis/dataconnect`\n"}}
[debug] [2026-05-15T12:15:52.855Z] E0515 19:15:52.852749   83597 watch.go:40] Failed to load config from "/Users/tius/Documents/Data Tius/Projeksi-bisnis/dataconnect": could not find dataconnect.yaml in `/Users/tius/Documents/Data Tius/Projeksi-bisnis/dataconnect`
 {"metadata":{"emulator":{"name":"dataconnect"},"message":"E0515 19:15:52.852749   83597 watch.go:40] Failed to load config from \"/Users/tius/Documents/Data Tius/Projeksi-bisnis/dataconnect\": could not find dataconnect.yaml in `/Users/tius/Documents/Data Tius/Projeksi-bisnis/dataconnect`\n"}}
[debug] [2026-05-15T12:16:03.401Z] E0515 19:16:02.849961   83597 watch.go:116] watchAllDir unable to walk dir `/Users/tius/Documents/Data Tius/Projeksi-bisnis/dataconnect`: lstat /Users/tius/Documents/Data Tius/Projeksi-bisnis/dataconnect: no such file or directory
E0515 19:16:02.850173   83597 watch.go:40] Failed to load config from "/Users/tius/Documents/Data Tius/Projeksi-bisnis/dataconnect": could not find dataconnect.yaml in `/Users/tius/Documents/Data Tius/Projeksi-bisnis/dataconnect`
 {"metadata":{"emulator":{"name":"dataconnect"},"message":"E0515 19:16:02.849961   83597 watch.go:116] watchAllDir unable to walk dir `/Users/tius/Documents/Data Tius/Projeksi-bisnis/dataconnect`: lstat /Users/tius/Documents/Data Tius/Projeksi-bisnis/dataconnect: no such file or directory\nE0515 19:16:02.850173   83597 watch.go:40] Failed to load config from \"/Users/tius/Documents/Data Tius/Projeksi-bisnis/dataconnect\": could not find dataconnect.yaml in `/Users/tius/Documents/Data Tius/Projeksi-bisnis/dataconnect`\n"}}
[debug] [2026-05-15T12:16:12.849Z] E0515 19:16:12.849347   83597 watch.go:40] Failed to load config from "/Users/tius/Documents/Data Tius/Projeksi-bisnis/dataconnect": could not find dataconnect.yaml in `/Users/tius/Documents/Data Tius/Projeksi-bisnis/dataconnect`
 {"metadata":{"emulator":{"name":"dataconnect"},"message":"E0515 19:16:12.849347   83597 watch.go:40] Failed to load config from \"/Users/tius/Documents/Data Tius/Projeksi-bisnis/dataconnect\": could not find dataconnect.yaml in `/Users/tius/Documents/Data Tius/Projeksi-bisnis/dataconnect`\n"}}
[debug] [2026-05-15T12:16:22.850Z] E0515 19:16:22.849933   83597 watch.go:40] Failed to load config from "/Users/tius/Documents/Data Tius/Projeksi-bisnis/dataconnect": could not find dataconnect.yaml in `/Users/tius/Documents/Data Tius/Projeksi-bisnis/dataconnect`
 {"metadata":{"emulator":{"name":"dataconnect"},"message":"E0515 19:16:22.849933   83597 watch.go:40] Failed to load config from \"/Users/tius/Documents/Data Tius/Projeksi-bisnis/dataconnect\": could not find dataconnect.yaml in `/Users/tius/Documents/Data Tius/Projeksi-bisnis/dataconnect`\n"}}
[debug] [2026-05-15T12:16:32.852Z] E0515 19:16:32.851837   83597 watch.go:40] Failed to load config from "/Users/tius/Documents/Data Tius/Projeksi-bisnis/dataconnect": could not find dataconnect.yaml in `/Users/tius/Documents/Data Tius/Projeksi-bisnis/dataconnect`
 {"metadata":{"emulator":{"name":"dataconnect"},"message":"E0515 19:16:32.851837   83597 watch.go:40] Failed to load config from \"/Users/tius/Documents/Data Tius/Projeksi-bisnis/dataconnect\": could not find dataconnect.yaml in `/Users/tius/Documents/Data Tius/Projeksi-bisnis/dataconnect`\n"}}
[debug] [2026-05-15T12:16:42.852Z] E0515 19:16:42.852183   83597 watch.go:40] Failed to load config from "/Users/tius/Documents/Data Tius/Projeksi-bisnis/dataconnect": could not find dataconnect.yaml in `/Users/tius/Documents/Data Tius/Projeksi-bisnis/dataconnect`
 {"metadata":{"emulator":{"name":"dataconnect"},"message":"E0515 19:16:42.852183   83597 watch.go:40] Failed to load config from \"/Users/tius/Documents/Data Tius/Projeksi-bisnis/dataconnect\": could not find dataconnect.yaml in `/Users/tius/Documents/Data Tius/Projeksi-bisnis/dataconnect`\n"}}
[debug] [2026-05-15T12:16:52.849Z] E0515 19:16:52.849328   83597 watch.go:40] Failed to load config from "/Users/tius/Documents/Data Tius/Projeksi-bisnis/dataconnect": could not find dataconnect.yaml in `/Users/tius/Documents/Data Tius/Projeksi-bisnis/dataconnect`
 {"metadata":{"emulator":{"name":"dataconnect"},"message":"E0515 19:16:52.849328   83597 watch.go:40] Failed to load config from \"/Users/tius/Documents/Data Tius/Projeksi-bisnis/dataconnect\": could not find dataconnect.yaml in `/Users/tius/Documents/Data Tius/Projeksi-bisnis/dataconnect`\n"}}
[debug] [2026-05-15T12:17:02.858Z] E0515 19:17:02.857779   83597 watch.go:116] watchAllDir unable to walk dir `/Users/tius/Documents/Data Tius/Projeksi-bisnis/dataconnect`: lstat /Users/tius/Documents/Data Tius/Projeksi-bisnis/dataconnect: no such file or directory
E0515 19:17:02.857935   83597 watch.go:40] Failed to load config from "/Users/tius/Documents/Data Tius/Projeksi-bisnis/dataconnect": could not find dataconnect.yaml in `/Users/tius/Documents/Data Tius/Projeksi-bisnis/dataconnect`
 {"metadata":{"emulator":{"name":"dataconnect"},"message":"E0515 19:17:02.857779   83597 watch.go:116] watchAllDir unable to walk dir `/Users/tius/Documents/Data Tius/Projeksi-bisnis/dataconnect`: lstat /Users/tius/Documents/Data Tius/Projeksi-bisnis/dataconnect: no such file or directory\nE0515 19:17:02.857935   83597 watch.go:40] Failed to load config from \"/Users/tius/Documents/Data Tius/Projeksi-bisnis/dataconnect\": could not find dataconnect.yaml in `/Users/tius/Documents/Data Tius/Projeksi-bisnis/dataconnect`\n"}}
[debug] [2026-05-15T12:17:20.336Z] E0515 19:17:12.849982   83597 watch.go:40] Failed to load config from "/Users/tius/Documents/Data Tius/Projeksi-bisnis/dataconnect": could not find dataconnect.yaml in `/Users/tius/Documents/Data Tius/Projeksi-bisnis/dataconnect`
 {"metadata":{"emulator":{"name":"dataconnect"},"message":"E0515 19:17:12.849982   83597 watch.go:40] Failed to load config from \"/Users/tius/Documents/Data Tius/Projeksi-bisnis/dataconnect\": could not find dataconnect.yaml in `/Users/tius/Documents/Data Tius/Projeksi-bisnis/dataconnect`\n"}}
[debug] [2026-05-15T12:17:22.902Z] E0515 19:17:22.850211   83597 watch.go:40] Failed to load config from "/Users/tius/Documents/Data Tius/Projeksi-bisnis/dataconnect": could not find dataconnect.yaml in `/Users/tius/Documents/Data Tius/Projeksi-bisnis/dataconnect`
 {"metadata":{"emulator":{"name":"dataconnect"},"message":"E0515 19:17:22.850211   83597 watch.go:40] Failed to load config from \"/Users/tius/Documents/Data Tius/Projeksi-bisnis/dataconnect\": could not find dataconnect.yaml in `/Users/tius/Documents/Data Tius/Projeksi-bisnis/dataconnect`\n"}}
[debug] [2026-05-15T12:17:43.983Z] E0515 19:17:32.849459   83597 watch.go:40] Failed to load config from "/Users/tius/Documents/Data Tius/Projeksi-bisnis/dataconnect": could not find dataconnect.yaml in `/Users/tius/Documents/Data Tius/Projeksi-bisnis/dataconnect`
E0515 19:17:42.849238   83597 watch.go:40] Failed to load config from "/Users/tius/Documents/Data Tius/Projeksi-bisnis/dataconnect": could not find dataconnect.yaml in `/Users/tius/Documents/Data Tius/Projeksi-bisnis/dataconnect`
 {"metadata":{"emulator":{"name":"dataconnect"},"message":"E0515 19:17:32.849459   83597 watch.go:40] Failed to load config from \"/Users/tius/Documents/Data Tius/Projeksi-bisnis/dataconnect\": could not find dataconnect.yaml in `/Users/tius/Documents/Data Tius/Projeksi-bisnis/dataconnect`\nE0515 19:17:42.849238   83597 watch.go:40] Failed to load config from \"/Users/tius/Documents/Data Tius/Projeksi-bisnis/dataconnect\": could not find dataconnect.yaml in `/Users/tius/Documents/Data Tius/Projeksi-bisnis/dataconnect`\n"}}
[debug] [2026-05-15T12:17:52.966Z] E0515 19:17:52.851913   83597 watch.go:40] Failed to load config from "/Users/tius/Documents/Data Tius/Projeksi-bisnis/dataconnect": could not find dataconnect.yaml in `/Users/tius/Documents/Data Tius/Projeksi-bisnis/dataconnect`
 {"metadata":{"emulator":{"name":"dataconnect"},"message":"E0515 19:17:52.851913   83597 watch.go:40] Failed to load config from \"/Users/tius/Documents/Data Tius/Projeksi-bisnis/dataconnect\": could not find dataconnect.yaml in `/Users/tius/Documents/Data Tius/Projeksi-bisnis/dataconnect`\n"}}
[debug] [2026-05-15T12:18:05.280Z] E0515 19:18:02.849804   83597 watch.go:40] Failed to load config from "/Users/tius/Documents/Data Tius/Projeksi-bisnis/dataconnect": could not find dataconnect.yaml in `/Users/tius/Documents/Data Tius/Projeksi-bisnis/dataconnect`
E0515 19:18:02.849710   83597 watch.go:116] watchAllDir unable to walk dir `/Users/tius/Documents/Data Tius/Projeksi-bisnis/dataconnect`: lstat /Users/tius/Documents/Data Tius/Projeksi-bisnis/dataconnect: no such file or directory
 {"metadata":{"emulator":{"name":"dataconnect"},"message":"E0515 19:18:02.849804   83597 watch.go:40] Failed to load config from \"/Users/tius/Documents/Data Tius/Projeksi-bisnis/dataconnect\": could not find dataconnect.yaml in `/Users/tius/Documents/Data Tius/Projeksi-bisnis/dataconnect`\nE0515 19:18:02.849710   83597 watch.go:116] watchAllDir unable to walk dir `/Users/tius/Documents/Data Tius/Projeksi-bisnis/dataconnect`: lstat /Users/tius/Documents/Data Tius/Projeksi-bisnis/dataconnect: no such file or directory\n"}}
[debug] [2026-05-15T12:18:12.850Z] E0515 19:18:12.849974   83597 watch.go:40] Failed to load config from "/Users/tius/Documents/Data Tius/Projeksi-bisnis/dataconnect": could not find dataconnect.yaml in `/Users/tius/Documents/Data Tius/Projeksi-bisnis/dataconnect`
 {"metadata":{"emulator":{"name":"dataconnect"},"message":"E0515 19:18:12.849974   83597 watch.go:40] Failed to load config from \"/Users/tius/Documents/Data Tius/Projeksi-bisnis/dataconnect\": could not find dataconnect.yaml in `/Users/tius/Documents/Data Tius/Projeksi-bisnis/dataconnect`\n"}}
[debug] [2026-05-15T12:18:22.850Z] E0515 19:18:22.850050   83597 watch.go:40] Failed to load config from "/Users/tius/Documents/Data Tius/Projeksi-bisnis/dataconnect": could not find dataconnect.yaml in `/Users/tius/Documents/Data Tius/Projeksi-bisnis/dataconnect`
 {"metadata":{"emulator":{"name":"dataconnect"},"message":"E0515 19:18:22.850050   83597 watch.go:40] Failed to load config from \"/Users/tius/Documents/Data Tius/Projeksi-bisnis/dataconnect\": could not find dataconnect.yaml in `/Users/tius/Documents/Data Tius/Projeksi-bisnis/dataconnect`\n"}}
[debug] [2026-05-15T12:18:32.855Z] E0515 19:18:32.853267   83597 watch.go:40] Failed to load config from "/Users/tius/Documents/Data Tius/Projeksi-bisnis/dataconnect": could not find dataconnect.yaml in `/Users/tius/Documents/Data Tius/Projeksi-bisnis/dataconnect`
 {"metadata":{"emulator":{"name":"dataconnect"},"message":"E0515 19:18:32.853267   83597 watch.go:40] Failed to load config from \"/Users/tius/Documents/Data Tius/Projeksi-bisnis/dataconnect\": could not find dataconnect.yaml in `/Users/tius/Documents/Data Tius/Projeksi-bisnis/dataconnect`\n"}}
[debug] [2026-05-15T12:18:42.851Z] E0515 19:18:42.851297   83597 watch.go:40] Failed to load config from "/Users/tius/Documents/Data Tius/Projeksi-bisnis/dataconnect": could not find dataconnect.yaml in `/Users/tius/Documents/Data Tius/Projeksi-bisnis/dataconnect`
 {"metadata":{"emulator":{"name":"dataconnect"},"message":"E0515 19:18:42.851297   83597 watch.go:40] Failed to load config from \"/Users/tius/Documents/Data Tius/Projeksi-bisnis/dataconnect\": could not find dataconnect.yaml in `/Users/tius/Documents/Data Tius/Projeksi-bisnis/dataconnect`\n"}}
[debug] [2026-05-15T12:18:52.849Z] E0515 19:18:52.849651   83597 watch.go:40] Failed to load config from "/Users/tius/Documents/Data Tius/Projeksi-bisnis/dataconnect": could not find dataconnect.yaml in `/Users/tius/Documents/Data Tius/Projeksi-bisnis/dataconnect`
 {"metadata":{"emulator":{"name":"dataconnect"},"message":"E0515 19:18:52.849651   83597 watch.go:40] Failed to load config from \"/Users/tius/Documents/Data Tius/Projeksi-bisnis/dataconnect\": could not find dataconnect.yaml in `/Users/tius/Documents/Data Tius/Projeksi-bisnis/dataconnect`\n"}}
[debug] [2026-05-15T12:19:02.876Z] E0515 19:19:02.873064   83597 watch.go:116] watchAllDir unable to walk dir `/Users/tius/Documents/Data Tius/Projeksi-bisnis/dataconnect`: lstat /Users/tius/Documents/Data Tius/Projeksi-bisnis/dataconnect: no such file or directory
E0515 19:19:02.873235   83597 watch.go:40] Failed to load config from "/Users/tius/Documents/Data Tius/Projeksi-bisnis/dataconnect": could not find dataconnect.yaml in `/Users/tius/Documents/Data Tius/Projeksi-bisnis/dataconnect`
 {"metadata":{"emulator":{"name":"dataconnect"},"message":"E0515 19:19:02.873064   83597 watch.go:116] watchAllDir unable to walk dir `/Users/tius/Documents/Data Tius/Projeksi-bisnis/dataconnect`: lstat /Users/tius/Documents/Data Tius/Projeksi-bisnis/dataconnect: no such file or directory\nE0515 19:19:02.873235   83597 watch.go:40] Failed to load config from \"/Users/tius/Documents/Data Tius/Projeksi-bisnis/dataconnect\": could not find dataconnect.yaml in `/Users/tius/Documents/Data Tius/Projeksi-bisnis/dataconnect`\n"}}
[debug] [2026-05-15T12:19:12.850Z] E0515 19:19:12.850164   83597 watch.go:40] Failed to load config from "/Users/tius/Documents/Data Tius/Projeksi-bisnis/dataconnect": could not find dataconnect.yaml in `/Users/tius/Documents/Data Tius/Projeksi-bisnis/dataconnect`
 {"metadata":{"emulator":{"name":"dataconnect"},"message":"E0515 19:19:12.850164   83597 watch.go:40] Failed to load config from \"/Users/tius/Documents/Data Tius/Projeksi-bisnis/dataconnect\": could not find dataconnect.yaml in `/Users/tius/Documents/Data Tius/Projeksi-bisnis/dataconnect`\n"}}
[debug] [2026-05-15T12:19:22.852Z] E0515 19:19:22.852074   83597 watch.go:40] Failed to load config from "/Users/tius/Documents/Data Tius/Projeksi-bisnis/dataconnect": could not find dataconnect.yaml in `/Users/tius/Documents/Data Tius/Projeksi-bisnis/dataconnect`
 {"metadata":{"emulator":{"name":"dataconnect"},"message":"E0515 19:19:22.852074   83597 watch.go:40] Failed to load config from \"/Users/tius/Documents/Data Tius/Projeksi-bisnis/dataconnect\": could not find dataconnect.yaml in `/Users/tius/Documents/Data Tius/Projeksi-bisnis/dataconnect`\n"}}
[debug] [2026-05-15T12:19:32.850Z] E0515 19:19:32.850272   83597 watch.go:40] Failed to load config from "/Users/tius/Documents/Data Tius/Projeksi-bisnis/dataconnect": could not find dataconnect.yaml in `/Users/tius/Documents/Data Tius/Projeksi-bisnis/dataconnect`
 {"metadata":{"emulator":{"name":"dataconnect"},"message":"E0515 19:19:32.850272   83597 watch.go:40] Failed to load config from \"/Users/tius/Documents/Data Tius/Projeksi-bisnis/dataconnect\": could not find dataconnect.yaml in `/Users/tius/Documents/Data Tius/Projeksi-bisnis/dataconnect`\n"}}
[debug] [2026-05-15T12:19:42.851Z] E0515 19:19:42.851575   83597 watch.go:40] Failed to load config from "/Users/tius/Documents/Data Tius/Projeksi-bisnis/dataconnect": could not find dataconnect.yaml in `/Users/tius/Documents/Data Tius/Projeksi-bisnis/dataconnect`
 {"metadata":{"emulator":{"name":"dataconnect"},"message":"E0515 19:19:42.851575   83597 watch.go:40] Failed to load config from \"/Users/tius/Documents/Data Tius/Projeksi-bisnis/dataconnect\": could not find dataconnect.yaml in `/Users/tius/Documents/Data Tius/Projeksi-bisnis/dataconnect`\n"}}
[debug] [2026-05-15T12:19:52.853Z] E0515 19:19:52.852931   83597 watch.go:40] Failed to load config from "/Users/tius/Documents/Data Tius/Projeksi-bisnis/dataconnect": could not find dataconnect.yaml in `/Users/tius/Documents/Data Tius/Projeksi-bisnis/dataconnect`
 {"metadata":{"emulator":{"name":"dataconnect"},"message":"E0515 19:19:52.852931   83597 watch.go:40] Failed to load config from \"/Users/tius/Documents/Data Tius/Projeksi-bisnis/dataconnect\": could not find dataconnect.yaml in `/Users/tius/Documents/Data Tius/Projeksi-bisnis/dataconnect`\n"}}
[debug] [2026-05-15T12:20:02.852Z] E0515 19:20:02.851950   83597 watch.go:116] watchAllDir unable to walk dir `/Users/tius/Documents/Data Tius/Projeksi-bisnis/dataconnect`: lstat /Users/tius/Documents/Data Tius/Projeksi-bisnis/dataconnect: no such file or directory
 {"metadata":{"emulator":{"name":"dataconnect"},"message":"E0515 19:20:02.851950   83597 watch.go:116] watchAllDir unable to walk dir `/Users/tius/Documents/Data Tius/Projeksi-bisnis/dataconnect`: lstat /Users/tius/Documents/Data Tius/Projeksi-bisnis/dataconnect: no such file or directory\n"}}
[debug] [2026-05-15T12:20:02.855Z] E0515 19:20:02.853009   83597 watch.go:40] Failed to load config from "/Users/tius/Documents/Data Tius/Projeksi-bisnis/dataconnect": could not find dataconnect.yaml in `/Users/tius/Documents/Data Tius/Projeksi-bisnis/dataconnect`
 {"metadata":{"emulator":{"name":"dataconnect"},"message":"E0515 19:20:02.853009   83597 watch.go:40] Failed to load config from \"/Users/tius/Documents/Data Tius/Projeksi-bisnis/dataconnect\": could not find dataconnect.yaml in `/Users/tius/Documents/Data Tius/Projeksi-bisnis/dataconnect`\n"}}
[debug] [2026-05-15T12:20:12.849Z] E0515 19:20:12.849546   83597 watch.go:40] Failed to load config from "/Users/tius/Documents/Data Tius/Projeksi-bisnis/dataconnect": could not find dataconnect.yaml in `/Users/tius/Documents/Data Tius/Projeksi-bisnis/dataconnect`
 {"metadata":{"emulator":{"name":"dataconnect"},"message":"E0515 19:20:12.849546   83597 watch.go:40] Failed to load config from \"/Users/tius/Documents/Data Tius/Projeksi-bisnis/dataconnect\": could not find dataconnect.yaml in `/Users/tius/Documents/Data Tius/Projeksi-bisnis/dataconnect`\n"}}
[debug] [2026-05-15T12:20:22.849Z] E0515 19:20:22.849213   83597 watch.go:40] Failed to load config from "/Users/tius/Documents/Data Tius/Projeksi-bisnis/dataconnect": could not find dataconnect.yaml in `/Users/tius/Documents/Data Tius/Projeksi-bisnis/dataconnect`
 {"metadata":{"emulator":{"name":"dataconnect"},"message":"E0515 19:20:22.849213   83597 watch.go:40] Failed to load config from \"/Users/tius/Documents/Data Tius/Projeksi-bisnis/dataconnect\": could not find dataconnect.yaml in `/Users/tius/Documents/Data Tius/Projeksi-bisnis/dataconnect`\n"}}
[debug] [2026-05-15T12:20:32.852Z] E0515 19:20:32.852586   83597 watch.go:40] Failed to load config from "/Users/tius/Documents/Data Tius/Projeksi-bisnis/dataconnect": could not find dataconnect.yaml in `/Users/tius/Documents/Data Tius/Projeksi-bisnis/dataconnect`
 {"metadata":{"emulator":{"name":"dataconnect"},"message":"E0515 19:20:32.852586   83597 watch.go:40] Failed to load config from \"/Users/tius/Documents/Data Tius/Projeksi-bisnis/dataconnect\": could not find dataconnect.yaml in `/Users/tius/Documents/Data Tius/Projeksi-bisnis/dataconnect`\n"}}
[debug] [2026-05-15T12:20:42.859Z] E0515 19:20:42.859332   83597 watch.go:40] Failed to load config from "/Users/tius/Documents/Data Tius/Projeksi-bisnis/dataconnect": could not find dataconnect.yaml in `/Users/tius/Documents/Data Tius/Projeksi-bisnis/dataconnect`
 {"metadata":{"emulator":{"name":"dataconnect"},"message":"E0515 19:20:42.859332   83597 watch.go:40] Failed to load config from \"/Users/tius/Documents/Data Tius/Projeksi-bisnis/dataconnect\": could not find dataconnect.yaml in `/Users/tius/Documents/Data Tius/Projeksi-bisnis/dataconnect`\n"}}
[debug] [2026-05-15T12:20:52.850Z] E0515 19:20:52.850550   83597 watch.go:40] Failed to load config from "/Users/tius/Documents/Data Tius/Projeksi-bisnis/dataconnect": could not find dataconnect.yaml in `/Users/tius/Documents/Data Tius/Projeksi-bisnis/dataconnect`
 {"metadata":{"emulator":{"name":"dataconnect"},"message":"E0515 19:20:52.850550   83597 watch.go:40] Failed to load config from \"/Users/tius/Documents/Data Tius/Projeksi-bisnis/dataconnect\": could not find dataconnect.yaml in `/Users/tius/Documents/Data Tius/Projeksi-bisnis/dataconnect`\n"}}
[debug] [2026-05-15T12:21:02.851Z] E0515 19:21:02.851315   83597 watch.go:40] Failed to load config from "/Users/tius/Documents/Data Tius/Projeksi-bisnis/dataconnect": could not find dataconnect.yaml in `/Users/tius/Documents/Data Tius/Projeksi-bisnis/dataconnect`
 {"metadata":{"emulator":{"name":"dataconnect"},"message":"E0515 19:21:02.851315   83597 watch.go:40] Failed to load config from \"/Users/tius/Documents/Data Tius/Projeksi-bisnis/dataconnect\": could not find dataconnect.yaml in `/Users/tius/Documents/Data Tius/Projeksi-bisnis/dataconnect`\n"}}
[debug] [2026-05-15T12:21:02.858Z] E0515 19:21:02.851203   83597 watch.go:116] watchAllDir unable to walk dir `/Users/tius/Documents/Data Tius/Projeksi-bisnis/dataconnect`: lstat /Users/tius/Documents/Data Tius/Projeksi-bisnis/dataconnect: no such file or directory
 {"metadata":{"emulator":{"name":"dataconnect"},"message":"E0515 19:21:02.851203   83597 watch.go:116] watchAllDir unable to walk dir `/Users/tius/Documents/Data Tius/Projeksi-bisnis/dataconnect`: lstat /Users/tius/Documents/Data Tius/Projeksi-bisnis/dataconnect: no such file or directory\n"}}
[debug] [2026-05-15T12:21:12.851Z] E0515 19:21:12.851468   83597 watch.go:40] Failed to load config from "/Users/tius/Documents/Data Tius/Projeksi-bisnis/dataconnect": could not find dataconnect.yaml in `/Users/tius/Documents/Data Tius/Projeksi-bisnis/dataconnect`
 {"metadata":{"emulator":{"name":"dataconnect"},"message":"E0515 19:21:12.851468   83597 watch.go:40] Failed to load config from \"/Users/tius/Documents/Data Tius/Projeksi-bisnis/dataconnect\": could not find dataconnect.yaml in `/Users/tius/Documents/Data Tius/Projeksi-bisnis/dataconnect`\n"}}
[debug] [2026-05-15T12:21:22.851Z] E0515 19:21:22.849696   83597 watch.go:40] Failed to load config from "/Users/tius/Documents/Data Tius/Projeksi-bisnis/dataconnect": could not find dataconnect.yaml in `/Users/tius/Documents/Data Tius/Projeksi-bisnis/dataconnect`
 {"metadata":{"emulator":{"name":"dataconnect"},"message":"E0515 19:21:22.849696   83597 watch.go:40] Failed to load config from \"/Users/tius/Documents/Data Tius/Projeksi-bisnis/dataconnect\": could not find dataconnect.yaml in `/Users/tius/Documents/Data Tius/Projeksi-bisnis/dataconnect`\n"}}
[debug] [2026-05-15T12:21:57.832Z] E0515 19:21:32.872270   83597 watch.go:40] Failed to load config from "/Users/tius/Documents/Data Tius/Projeksi-bisnis/dataconnect": could not find dataconnect.yaml in `/Users/tius/Documents/Data Tius/Projeksi-bisnis/dataconnect`
E0515 19:21:42.849744   83597 watch.go:40] Failed to load config from "/Users/tius/Documents/Data Tius/Projeksi-bisnis/dataconnect": could not find dataconnect.yaml in `/Users/tius/Documents/Data Tius/Projeksi-bisnis/dataconnect`
E0515 19:21:52.850323   83597 watch.go:40] Failed to load config from "/Users/tius/Documents/Data Tius/Projeksi-bisnis/dataconnect": could not find dataconnect.yaml in `/Users/tius/Documents/Data Tius/Projeksi-bisnis/dataconnect`
 {"metadata":{"emulator":{"name":"dataconnect"},"message":"E0515 19:21:32.872270   83597 watch.go:40] Failed to load config from \"/Users/tius/Documents/Data Tius/Projeksi-bisnis/dataconnect\": could not find dataconnect.yaml in `/Users/tius/Documents/Data Tius/Projeksi-bisnis/dataconnect`\nE0515 19:21:42.849744   83597 watch.go:40] Failed to load config from \"/Users/tius/Documents/Data Tius/Projeksi-bisnis/dataconnect\": could not find dataconnect.yaml in `/Users/tius/Documents/Data Tius/Projeksi-bisnis/dataconnect`\nE0515 19:21:52.850323   83597 watch.go:40] Failed to load config from \"/Users/tius/Documents/Data Tius/Projeksi-bisnis/dataconnect\": could not find dataconnect.yaml in `/Users/tius/Documents/Data Tius/Projeksi-bisnis/dataconnect`\n"}}
[debug] [2026-05-15T12:22:03.280Z] E0515 19:22:02.850075   83597 watch.go:116] watchAllDir unable to walk dir `/Users/tius/Documents/Data Tius/Projeksi-bisnis/dataconnect`: lstat /Users/tius/Documents/Data Tius/Projeksi-bisnis/dataconnect: no such file or directory
E0515 19:22:02.850251   83597 watch.go:40] Failed to load config from "/Users/tius/Documents/Data Tius/Projeksi-bisnis/dataconnect": could not find dataconnect.yaml in `/Users/tius/Documents/Data Tius/Projeksi-bisnis/dataconnect`
 {"metadata":{"emulator":{"name":"dataconnect"},"message":"E0515 19:22:02.850075   83597 watch.go:116] watchAllDir unable to walk dir `/Users/tius/Documents/Data Tius/Projeksi-bisnis/dataconnect`: lstat /Users/tius/Documents/Data Tius/Projeksi-bisnis/dataconnect: no such file or directory\nE0515 19:22:02.850251   83597 watch.go:40] Failed to load config from \"/Users/tius/Documents/Data Tius/Projeksi-bisnis/dataconnect\": could not find dataconnect.yaml in `/Users/tius/Documents/Data Tius/Projeksi-bisnis/dataconnect`\n"}}
[debug] [2026-05-15T12:22:15.309Z] E0515 19:22:12.849725   83597 watch.go:40] Failed to load config from "/Users/tius/Documents/Data Tius/Projeksi-bisnis/dataconnect": could not find dataconnect.yaml in `/Users/tius/Documents/Data Tius/Projeksi-bisnis/dataconnect`
 {"metadata":{"emulator":{"name":"dataconnect"},"message":"E0515 19:22:12.849725   83597 watch.go:40] Failed to load config from \"/Users/tius/Documents/Data Tius/Projeksi-bisnis/dataconnect\": could not find dataconnect.yaml in `/Users/tius/Documents/Data Tius/Projeksi-bisnis/dataconnect`\n"}}
[debug] [2026-05-15T12:22:22.850Z] E0515 19:22:22.849879   83597 watch.go:40] Failed to load config from "/Users/tius/Documents/Data Tius/Projeksi-bisnis/dataconnect": could not find dataconnect.yaml in `/Users/tius/Documents/Data Tius/Projeksi-bisnis/dataconnect`
 {"metadata":{"emulator":{"name":"dataconnect"},"message":"E0515 19:22:22.849879   83597 watch.go:40] Failed to load config from \"/Users/tius/Documents/Data Tius/Projeksi-bisnis/dataconnect\": could not find dataconnect.yaml in `/Users/tius/Documents/Data Tius/Projeksi-bisnis/dataconnect`\n"}}
[debug] [2026-05-15T12:22:32.850Z] E0515 19:22:32.850151   83597 watch.go:40] Failed to load config from "/Users/tius/Documents/Data Tius/Projeksi-bisnis/dataconnect": could not find dataconnect.yaml in `/Users/tius/Documents/Data Tius/Projeksi-bisnis/dataconnect`
 {"metadata":{"emulator":{"name":"dataconnect"},"message":"E0515 19:22:32.850151   83597 watch.go:40] Failed to load config from \"/Users/tius/Documents/Data Tius/Projeksi-bisnis/dataconnect\": could not find dataconnect.yaml in `/Users/tius/Documents/Data Tius/Projeksi-bisnis/dataconnect`\n"}}
[debug] [2026-05-15T12:22:42.850Z] E0515 19:22:42.850328   83597 watch.go:40] Failed to load config from "/Users/tius/Documents/Data Tius/Projeksi-bisnis/dataconnect": could not find dataconnect.yaml in `/Users/tius/Documents/Data Tius/Projeksi-bisnis/dataconnect`
 {"metadata":{"emulator":{"name":"dataconnect"},"message":"E0515 19:22:42.850328   83597 watch.go:40] Failed to load config from \"/Users/tius/Documents/Data Tius/Projeksi-bisnis/dataconnect\": could not find dataconnect.yaml in `/Users/tius/Documents/Data Tius/Projeksi-bisnis/dataconnect`\n"}}
[debug] [2026-05-15T12:22:52.853Z] E0515 19:22:52.852494   83597 watch.go:40] Failed to load config from "/Users/tius/Documents/Data Tius/Projeksi-bisnis/dataconnect": could not find dataconnect.yaml in `/Users/tius/Documents/Data Tius/Projeksi-bisnis/dataconnect`
 {"metadata":{"emulator":{"name":"dataconnect"},"message":"E0515 19:22:52.852494   83597 watch.go:40] Failed to load config from \"/Users/tius/Documents/Data Tius/Projeksi-bisnis/dataconnect\": could not find dataconnect.yaml in `/Users/tius/Documents/Data Tius/Projeksi-bisnis/dataconnect`\n"}}
[debug] [2026-05-15T12:23:02.884Z] E0515 19:23:02.883739   83597 watch.go:116] watchAllDir unable to walk dir `/Users/tius/Documents/Data Tius/Projeksi-bisnis/dataconnect`: lstat /Users/tius/Documents/Data Tius/Projeksi-bisnis/dataconnect: no such file or directory
 {"metadata":{"emulator":{"name":"dataconnect"},"message":"E0515 19:23:02.883739   83597 watch.go:116] watchAllDir unable to walk dir `/Users/tius/Documents/Data Tius/Projeksi-bisnis/dataconnect`: lstat /Users/tius/Documents/Data Tius/Projeksi-bisnis/dataconnect: no such file or directory\n"}}
[debug] [2026-05-15T12:23:02.889Z] E0515 19:23:02.885857   83597 watch.go:40] Failed to load config from "/Users/tius/Documents/Data Tius/Projeksi-bisnis/dataconnect": could not find dataconnect.yaml in `/Users/tius/Documents/Data Tius/Projeksi-bisnis/dataconnect`
 {"metadata":{"emulator":{"name":"dataconnect"},"message":"E0515 19:23:02.885857   83597 watch.go:40] Failed to load config from \"/Users/tius/Documents/Data Tius/Projeksi-bisnis/dataconnect\": could not find dataconnect.yaml in `/Users/tius/Documents/Data Tius/Projeksi-bisnis/dataconnect`\n"}}
[debug] [2026-05-15T12:23:12.850Z] E0515 19:23:12.849937   83597 watch.go:40] Failed to load config from "/Users/tius/Documents/Data Tius/Projeksi-bisnis/dataconnect": could not find dataconnect.yaml in `/Users/tius/Documents/Data Tius/Projeksi-bisnis/dataconnect`
 {"metadata":{"emulator":{"name":"dataconnect"},"message":"E0515 19:23:12.849937   83597 watch.go:40] Failed to load config from \"/Users/tius/Documents/Data Tius/Projeksi-bisnis/dataconnect\": could not find dataconnect.yaml in `/Users/tius/Documents/Data Tius/Projeksi-bisnis/dataconnect`\n"}}
[debug] [2026-05-15T12:23:22.851Z] E0515 19:23:22.850289   83597 watch.go:40] Failed to load config from "/Users/tius/Documents/Data Tius/Projeksi-bisnis/dataconnect": could not find dataconnect.yaml in `/Users/tius/Documents/Data Tius/Projeksi-bisnis/dataconnect`
 {"metadata":{"emulator":{"name":"dataconnect"},"message":"E0515 19:23:22.850289   83597 watch.go:40] Failed to load config from \"/Users/tius/Documents/Data Tius/Projeksi-bisnis/dataconnect\": could not find dataconnect.yaml in `/Users/tius/Documents/Data Tius/Projeksi-bisnis/dataconnect`\n"}}
[debug] [2026-05-15T12:23:32.850Z] E0515 19:23:32.850036   83597 watch.go:40] Failed to load config from "/Users/tius/Documents/Data Tius/Projeksi-bisnis/dataconnect": could not find dataconnect.yaml in `/Users/tius/Documents/Data Tius/Projeksi-bisnis/dataconnect`
 {"metadata":{"emulator":{"name":"dataconnect"},"message":"E0515 19:23:32.850036   83597 watch.go:40] Failed to load config from \"/Users/tius/Documents/Data Tius/Projeksi-bisnis/dataconnect\": could not find dataconnect.yaml in `/Users/tius/Documents/Data Tius/Projeksi-bisnis/dataconnect`\n"}}
[debug] [2026-05-15T12:23:42.857Z] E0515 19:23:42.857549   83597 watch.go:40] Failed to load config from "/Users/tius/Documents/Data Tius/Projeksi-bisnis/dataconnect": could not find dataconnect.yaml in `/Users/tius/Documents/Data Tius/Projeksi-bisnis/dataconnect`
 {"metadata":{"emulator":{"name":"dataconnect"},"message":"E0515 19:23:42.857549   83597 watch.go:40] Failed to load config from \"/Users/tius/Documents/Data Tius/Projeksi-bisnis/dataconnect\": could not find dataconnect.yaml in `/Users/tius/Documents/Data Tius/Projeksi-bisnis/dataconnect`\n"}}
[debug] [2026-05-15T12:23:52.851Z] E0515 19:23:52.850926   83597 watch.go:40] Failed to load config from "/Users/tius/Documents/Data Tius/Projeksi-bisnis/dataconnect": could not find dataconnect.yaml in `/Users/tius/Documents/Data Tius/Projeksi-bisnis/dataconnect`
 {"metadata":{"emulator":{"name":"dataconnect"},"message":"E0515 19:23:52.850926   83597 watch.go:40] Failed to load config from \"/Users/tius/Documents/Data Tius/Projeksi-bisnis/dataconnect\": could not find dataconnect.yaml in `/Users/tius/Documents/Data Tius/Projeksi-bisnis/dataconnect`\n"}}
[debug] [2026-05-15T12:24:02.855Z] E0515 19:24:02.853319   83597 watch.go:116] watchAllDir unable to walk dir `/Users/tius/Documents/Data Tius/Projeksi-bisnis/dataconnect`: lstat /Users/tius/Documents/Data Tius/Projeksi-bisnis/dataconnect: no such file or directory
E0515 19:24:02.853514   83597 watch.go:40] Failed to load config from "/Users/tius/Documents/Data Tius/Projeksi-bisnis/dataconnect": could not find dataconnect.yaml in `/Users/tius/Documents/Data Tius/Projeksi-bisnis/dataconnect`
 {"metadata":{"emulator":{"name":"dataconnect"},"message":"E0515 19:24:02.853319   83597 watch.go:116] watchAllDir unable to walk dir `/Users/tius/Documents/Data Tius/Projeksi-bisnis/dataconnect`: lstat /Users/tius/Documents/Data Tius/Projeksi-bisnis/dataconnect: no such file or directory\nE0515 19:24:02.853514   83597 watch.go:40] Failed to load config from \"/Users/tius/Documents/Data Tius/Projeksi-bisnis/dataconnect\": could not find dataconnect.yaml in `/Users/tius/Documents/Data Tius/Projeksi-bisnis/dataconnect`\n"}}
[debug] [2026-05-15T12:24:12.856Z] E0515 19:24:12.855814   83597 watch.go:40] Failed to load config from "/Users/tius/Documents/Data Tius/Projeksi-bisnis/dataconnect": could not find dataconnect.yaml in `/Users/tius/Documents/Data Tius/Projeksi-bisnis/dataconnect`
 {"metadata":{"emulator":{"name":"dataconnect"},"message":"E0515 19:24:12.855814   83597 watch.go:40] Failed to load config from \"/Users/tius/Documents/Data Tius/Projeksi-bisnis/dataconnect\": could not find dataconnect.yaml in `/Users/tius/Documents/Data Tius/Projeksi-bisnis/dataconnect`\n"}}
[debug] [2026-05-15T12:24:22.855Z] E0515 19:24:22.853238   83597 watch.go:40] Failed to load config from "/Users/tius/Documents/Data Tius/Projeksi-bisnis/dataconnect": could not find dataconnect.yaml in `/Users/tius/Documents/Data Tius/Projeksi-bisnis/dataconnect`
 {"metadata":{"emulator":{"name":"dataconnect"},"message":"E0515 19:24:22.853238   83597 watch.go:40] Failed to load config from \"/Users/tius/Documents/Data Tius/Projeksi-bisnis/dataconnect\": could not find dataconnect.yaml in `/Users/tius/Documents/Data Tius/Projeksi-bisnis/dataconnect`\n"}}
[debug] [2026-05-15T12:24:32.850Z] E0515 19:24:32.849834   83597 watch.go:40] Failed to load config from "/Users/tius/Documents/Data Tius/Projeksi-bisnis/dataconnect": could not find dataconnect.yaml in `/Users/tius/Documents/Data Tius/Projeksi-bisnis/dataconnect`
 {"metadata":{"emulator":{"name":"dataconnect"},"message":"E0515 19:24:32.849834   83597 watch.go:40] Failed to load config from \"/Users/tius/Documents/Data Tius/Projeksi-bisnis/dataconnect\": could not find dataconnect.yaml in `/Users/tius/Documents/Data Tius/Projeksi-bisnis/dataconnect`\n"}}
[debug] [2026-05-15T12:24:42.850Z] E0515 19:24:42.849783   83597 watch.go:40] Failed to load config from "/Users/tius/Documents/Data Tius/Projeksi-bisnis/dataconnect": could not find dataconnect.yaml in `/Users/tius/Documents/Data Tius/Projeksi-bisnis/dataconnect`
 {"metadata":{"emulator":{"name":"dataconnect"},"message":"E0515 19:24:42.849783   83597 watch.go:40] Failed to load config from \"/Users/tius/Documents/Data Tius/Projeksi-bisnis/dataconnect\": could not find dataconnect.yaml in `/Users/tius/Documents/Data Tius/Projeksi-bisnis/dataconnect`\n"}}
[debug] [2026-05-15T12:24:52.850Z] E0515 19:24:52.850431   83597 watch.go:40] Failed to load config from "/Users/tius/Documents/Data Tius/Projeksi-bisnis/dataconnect": could not find dataconnect.yaml in `/Users/tius/Documents/Data Tius/Projeksi-bisnis/dataconnect`
 {"metadata":{"emulator":{"name":"dataconnect"},"message":"E0515 19:24:52.850431   83597 watch.go:40] Failed to load config from \"/Users/tius/Documents/Data Tius/Projeksi-bisnis/dataconnect\": could not find dataconnect.yaml in `/Users/tius/Documents/Data Tius/Projeksi-bisnis/dataconnect`\n"}}
[debug] [2026-05-15T12:25:02.856Z] E0515 19:25:02.855056   83597 watch.go:116] watchAllDir unable to walk dir `/Users/tius/Documents/Data Tius/Projeksi-bisnis/dataconnect`: lstat /Users/tius/Documents/Data Tius/Projeksi-bisnis/dataconnect: no such file or directory
E0515 19:25:02.856103   83597 watch.go:40] Failed to load config from "/Users/tius/Documents/Data Tius/Projeksi-bisnis/dataconnect": could not find dataconnect.yaml in `/Users/tius/Documents/Data Tius/Projeksi-bisnis/dataconnect`
 {"metadata":{"emulator":{"name":"dataconnect"},"message":"E0515 19:25:02.855056   83597 watch.go:116] watchAllDir unable to walk dir `/Users/tius/Documents/Data Tius/Projeksi-bisnis/dataconnect`: lstat /Users/tius/Documents/Data Tius/Projeksi-bisnis/dataconnect: no such file or directory\nE0515 19:25:02.856103   83597 watch.go:40] Failed to load config from \"/Users/tius/Documents/Data Tius/Projeksi-bisnis/dataconnect\": could not find dataconnect.yaml in `/Users/tius/Documents/Data Tius/Projeksi-bisnis/dataconnect`\n"}}
[debug] [2026-05-15T12:25:12.936Z] E0515 19:25:12.851437   83597 watch.go:40] Failed to load config from "/Users/tius/Documents/Data Tius/Projeksi-bisnis/dataconnect": could not find dataconnect.yaml in `/Users/tius/Documents/Data Tius/Projeksi-bisnis/dataconnect`
 {"metadata":{"emulator":{"name":"dataconnect"},"message":"E0515 19:25:12.851437   83597 watch.go:40] Failed to load config from \"/Users/tius/Documents/Data Tius/Projeksi-bisnis/dataconnect\": could not find dataconnect.yaml in `/Users/tius/Documents/Data Tius/Projeksi-bisnis/dataconnect`\n"}}
[debug] [2026-05-15T12:25:23.050Z] E0515 19:25:22.850643   83597 watch.go:40] Failed to load config from "/Users/tius/Documents/Data Tius/Projeksi-bisnis/dataconnect": could not find dataconnect.yaml in `/Users/tius/Documents/Data Tius/Projeksi-bisnis/dataconnect`
 {"metadata":{"emulator":{"name":"dataconnect"},"message":"E0515 19:25:22.850643   83597 watch.go:40] Failed to load config from \"/Users/tius/Documents/Data Tius/Projeksi-bisnis/dataconnect\": could not find dataconnect.yaml in `/Users/tius/Documents/Data Tius/Projeksi-bisnis/dataconnect`\n"}}
[debug] [2026-05-15T12:25:43.027Z] E0515 19:25:32.850481   83597 watch.go:40] Failed to load config from "/Users/tius/Documents/Data Tius/Projeksi-bisnis/dataconnect": could not find dataconnect.yaml in `/Users/tius/Documents/Data Tius/Projeksi-bisnis/dataconnect`
E0515 19:25:42.850543   83597 watch.go:40] Failed to load config from "/Users/tius/Documents/Data Tius/Projeksi-bisnis/dataconnect": could not find dataconnect.yaml in `/Users/tius/Documents/Data Tius/Projeksi-bisnis/dataconnect`
 {"metadata":{"emulator":{"name":"dataconnect"},"message":"E0515 19:25:32.850481   83597 watch.go:40] Failed to load config from \"/Users/tius/Documents/Data Tius/Projeksi-bisnis/dataconnect\": could not find dataconnect.yaml in `/Users/tius/Documents/Data Tius/Projeksi-bisnis/dataconnect`\nE0515 19:25:42.850543   83597 watch.go:40] Failed to load config from \"/Users/tius/Documents/Data Tius/Projeksi-bisnis/dataconnect\": could not find dataconnect.yaml in `/Users/tius/Documents/Data Tius/Projeksi-bisnis/dataconnect`\n"}}
[debug] [2026-05-15T12:25:52.850Z] E0515 19:25:52.849946   83597 watch.go:40] Failed to load config from "/Users/tius/Documents/Data Tius/Projeksi-bisnis/dataconnect": could not find dataconnect.yaml in `/Users/tius/Documents/Data Tius/Projeksi-bisnis/dataconnect`
 {"metadata":{"emulator":{"name":"dataconnect"},"message":"E0515 19:25:52.849946   83597 watch.go:40] Failed to load config from \"/Users/tius/Documents/Data Tius/Projeksi-bisnis/dataconnect\": could not find dataconnect.yaml in `/Users/tius/Documents/Data Tius/Projeksi-bisnis/dataconnect`\n"}}
[debug] [2026-05-15T12:26:02.850Z] E0515 19:26:02.850452   83597 watch.go:40] Failed to load config from "/Users/tius/Documents/Data Tius/Projeksi-bisnis/dataconnect": could not find dataconnect.yaml in `/Users/tius/Documents/Data Tius/Projeksi-bisnis/dataconnect`
 {"metadata":{"emulator":{"name":"dataconnect"},"message":"E0515 19:26:02.850452   83597 watch.go:40] Failed to load config from \"/Users/tius/Documents/Data Tius/Projeksi-bisnis/dataconnect\": could not find dataconnect.yaml in `/Users/tius/Documents/Data Tius/Projeksi-bisnis/dataconnect`\n"}}
[debug] [2026-05-15T12:26:02.851Z] E0515 19:26:02.850517   83597 watch.go:116] watchAllDir unable to walk dir `/Users/tius/Documents/Data Tius/Projeksi-bisnis/dataconnect`: lstat /Users/tius/Documents/Data Tius/Projeksi-bisnis/dataconnect: no such file or directory
 {"metadata":{"emulator":{"name":"dataconnect"},"message":"E0515 19:26:02.850517   83597 watch.go:116] watchAllDir unable to walk dir `/Users/tius/Documents/Data Tius/Projeksi-bisnis/dataconnect`: lstat /Users/tius/Documents/Data Tius/Projeksi-bisnis/dataconnect: no such file or directory\n"}}
[debug] [2026-05-15T12:26:12.849Z] E0515 19:26:12.849661   83597 watch.go:40] Failed to load config from "/Users/tius/Documents/Data Tius/Projeksi-bisnis/dataconnect": could not find dataconnect.yaml in `/Users/tius/Documents/Data Tius/Projeksi-bisnis/dataconnect`
 {"metadata":{"emulator":{"name":"dataconnect"},"message":"E0515 19:26:12.849661   83597 watch.go:40] Failed to load config from \"/Users/tius/Documents/Data Tius/Projeksi-bisnis/dataconnect\": could not find dataconnect.yaml in `/Users/tius/Documents/Data Tius/Projeksi-bisnis/dataconnect`\n"}}
[debug] [2026-05-15T12:26:22.850Z] E0515 19:26:22.850642   83597 watch.go:40] Failed to load config from "/Users/tius/Documents/Data Tius/Projeksi-bisnis/dataconnect": could not find dataconnect.yaml in `/Users/tius/Documents/Data Tius/Projeksi-bisnis/dataconnect`
 {"metadata":{"emulator":{"name":"dataconnect"},"message":"E0515 19:26:22.850642   83597 watch.go:40] Failed to load config from \"/Users/tius/Documents/Data Tius/Projeksi-bisnis/dataconnect\": could not find dataconnect.yaml in `/Users/tius/Documents/Data Tius/Projeksi-bisnis/dataconnect`\n"}}
[debug] [2026-05-15T12:26:32.937Z] E0515 19:26:32.937345   83597 watch.go:40] Failed to load config from "/Users/tius/Documents/Data Tius/Projeksi-bisnis/dataconnect": could not find dataconnect.yaml in `/Users/tius/Documents/Data Tius/Projeksi-bisnis/dataconnect`
 {"metadata":{"emulator":{"name":"dataconnect"},"message":"E0515 19:26:32.937345   83597 watch.go:40] Failed to load config from \"/Users/tius/Documents/Data Tius/Projeksi-bisnis/dataconnect\": could not find dataconnect.yaml in `/Users/tius/Documents/Data Tius/Projeksi-bisnis/dataconnect`\n"}}
[debug] [2026-05-15T12:26:42.850Z] E0515 19:26:42.850201   83597 watch.go:40] Failed to load config from "/Users/tius/Documents/Data Tius/Projeksi-bisnis/dataconnect": could not find dataconnect.yaml in `/Users/tius/Documents/Data Tius/Projeksi-bisnis/dataconnect`
 {"metadata":{"emulator":{"name":"dataconnect"},"message":"E0515 19:26:42.850201   83597 watch.go:40] Failed to load config from \"/Users/tius/Documents/Data Tius/Projeksi-bisnis/dataconnect\": could not find dataconnect.yaml in `/Users/tius/Documents/Data Tius/Projeksi-bisnis/dataconnect`\n"}}
[debug] [2026-05-15T12:26:52.856Z] E0515 19:26:52.855225   83597 watch.go:40] Failed to load config from "/Users/tius/Documents/Data Tius/Projeksi-bisnis/dataconnect": could not find dataconnect.yaml in `/Users/tius/Documents/Data Tius/Projeksi-bisnis/dataconnect`
 {"metadata":{"emulator":{"name":"dataconnect"},"message":"E0515 19:26:52.855225   83597 watch.go:40] Failed to load config from \"/Users/tius/Documents/Data Tius/Projeksi-bisnis/dataconnect\": could not find dataconnect.yaml in `/Users/tius/Documents/Data Tius/Projeksi-bisnis/dataconnect`\n"}}
[debug] [2026-05-15T12:27:02.850Z] E0515 19:27:02.849802   83597 watch.go:40] Failed to load config from "/Users/tius/Documents/Data Tius/Projeksi-bisnis/dataconnect": could not find dataconnect.yaml in `/Users/tius/Documents/Data Tius/Projeksi-bisnis/dataconnect`
E0515 19:27:02.849677   83597 watch.go:116] watchAllDir unable to walk dir `/Users/tius/Documents/Data Tius/Projeksi-bisnis/dataconnect`: lstat /Users/tius/Documents/Data Tius/Projeksi-bisnis/dataconnect: no such file or directory
 {"metadata":{"emulator":{"name":"dataconnect"},"message":"E0515 19:27:02.849802   83597 watch.go:40] Failed to load config from \"/Users/tius/Documents/Data Tius/Projeksi-bisnis/dataconnect\": could not find dataconnect.yaml in `/Users/tius/Documents/Data Tius/Projeksi-bisnis/dataconnect`\nE0515 19:27:02.849677   83597 watch.go:116] watchAllDir unable to walk dir `/Users/tius/Documents/Data Tius/Projeksi-bisnis/dataconnect`: lstat /Users/tius/Documents/Data Tius/Projeksi-bisnis/dataconnect: no such file or directory\n"}}
[debug] [2026-05-15T12:27:12.859Z] E0515 19:27:12.857756   83597 watch.go:40] Failed to load config from "/Users/tius/Documents/Data Tius/Projeksi-bisnis/dataconnect": could not find dataconnect.yaml in `/Users/tius/Documents/Data Tius/Projeksi-bisnis/dataconnect`
 {"metadata":{"emulator":{"name":"dataconnect"},"message":"E0515 19:27:12.857756   83597 watch.go:40] Failed to load config from \"/Users/tius/Documents/Data Tius/Projeksi-bisnis/dataconnect\": could not find dataconnect.yaml in `/Users/tius/Documents/Data Tius/Projeksi-bisnis/dataconnect`\n"}}
[debug] [2026-05-15T12:27:22.850Z] E0515 19:27:22.850132   83597 watch.go:40] Failed to load config from "/Users/tius/Documents/Data Tius/Projeksi-bisnis/dataconnect": could not find dataconnect.yaml in `/Users/tius/Documents/Data Tius/Projeksi-bisnis/dataconnect`
 {"metadata":{"emulator":{"name":"dataconnect"},"message":"E0515 19:27:22.850132   83597 watch.go:40] Failed to load config from \"/Users/tius/Documents/Data Tius/Projeksi-bisnis/dataconnect\": could not find dataconnect.yaml in `/Users/tius/Documents/Data Tius/Projeksi-bisnis/dataconnect`\n"}}
[debug] [2026-05-15T12:27:32.850Z] E0515 19:27:32.850256   83597 watch.go:40] Failed to load config from "/Users/tius/Documents/Data Tius/Projeksi-bisnis/dataconnect": could not find dataconnect.yaml in `/Users/tius/Documents/Data Tius/Projeksi-bisnis/dataconnect`
 {"metadata":{"emulator":{"name":"dataconnect"},"message":"E0515 19:27:32.850256   83597 watch.go:40] Failed to load config from \"/Users/tius/Documents/Data Tius/Projeksi-bisnis/dataconnect\": could not find dataconnect.yaml in `/Users/tius/Documents/Data Tius/Projeksi-bisnis/dataconnect`\n"}}
[debug] [2026-05-15T12:27:42.852Z] E0515 19:27:42.852300   83597 watch.go:40] Failed to load config from "/Users/tius/Documents/Data Tius/Projeksi-bisnis/dataconnect": could not find dataconnect.yaml in `/Users/tius/Documents/Data Tius/Projeksi-bisnis/dataconnect`
 {"metadata":{"emulator":{"name":"dataconnect"},"message":"E0515 19:27:42.852300   83597 watch.go:40] Failed to load config from \"/Users/tius/Documents/Data Tius/Projeksi-bisnis/dataconnect\": could not find dataconnect.yaml in `/Users/tius/Documents/Data Tius/Projeksi-bisnis/dataconnect`\n"}}
[debug] [2026-05-15T12:27:52.850Z] E0515 19:27:52.850678   83597 watch.go:40] Failed to load config from "/Users/tius/Documents/Data Tius/Projeksi-bisnis/dataconnect": could not find dataconnect.yaml in `/Users/tius/Documents/Data Tius/Projeksi-bisnis/dataconnect`
 {"metadata":{"emulator":{"name":"dataconnect"},"message":"E0515 19:27:52.850678   83597 watch.go:40] Failed to load config from \"/Users/tius/Documents/Data Tius/Projeksi-bisnis/dataconnect\": could not find dataconnect.yaml in `/Users/tius/Documents/Data Tius/Projeksi-bisnis/dataconnect`\n"}}
[debug] [2026-05-15T12:28:02.850Z] E0515 19:28:02.850481   83597 watch.go:116] watchAllDir unable to walk dir `/Users/tius/Documents/Data Tius/Projeksi-bisnis/dataconnect`: lstat /Users/tius/Documents/Data Tius/Projeksi-bisnis/dataconnect: no such file or directory
 {"metadata":{"emulator":{"name":"dataconnect"},"message":"E0515 19:28:02.850481   83597 watch.go:116] watchAllDir unable to walk dir `/Users/tius/Documents/Data Tius/Projeksi-bisnis/dataconnect`: lstat /Users/tius/Documents/Data Tius/Projeksi-bisnis/dataconnect: no such file or directory\n"}}
[debug] [2026-05-15T12:28:02.857Z] E0515 19:28:02.850605   83597 watch.go:40] Failed to load config from "/Users/tius/Documents/Data Tius/Projeksi-bisnis/dataconnect": could not find dataconnect.yaml in `/Users/tius/Documents/Data Tius/Projeksi-bisnis/dataconnect`
 {"metadata":{"emulator":{"name":"dataconnect"},"message":"E0515 19:28:02.850605   83597 watch.go:40] Failed to load config from \"/Users/tius/Documents/Data Tius/Projeksi-bisnis/dataconnect\": could not find dataconnect.yaml in `/Users/tius/Documents/Data Tius/Projeksi-bisnis/dataconnect`\n"}}
[debug] [2026-05-15T12:28:12.851Z] E0515 19:28:12.851238   83597 watch.go:40] Failed to load config from "/Users/tius/Documents/Data Tius/Projeksi-bisnis/dataconnect": could not find dataconnect.yaml in `/Users/tius/Documents/Data Tius/Projeksi-bisnis/dataconnect`
 {"metadata":{"emulator":{"name":"dataconnect"},"message":"E0515 19:28:12.851238   83597 watch.go:40] Failed to load config from \"/Users/tius/Documents/Data Tius/Projeksi-bisnis/dataconnect\": could not find dataconnect.yaml in `/Users/tius/Documents/Data Tius/Projeksi-bisnis/dataconnect`\n"}}
[debug] [2026-05-15T12:28:22.850Z] E0515 19:28:22.850765   83597 watch.go:40] Failed to load config from "/Users/tius/Documents/Data Tius/Projeksi-bisnis/dataconnect": could not find dataconnect.yaml in `/Users/tius/Documents/Data Tius/Projeksi-bisnis/dataconnect`
 {"metadata":{"emulator":{"name":"dataconnect"},"message":"E0515 19:28:22.850765   83597 watch.go:40] Failed to load config from \"/Users/tius/Documents/Data Tius/Projeksi-bisnis/dataconnect\": could not find dataconnect.yaml in `/Users/tius/Documents/Data Tius/Projeksi-bisnis/dataconnect`\n"}}
[debug] [2026-05-15T12:28:32.849Z] E0515 19:28:32.849721   83597 watch.go:40] Failed to load config from "/Users/tius/Documents/Data Tius/Projeksi-bisnis/dataconnect": could not find dataconnect.yaml in `/Users/tius/Documents/Data Tius/Projeksi-bisnis/dataconnect`
 {"metadata":{"emulator":{"name":"dataconnect"},"message":"E0515 19:28:32.849721   83597 watch.go:40] Failed to load config from \"/Users/tius/Documents/Data Tius/Projeksi-bisnis/dataconnect\": could not find dataconnect.yaml in `/Users/tius/Documents/Data Tius/Projeksi-bisnis/dataconnect`\n"}}
[debug] [2026-05-15T12:28:42.851Z] E0515 19:28:42.849738   83597 watch.go:40] Failed to load config from "/Users/tius/Documents/Data Tius/Projeksi-bisnis/dataconnect": could not find dataconnect.yaml in `/Users/tius/Documents/Data Tius/Projeksi-bisnis/dataconnect`
 {"metadata":{"emulator":{"name":"dataconnect"},"message":"E0515 19:28:42.849738   83597 watch.go:40] Failed to load config from \"/Users/tius/Documents/Data Tius/Projeksi-bisnis/dataconnect\": could not find dataconnect.yaml in `/Users/tius/Documents/Data Tius/Projeksi-bisnis/dataconnect`\n"}}
[debug] [2026-05-15T12:28:52.850Z] E0515 19:28:52.849841   83597 watch.go:40] Failed to load config from "/Users/tius/Documents/Data Tius/Projeksi-bisnis/dataconnect": could not find dataconnect.yaml in `/Users/tius/Documents/Data Tius/Projeksi-bisnis/dataconnect`
 {"metadata":{"emulator":{"name":"dataconnect"},"message":"E0515 19:28:52.849841   83597 watch.go:40] Failed to load config from \"/Users/tius/Documents/Data Tius/Projeksi-bisnis/dataconnect\": could not find dataconnect.yaml in `/Users/tius/Documents/Data Tius/Projeksi-bisnis/dataconnect`\n"}}
[debug] [2026-05-15T12:29:12.863Z] E0515 19:29:02.853541   83597 watch.go:116] watchAllDir unable to walk dir `/Users/tius/Documents/Data Tius/Projeksi-bisnis/dataconnect`: lstat /Users/tius/Documents/Data Tius/Projeksi-bisnis/dataconnect: no such file or directory
E0515 19:29:02.853827   83597 watch.go:40] Failed to load config from "/Users/tius/Documents/Data Tius/Projeksi-bisnis/dataconnect": could not find dataconnect.yaml in `/Users/tius/Documents/Data Tius/Projeksi-bisnis/dataconnect`
 {"metadata":{"emulator":{"name":"dataconnect"},"message":"E0515 19:29:02.853541   83597 watch.go:116] watchAllDir unable to walk dir `/Users/tius/Documents/Data Tius/Projeksi-bisnis/dataconnect`: lstat /Users/tius/Documents/Data Tius/Projeksi-bisnis/dataconnect: no such file or directory\nE0515 19:29:02.853827   83597 watch.go:40] Failed to load config from \"/Users/tius/Documents/Data Tius/Projeksi-bisnis/dataconnect\": could not find dataconnect.yaml in `/Users/tius/Documents/Data Tius/Projeksi-bisnis/dataconnect`\n"}}
[debug] [2026-05-15T12:29:13.539Z] E0515 19:29:12.897370   83597 watch.go:40] Failed to load config from "/Users/tius/Documents/Data Tius/Projeksi-bisnis/dataconnect": could not find dataconnect.yaml in `/Users/tius/Documents/Data Tius/Projeksi-bisnis/dataconnect`
 {"metadata":{"emulator":{"name":"dataconnect"},"message":"E0515 19:29:12.897370   83597 watch.go:40] Failed to load config from \"/Users/tius/Documents/Data Tius/Projeksi-bisnis/dataconnect\": could not find dataconnect.yaml in `/Users/tius/Documents/Data Tius/Projeksi-bisnis/dataconnect`\n"}}
[debug] [2026-05-15T12:29:35.592Z] E0515 19:29:22.850559   83597 watch.go:40] Failed to load config from "/Users/tius/Documents/Data Tius/Projeksi-bisnis/dataconnect": could not find dataconnect.yaml in `/Users/tius/Documents/Data Tius/Projeksi-bisnis/dataconnect`
E0515 19:29:32.851723   83597 watch.go:40] Failed to load config from "/Users/tius/Documents/Data Tius/Projeksi-bisnis/dataconnect": could not find dataconnect.yaml in `/Users/tius/Documents/Data Tius/Projeksi-bisnis/dataconnect`
 {"metadata":{"emulator":{"name":"dataconnect"},"message":"E0515 19:29:22.850559   83597 watch.go:40] Failed to load config from \"/Users/tius/Documents/Data Tius/Projeksi-bisnis/dataconnect\": could not find dataconnect.yaml in `/Users/tius/Documents/Data Tius/Projeksi-bisnis/dataconnect`\nE0515 19:29:32.851723   83597 watch.go:40] Failed to load config from \"/Users/tius/Documents/Data Tius/Projeksi-bisnis/dataconnect\": could not find dataconnect.yaml in `/Users/tius/Documents/Data Tius/Projeksi-bisnis/dataconnect`\n"}}
[debug] [2026-05-15T12:29:49.539Z] E0515 19:29:42.850750   83597 watch.go:40] Failed to load config from "/Users/tius/Documents/Data Tius/Projeksi-bisnis/dataconnect": could not find dataconnect.yaml in `/Users/tius/Documents/Data Tius/Projeksi-bisnis/dataconnect`
 {"metadata":{"emulator":{"name":"dataconnect"},"message":"E0515 19:29:42.850750   83597 watch.go:40] Failed to load config from \"/Users/tius/Documents/Data Tius/Projeksi-bisnis/dataconnect\": could not find dataconnect.yaml in `/Users/tius/Documents/Data Tius/Projeksi-bisnis/dataconnect`\n"}}
[debug] [2026-05-15T12:29:52.850Z] E0515 19:29:52.850719   83597 watch.go:40] Failed to load config from "/Users/tius/Documents/Data Tius/Projeksi-bisnis/dataconnect": could not find dataconnect.yaml in `/Users/tius/Documents/Data Tius/Projeksi-bisnis/dataconnect`
 {"metadata":{"emulator":{"name":"dataconnect"},"message":"E0515 19:29:52.850719   83597 watch.go:40] Failed to load config from \"/Users/tius/Documents/Data Tius/Projeksi-bisnis/dataconnect\": could not find dataconnect.yaml in `/Users/tius/Documents/Data Tius/Projeksi-bisnis/dataconnect`\n"}}
[debug] [2026-05-15T12:30:02.850Z] E0515 19:30:02.849827   83597 watch.go:116] watchAllDir unable to walk dir `/Users/tius/Documents/Data Tius/Projeksi-bisnis/dataconnect`: lstat /Users/tius/Documents/Data Tius/Projeksi-bisnis/dataconnect: no such file or directory
 {"metadata":{"emulator":{"name":"dataconnect"},"message":"E0515 19:30:02.849827   83597 watch.go:116] watchAllDir unable to walk dir `/Users/tius/Documents/Data Tius/Projeksi-bisnis/dataconnect`: lstat /Users/tius/Documents/Data Tius/Projeksi-bisnis/dataconnect: no such file or directory\n"}}
[debug] [2026-05-15T12:30:02.853Z] E0515 19:30:02.853162   83597 watch.go:40] Failed to load config from "/Users/tius/Documents/Data Tius/Projeksi-bisnis/dataconnect": could not find dataconnect.yaml in `/Users/tius/Documents/Data Tius/Projeksi-bisnis/dataconnect`
 {"metadata":{"emulator":{"name":"dataconnect"},"message":"E0515 19:30:02.853162   83597 watch.go:40] Failed to load config from \"/Users/tius/Documents/Data Tius/Projeksi-bisnis/dataconnect\": could not find dataconnect.yaml in `/Users/tius/Documents/Data Tius/Projeksi-bisnis/dataconnect`\n"}}
[debug] [2026-05-15T12:30:12.850Z] E0515 19:30:12.850638   83597 watch.go:40] Failed to load config from "/Users/tius/Documents/Data Tius/Projeksi-bisnis/dataconnect": could not find dataconnect.yaml in `/Users/tius/Documents/Data Tius/Projeksi-bisnis/dataconnect`
 {"metadata":{"emulator":{"name":"dataconnect"},"message":"E0515 19:30:12.850638   83597 watch.go:40] Failed to load config from \"/Users/tius/Documents/Data Tius/Projeksi-bisnis/dataconnect\": could not find dataconnect.yaml in `/Users/tius/Documents/Data Tius/Projeksi-bisnis/dataconnect`\n"}}
[debug] [2026-05-15T12:30:22.852Z] E0515 19:30:22.852085   83597 watch.go:40] Failed to load config from "/Users/tius/Documents/Data Tius/Projeksi-bisnis/dataconnect": could not find dataconnect.yaml in `/Users/tius/Documents/Data Tius/Projeksi-bisnis/dataconnect`
 {"metadata":{"emulator":{"name":"dataconnect"},"message":"E0515 19:30:22.852085   83597 watch.go:40] Failed to load config from \"/Users/tius/Documents/Data Tius/Projeksi-bisnis/dataconnect\": could not find dataconnect.yaml in `/Users/tius/Documents/Data Tius/Projeksi-bisnis/dataconnect`\n"}}
[debug] [2026-05-15T12:30:32.856Z] E0515 19:30:32.853309   83597 watch.go:40] Failed to load config from "/Users/tius/Documents/Data Tius/Projeksi-bisnis/dataconnect": could not find dataconnect.yaml in `/Users/tius/Documents/Data Tius/Projeksi-bisnis/dataconnect`
 {"metadata":{"emulator":{"name":"dataconnect"},"message":"E0515 19:30:32.853309   83597 watch.go:40] Failed to load config from \"/Users/tius/Documents/Data Tius/Projeksi-bisnis/dataconnect\": could not find dataconnect.yaml in `/Users/tius/Documents/Data Tius/Projeksi-bisnis/dataconnect`\n"}}
[debug] [2026-05-15T12:30:43.010Z] E0515 19:30:42.916872   83597 watch.go:40] Failed to load config from "/Users/tius/Documents/Data Tius/Projeksi-bisnis/dataconnect": could not find dataconnect.yaml in `/Users/tius/Documents/Data Tius/Projeksi-bisnis/dataconnect`
 {"metadata":{"emulator":{"name":"dataconnect"},"message":"E0515 19:30:42.916872   83597 watch.go:40] Failed to load config from \"/Users/tius/Documents/Data Tius/Projeksi-bisnis/dataconnect\": could not find dataconnect.yaml in `/Users/tius/Documents/Data Tius/Projeksi-bisnis/dataconnect`\n"}}
[debug] [2026-05-15T12:30:52.850Z] E0515 19:30:52.849896   83597 watch.go:40] Failed to load config from "/Users/tius/Documents/Data Tius/Projeksi-bisnis/dataconnect": could not find dataconnect.yaml in `/Users/tius/Documents/Data Tius/Projeksi-bisnis/dataconnect`
 {"metadata":{"emulator":{"name":"dataconnect"},"message":"E0515 19:30:52.849896   83597 watch.go:40] Failed to load config from \"/Users/tius/Documents/Data Tius/Projeksi-bisnis/dataconnect\": could not find dataconnect.yaml in `/Users/tius/Documents/Data Tius/Projeksi-bisnis/dataconnect`\n"}}
[debug] [2026-05-15T12:31:02.850Z] E0515 19:31:02.849924   83597 watch.go:40] Failed to load config from "/Users/tius/Documents/Data Tius/Projeksi-bisnis/dataconnect": could not find dataconnect.yaml in `/Users/tius/Documents/Data Tius/Projeksi-bisnis/dataconnect`
E0515 19:31:02.849861   83597 watch.go:116] watchAllDir unable to walk dir `/Users/tius/Documents/Data Tius/Projeksi-bisnis/dataconnect`: lstat /Users/tius/Documents/Data Tius/Projeksi-bisnis/dataconnect: no such file or directory
 {"metadata":{"emulator":{"name":"dataconnect"},"message":"E0515 19:31:02.849924   83597 watch.go:40] Failed to load config from \"/Users/tius/Documents/Data Tius/Projeksi-bisnis/dataconnect\": could not find dataconnect.yaml in `/Users/tius/Documents/Data Tius/Projeksi-bisnis/dataconnect`\nE0515 19:31:02.849861   83597 watch.go:116] watchAllDir unable to walk dir `/Users/tius/Documents/Data Tius/Projeksi-bisnis/dataconnect`: lstat /Users/tius/Documents/Data Tius/Projeksi-bisnis/dataconnect: no such file or directory\n"}}
[debug] [2026-05-15T12:31:12.855Z] E0515 19:31:12.855571   83597 watch.go:40] Failed to load config from "/Users/tius/Documents/Data Tius/Projeksi-bisnis/dataconnect": could not find dataconnect.yaml in `/Users/tius/Documents/Data Tius/Projeksi-bisnis/dataconnect`
 {"metadata":{"emulator":{"name":"dataconnect"},"message":"E0515 19:31:12.855571   83597 watch.go:40] Failed to load config from \"/Users/tius/Documents/Data Tius/Projeksi-bisnis/dataconnect\": could not find dataconnect.yaml in `/Users/tius/Documents/Data Tius/Projeksi-bisnis/dataconnect`\n"}}
[debug] [2026-05-15T12:31:22.855Z] E0515 19:31:22.853681   83597 watch.go:40] Failed to load config from "/Users/tius/Documents/Data Tius/Projeksi-bisnis/dataconnect": could not find dataconnect.yaml in `/Users/tius/Documents/Data Tius/Projeksi-bisnis/dataconnect`
 {"metadata":{"emulator":{"name":"dataconnect"},"message":"E0515 19:31:22.853681   83597 watch.go:40] Failed to load config from \"/Users/tius/Documents/Data Tius/Projeksi-bisnis/dataconnect\": could not find dataconnect.yaml in `/Users/tius/Documents/Data Tius/Projeksi-bisnis/dataconnect`\n"}}
[debug] [2026-05-15T12:31:32.856Z] E0515 19:31:32.855857   83597 watch.go:40] Failed to load config from "/Users/tius/Documents/Data Tius/Projeksi-bisnis/dataconnect": could not find dataconnect.yaml in `/Users/tius/Documents/Data Tius/Projeksi-bisnis/dataconnect`
 {"metadata":{"emulator":{"name":"dataconnect"},"message":"E0515 19:31:32.855857   83597 watch.go:40] Failed to load config from \"/Users/tius/Documents/Data Tius/Projeksi-bisnis/dataconnect\": could not find dataconnect.yaml in `/Users/tius/Documents/Data Tius/Projeksi-bisnis/dataconnect`\n"}}
[debug] [2026-05-15T12:31:42.852Z] E0515 19:31:42.849893   83597 watch.go:40] Failed to load config from "/Users/tius/Documents/Data Tius/Projeksi-bisnis/dataconnect": could not find dataconnect.yaml in `/Users/tius/Documents/Data Tius/Projeksi-bisnis/dataconnect`
 {"metadata":{"emulator":{"name":"dataconnect"},"message":"E0515 19:31:42.849893   83597 watch.go:40] Failed to load config from \"/Users/tius/Documents/Data Tius/Projeksi-bisnis/dataconnect\": could not find dataconnect.yaml in `/Users/tius/Documents/Data Tius/Projeksi-bisnis/dataconnect`\n"}}
[debug] [2026-05-15T12:31:52.855Z] E0515 19:31:52.854978   83597 watch.go:40] Failed to load config from "/Users/tius/Documents/Data Tius/Projeksi-bisnis/dataconnect": could not find dataconnect.yaml in `/Users/tius/Documents/Data Tius/Projeksi-bisnis/dataconnect`
 {"metadata":{"emulator":{"name":"dataconnect"},"message":"E0515 19:31:52.854978   83597 watch.go:40] Failed to load config from \"/Users/tius/Documents/Data Tius/Projeksi-bisnis/dataconnect\": could not find dataconnect.yaml in `/Users/tius/Documents/Data Tius/Projeksi-bisnis/dataconnect`\n"}}
[debug] [2026-05-15T12:32:02.850Z] E0515 19:32:02.850049   83597 watch.go:116] watchAllDir unable to walk dir `/Users/tius/Documents/Data Tius/Projeksi-bisnis/dataconnect`: lstat /Users/tius/Documents/Data Tius/Projeksi-bisnis/dataconnect: no such file or directory
E0515 19:32:02.850303   83597 watch.go:40] Failed to load config from "/Users/tius/Documents/Data Tius/Projeksi-bisnis/dataconnect": could not find dataconnect.yaml in `/Users/tius/Documents/Data Tius/Projeksi-bisnis/dataconnect`
 {"metadata":{"emulator":{"name":"dataconnect"},"message":"E0515 19:32:02.850049   83597 watch.go:116] watchAllDir unable to walk dir `/Users/tius/Documents/Data Tius/Projeksi-bisnis/dataconnect`: lstat /Users/tius/Documents/Data Tius/Projeksi-bisnis/dataconnect: no such file or directory\nE0515 19:32:02.850303   83597 watch.go:40] Failed to load config from \"/Users/tius/Documents/Data Tius/Projeksi-bisnis/dataconnect\": could not find dataconnect.yaml in `/Users/tius/Documents/Data Tius/Projeksi-bisnis/dataconnect`\n"}}
[debug] [2026-05-15T12:32:12.850Z] E0515 19:32:12.850673   83597 watch.go:40] Failed to load config from "/Users/tius/Documents/Data Tius/Projeksi-bisnis/dataconnect": could not find dataconnect.yaml in `/Users/tius/Documents/Data Tius/Projeksi-bisnis/dataconnect`
 {"metadata":{"emulator":{"name":"dataconnect"},"message":"E0515 19:32:12.850673   83597 watch.go:40] Failed to load config from \"/Users/tius/Documents/Data Tius/Projeksi-bisnis/dataconnect\": could not find dataconnect.yaml in `/Users/tius/Documents/Data Tius/Projeksi-bisnis/dataconnect`\n"}}
[debug] [2026-05-15T12:32:22.855Z] E0515 19:32:22.853656   83597 watch.go:40] Failed to load config from "/Users/tius/Documents/Data Tius/Projeksi-bisnis/dataconnect": could not find dataconnect.yaml in `/Users/tius/Documents/Data Tius/Projeksi-bisnis/dataconnect`
 {"metadata":{"emulator":{"name":"dataconnect"},"message":"E0515 19:32:22.853656   83597 watch.go:40] Failed to load config from \"/Users/tius/Documents/Data Tius/Projeksi-bisnis/dataconnect\": could not find dataconnect.yaml in `/Users/tius/Documents/Data Tius/Projeksi-bisnis/dataconnect`\n"}}
[debug] [2026-05-15T12:32:32.868Z] E0515 19:32:32.868033   83597 watch.go:40] Failed to load config from "/Users/tius/Documents/Data Tius/Projeksi-bisnis/dataconnect": could not find dataconnect.yaml in `/Users/tius/Documents/Data Tius/Projeksi-bisnis/dataconnect`
 {"metadata":{"emulator":{"name":"dataconnect"},"message":"E0515 19:32:32.868033   83597 watch.go:40] Failed to load config from \"/Users/tius/Documents/Data Tius/Projeksi-bisnis/dataconnect\": could not find dataconnect.yaml in `/Users/tius/Documents/Data Tius/Projeksi-bisnis/dataconnect`\n"}}
[debug] [2026-05-15T12:32:42.853Z] E0515 19:32:42.853406   83597 watch.go:40] Failed to load config from "/Users/tius/Documents/Data Tius/Projeksi-bisnis/dataconnect": could not find dataconnect.yaml in `/Users/tius/Documents/Data Tius/Projeksi-bisnis/dataconnect`
 {"metadata":{"emulator":{"name":"dataconnect"},"message":"E0515 19:32:42.853406   83597 watch.go:40] Failed to load config from \"/Users/tius/Documents/Data Tius/Projeksi-bisnis/dataconnect\": could not find dataconnect.yaml in `/Users/tius/Documents/Data Tius/Projeksi-bisnis/dataconnect`\n"}}
[debug] [2026-05-15T12:32:52.856Z] E0515 19:32:52.850110   83597 watch.go:40] Failed to load config from "/Users/tius/Documents/Data Tius/Projeksi-bisnis/dataconnect": could not find dataconnect.yaml in `/Users/tius/Documents/Data Tius/Projeksi-bisnis/dataconnect`
 {"metadata":{"emulator":{"name":"dataconnect"},"message":"E0515 19:32:52.850110   83597 watch.go:40] Failed to load config from \"/Users/tius/Documents/Data Tius/Projeksi-bisnis/dataconnect\": could not find dataconnect.yaml in `/Users/tius/Documents/Data Tius/Projeksi-bisnis/dataconnect`\n"}}
[debug] [2026-05-15T12:33:02.904Z] E0515 19:33:02.900225   83597 watch.go:116] watchAllDir unable to walk dir `/Users/tius/Documents/Data Tius/Projeksi-bisnis/dataconnect`: lstat /Users/tius/Documents/Data Tius/Projeksi-bisnis/dataconnect: no such file or directory
 {"metadata":{"emulator":{"name":"dataconnect"},"message":"E0515 19:33:02.900225   83597 watch.go:116] watchAllDir unable to walk dir `/Users/tius/Documents/Data Tius/Projeksi-bisnis/dataconnect`: lstat /Users/tius/Documents/Data Tius/Projeksi-bisnis/dataconnect: no such file or directory\n"}}
[debug] [2026-05-15T12:33:02.908Z] E0515 19:33:02.907800   83597 watch.go:40] Failed to load config from "/Users/tius/Documents/Data Tius/Projeksi-bisnis/dataconnect": could not find dataconnect.yaml in `/Users/tius/Documents/Data Tius/Projeksi-bisnis/dataconnect`
 {"metadata":{"emulator":{"name":"dataconnect"},"message":"E0515 19:33:02.907800   83597 watch.go:40] Failed to load config from \"/Users/tius/Documents/Data Tius/Projeksi-bisnis/dataconnect\": could not find dataconnect.yaml in `/Users/tius/Documents/Data Tius/Projeksi-bisnis/dataconnect`\n"}}
[debug] [2026-05-15T12:33:12.852Z] E0515 19:33:12.851498   83597 watch.go:40] Failed to load config from "/Users/tius/Documents/Data Tius/Projeksi-bisnis/dataconnect": could not find dataconnect.yaml in `/Users/tius/Documents/Data Tius/Projeksi-bisnis/dataconnect`
 {"metadata":{"emulator":{"name":"dataconnect"},"message":"E0515 19:33:12.851498   83597 watch.go:40] Failed to load config from \"/Users/tius/Documents/Data Tius/Projeksi-bisnis/dataconnect\": could not find dataconnect.yaml in `/Users/tius/Documents/Data Tius/Projeksi-bisnis/dataconnect`\n"}}
[debug] [2026-05-15T12:33:22.851Z] E0515 19:33:22.850715   83597 watch.go:40] Failed to load config from "/Users/tius/Documents/Data Tius/Projeksi-bisnis/dataconnect": could not find dataconnect.yaml in `/Users/tius/Documents/Data Tius/Projeksi-bisnis/dataconnect`
 {"metadata":{"emulator":{"name":"dataconnect"},"message":"E0515 19:33:22.850715   83597 watch.go:40] Failed to load config from \"/Users/tius/Documents/Data Tius/Projeksi-bisnis/dataconnect\": could not find dataconnect.yaml in `/Users/tius/Documents/Data Tius/Projeksi-bisnis/dataconnect`\n"}}
[debug] [2026-05-15T12:33:32.851Z] E0515 19:33:32.850611   83597 watch.go:40] Failed to load config from "/Users/tius/Documents/Data Tius/Projeksi-bisnis/dataconnect": could not find dataconnect.yaml in `/Users/tius/Documents/Data Tius/Projeksi-bisnis/dataconnect`
 {"metadata":{"emulator":{"name":"dataconnect"},"message":"E0515 19:33:32.850611   83597 watch.go:40] Failed to load config from \"/Users/tius/Documents/Data Tius/Projeksi-bisnis/dataconnect\": could not find dataconnect.yaml in `/Users/tius/Documents/Data Tius/Projeksi-bisnis/dataconnect`\n"}}
[debug] [2026-05-15T12:33:42.849Z] E0515 19:33:42.849729   83597 watch.go:40] Failed to load config from "/Users/tius/Documents/Data Tius/Projeksi-bisnis/dataconnect": could not find dataconnect.yaml in `/Users/tius/Documents/Data Tius/Projeksi-bisnis/dataconnect`
 {"metadata":{"emulator":{"name":"dataconnect"},"message":"E0515 19:33:42.849729   83597 watch.go:40] Failed to load config from \"/Users/tius/Documents/Data Tius/Projeksi-bisnis/dataconnect\": could not find dataconnect.yaml in `/Users/tius/Documents/Data Tius/Projeksi-bisnis/dataconnect`\n"}}
[debug] [2026-05-15T12:33:54.070Z] E0515 19:33:52.850341   83597 watch.go:40] Failed to load config from "/Users/tius/Documents/Data Tius/Projeksi-bisnis/dataconnect": could not find dataconnect.yaml in `/Users/tius/Documents/Data Tius/Projeksi-bisnis/dataconnect`
 {"metadata":{"emulator":{"name":"dataconnect"},"message":"E0515 19:33:52.850341   83597 watch.go:40] Failed to load config from \"/Users/tius/Documents/Data Tius/Projeksi-bisnis/dataconnect\": could not find dataconnect.yaml in `/Users/tius/Documents/Data Tius/Projeksi-bisnis/dataconnect`\n"}}
[debug] [2026-05-15T12:34:02.940Z] E0515 19:34:02.918766   83597 watch.go:116] watchAllDir unable to walk dir `/Users/tius/Documents/Data Tius/Projeksi-bisnis/dataconnect`: lstat /Users/tius/Documents/Data Tius/Projeksi-bisnis/dataconnect: no such file or directory
E0515 19:34:02.936969   83597 watch.go:40] Failed to load config from "/Users/tius/Documents/Data Tius/Projeksi-bisnis/dataconnect": could not find dataconnect.yaml in `/Users/tius/Documents/Data Tius/Projeksi-bisnis/dataconnect`
 {"metadata":{"emulator":{"name":"dataconnect"},"message":"E0515 19:34:02.918766   83597 watch.go:116] watchAllDir unable to walk dir `/Users/tius/Documents/Data Tius/Projeksi-bisnis/dataconnect`: lstat /Users/tius/Documents/Data Tius/Projeksi-bisnis/dataconnect: no such file or directory\nE0515 19:34:02.936969   83597 watch.go:40] Failed to load config from \"/Users/tius/Documents/Data Tius/Projeksi-bisnis/dataconnect\": could not find dataconnect.yaml in `/Users/tius/Documents/Data Tius/Projeksi-bisnis/dataconnect`\n"}}
[debug] [2026-05-15T12:34:13.221Z] E0515 19:34:12.850110   83597 watch.go:40] Failed to load config from "/Users/tius/Documents/Data Tius/Projeksi-bisnis/dataconnect": could not find dataconnect.yaml in `/Users/tius/Documents/Data Tius/Projeksi-bisnis/dataconnect`
 {"metadata":{"emulator":{"name":"dataconnect"},"message":"E0515 19:34:12.850110   83597 watch.go:40] Failed to load config from \"/Users/tius/Documents/Data Tius/Projeksi-bisnis/dataconnect\": could not find dataconnect.yaml in `/Users/tius/Documents/Data Tius/Projeksi-bisnis/dataconnect`\n"}}
[debug] [2026-05-15T12:34:22.850Z] E0515 19:34:22.850127   83597 watch.go:40] Failed to load config from "/Users/tius/Documents/Data Tius/Projeksi-bisnis/dataconnect": could not find dataconnect.yaml in `/Users/tius/Documents/Data Tius/Projeksi-bisnis/dataconnect`
 {"metadata":{"emulator":{"name":"dataconnect"},"message":"E0515 19:34:22.850127   83597 watch.go:40] Failed to load config from \"/Users/tius/Documents/Data Tius/Projeksi-bisnis/dataconnect\": could not find dataconnect.yaml in `/Users/tius/Documents/Data Tius/Projeksi-bisnis/dataconnect`\n"}}
[debug] [2026-05-15T12:34:32.880Z] E0515 19:34:32.879940   83597 watch.go:40] Failed to load config from "/Users/tius/Documents/Data Tius/Projeksi-bisnis/dataconnect": could not find dataconnect.yaml in `/Users/tius/Documents/Data Tius/Projeksi-bisnis/dataconnect`
 {"metadata":{"emulator":{"name":"dataconnect"},"message":"E0515 19:34:32.879940   83597 watch.go:40] Failed to load config from \"/Users/tius/Documents/Data Tius/Projeksi-bisnis/dataconnect\": could not find dataconnect.yaml in `/Users/tius/Documents/Data Tius/Projeksi-bisnis/dataconnect`\n"}}
[debug] [2026-05-15T12:34:42.853Z] E0515 19:34:42.852955   83597 watch.go:40] Failed to load config from "/Users/tius/Documents/Data Tius/Projeksi-bisnis/dataconnect": could not find dataconnect.yaml in `/Users/tius/Documents/Data Tius/Projeksi-bisnis/dataconnect`
 {"metadata":{"emulator":{"name":"dataconnect"},"message":"E0515 19:34:42.852955   83597 watch.go:40] Failed to load config from \"/Users/tius/Documents/Data Tius/Projeksi-bisnis/dataconnect\": could not find dataconnect.yaml in `/Users/tius/Documents/Data Tius/Projeksi-bisnis/dataconnect`\n"}}
[debug] [2026-05-15T12:35:02.758Z] E0515 19:34:52.859625   83597 watch.go:40] Failed to load config from "/Users/tius/Documents/Data Tius/Projeksi-bisnis/dataconnect": could not find dataconnect.yaml in `/Users/tius/Documents/Data Tius/Projeksi-bisnis/dataconnect`
 {"metadata":{"emulator":{"name":"dataconnect"},"message":"E0515 19:34:52.859625   83597 watch.go:40] Failed to load config from \"/Users/tius/Documents/Data Tius/Projeksi-bisnis/dataconnect\": could not find dataconnect.yaml in `/Users/tius/Documents/Data Tius/Projeksi-bisnis/dataconnect`\n"}}
[debug] [2026-05-15T12:35:02.895Z] E0515 19:35:02.850697   83597 watch.go:116] watchAllDir unable to walk dir `/Users/tius/Documents/Data Tius/Projeksi-bisnis/dataconnect`: lstat /Users/tius/Documents/Data Tius/Projeksi-bisnis/dataconnect: no such file or directory
E0515 19:35:02.850888   83597 watch.go:40] Failed to load config from "/Users/tius/Documents/Data Tius/Projeksi-bisnis/dataconnect": could not find dataconnect.yaml in `/Users/tius/Documents/Data Tius/Projeksi-bisnis/dataconnect`
 {"metadata":{"emulator":{"name":"dataconnect"},"message":"E0515 19:35:02.850697   83597 watch.go:116] watchAllDir unable to walk dir `/Users/tius/Documents/Data Tius/Projeksi-bisnis/dataconnect`: lstat /Users/tius/Documents/Data Tius/Projeksi-bisnis/dataconnect: no such file or directory\nE0515 19:35:02.850888   83597 watch.go:40] Failed to load config from \"/Users/tius/Documents/Data Tius/Projeksi-bisnis/dataconnect\": could not find dataconnect.yaml in `/Users/tius/Documents/Data Tius/Projeksi-bisnis/dataconnect`\n"}}
[debug] [2026-05-15T12:35:12.850Z] E0515 19:35:12.849837   83597 watch.go:40] Failed to load config from "/Users/tius/Documents/Data Tius/Projeksi-bisnis/dataconnect": could not find dataconnect.yaml in `/Users/tius/Documents/Data Tius/Projeksi-bisnis/dataconnect`
 {"metadata":{"emulator":{"name":"dataconnect"},"message":"E0515 19:35:12.849837   83597 watch.go:40] Failed to load config from \"/Users/tius/Documents/Data Tius/Projeksi-bisnis/dataconnect\": could not find dataconnect.yaml in `/Users/tius/Documents/Data Tius/Projeksi-bisnis/dataconnect`\n"}}
[debug] [2026-05-15T12:35:22.850Z] E0515 19:35:22.850477   83597 watch.go:40] Failed to load config from "/Users/tius/Documents/Data Tius/Projeksi-bisnis/dataconnect": could not find dataconnect.yaml in `/Users/tius/Documents/Data Tius/Projeksi-bisnis/dataconnect`
 {"metadata":{"emulator":{"name":"dataconnect"},"message":"E0515 19:35:22.850477   83597 watch.go:40] Failed to load config from \"/Users/tius/Documents/Data Tius/Projeksi-bisnis/dataconnect\": could not find dataconnect.yaml in `/Users/tius/Documents/Data Tius/Projeksi-bisnis/dataconnect`\n"}}
[debug] [2026-05-15T12:35:32.850Z] E0515 19:35:32.849957   83597 watch.go:40] Failed to load config from "/Users/tius/Documents/Data Tius/Projeksi-bisnis/dataconnect": could not find dataconnect.yaml in `/Users/tius/Documents/Data Tius/Projeksi-bisnis/dataconnect`
 {"metadata":{"emulator":{"name":"dataconnect"},"message":"E0515 19:35:32.849957   83597 watch.go:40] Failed to load config from \"/Users/tius/Documents/Data Tius/Projeksi-bisnis/dataconnect\": could not find dataconnect.yaml in `/Users/tius/Documents/Data Tius/Projeksi-bisnis/dataconnect`\n"}}
[debug] [2026-05-15T12:35:42.851Z] E0515 19:35:42.850903   83597 watch.go:40] Failed to load config from "/Users/tius/Documents/Data Tius/Projeksi-bisnis/dataconnect": could not find dataconnect.yaml in `/Users/tius/Documents/Data Tius/Projeksi-bisnis/dataconnect`
 {"metadata":{"emulator":{"name":"dataconnect"},"message":"E0515 19:35:42.850903   83597 watch.go:40] Failed to load config from \"/Users/tius/Documents/Data Tius/Projeksi-bisnis/dataconnect\": could not find dataconnect.yaml in `/Users/tius/Documents/Data Tius/Projeksi-bisnis/dataconnect`\n"}}
[debug] [2026-05-15T12:35:53.210Z] E0515 19:35:52.851131   83597 watch.go:40] Failed to load config from "/Users/tius/Documents/Data Tius/Projeksi-bisnis/dataconnect": could not find dataconnect.yaml in `/Users/tius/Documents/Data Tius/Projeksi-bisnis/dataconnect`
 {"metadata":{"emulator":{"name":"dataconnect"},"message":"E0515 19:35:52.851131   83597 watch.go:40] Failed to load config from \"/Users/tius/Documents/Data Tius/Projeksi-bisnis/dataconnect\": could not find dataconnect.yaml in `/Users/tius/Documents/Data Tius/Projeksi-bisnis/dataconnect`\n"}}
[debug] [2026-05-15T12:36:03.139Z] E0515 19:36:02.852599   83597 watch.go:116] watchAllDir unable to walk dir `/Users/tius/Documents/Data Tius/Projeksi-bisnis/dataconnect`: lstat /Users/tius/Documents/Data Tius/Projeksi-bisnis/dataconnect: no such file or directory
E0515 19:36:02.852999   83597 watch.go:40] Failed to load config from "/Users/tius/Documents/Data Tius/Projeksi-bisnis/dataconnect": could not find dataconnect.yaml in `/Users/tius/Documents/Data Tius/Projeksi-bisnis/dataconnect`
 {"metadata":{"emulator":{"name":"dataconnect"},"message":"E0515 19:36:02.852599   83597 watch.go:116] watchAllDir unable to walk dir `/Users/tius/Documents/Data Tius/Projeksi-bisnis/dataconnect`: lstat /Users/tius/Documents/Data Tius/Projeksi-bisnis/dataconnect: no such file or directory\nE0515 19:36:02.852999   83597 watch.go:40] Failed to load config from \"/Users/tius/Documents/Data Tius/Projeksi-bisnis/dataconnect\": could not find dataconnect.yaml in `/Users/tius/Documents/Data Tius/Projeksi-bisnis/dataconnect`\n"}}
[debug] [2026-05-15T12:36:12.850Z] E0515 19:36:12.850210   83597 watch.go:40] Failed to load config from "/Users/tius/Documents/Data Tius/Projeksi-bisnis/dataconnect": could not find dataconnect.yaml in `/Users/tius/Documents/Data Tius/Projeksi-bisnis/dataconnect`
 {"metadata":{"emulator":{"name":"dataconnect"},"message":"E0515 19:36:12.850210   83597 watch.go:40] Failed to load config from \"/Users/tius/Documents/Data Tius/Projeksi-bisnis/dataconnect\": could not find dataconnect.yaml in `/Users/tius/Documents/Data Tius/Projeksi-bisnis/dataconnect`\n"}}
[debug] [2026-05-15T12:36:22.851Z] E0515 19:36:22.851000   83597 watch.go:40] Failed to load config from "/Users/tius/Documents/Data Tius/Projeksi-bisnis/dataconnect": could not find dataconnect.yaml in `/Users/tius/Documents/Data Tius/Projeksi-bisnis/dataconnect`
 {"metadata":{"emulator":{"name":"dataconnect"},"message":"E0515 19:36:22.851000   83597 watch.go:40] Failed to load config from \"/Users/tius/Documents/Data Tius/Projeksi-bisnis/dataconnect\": could not find dataconnect.yaml in `/Users/tius/Documents/Data Tius/Projeksi-bisnis/dataconnect`\n"}}
[debug] [2026-05-15T12:36:32.851Z] E0515 19:36:32.850934   83597 watch.go:40] Failed to load config from "/Users/tius/Documents/Data Tius/Projeksi-bisnis/dataconnect": could not find dataconnect.yaml in `/Users/tius/Documents/Data Tius/Projeksi-bisnis/dataconnect`
 {"metadata":{"emulator":{"name":"dataconnect"},"message":"E0515 19:36:32.850934   83597 watch.go:40] Failed to load config from \"/Users/tius/Documents/Data Tius/Projeksi-bisnis/dataconnect\": could not find dataconnect.yaml in `/Users/tius/Documents/Data Tius/Projeksi-bisnis/dataconnect`\n"}}
[debug] [2026-05-15T12:36:42.865Z] E0515 19:36:42.853930   83597 watch.go:40] Failed to load config from "/Users/tius/Documents/Data Tius/Projeksi-bisnis/dataconnect": could not find dataconnect.yaml in `/Users/tius/Documents/Data Tius/Projeksi-bisnis/dataconnect`
 {"metadata":{"emulator":{"name":"dataconnect"},"message":"E0515 19:36:42.853930   83597 watch.go:40] Failed to load config from \"/Users/tius/Documents/Data Tius/Projeksi-bisnis/dataconnect\": could not find dataconnect.yaml in `/Users/tius/Documents/Data Tius/Projeksi-bisnis/dataconnect`\n"}}
[debug] [2026-05-15T12:36:52.853Z] E0515 19:36:52.852185   83597 watch.go:40] Failed to load config from "/Users/tius/Documents/Data Tius/Projeksi-bisnis/dataconnect": could not find dataconnect.yaml in `/Users/tius/Documents/Data Tius/Projeksi-bisnis/dataconnect`
 {"metadata":{"emulator":{"name":"dataconnect"},"message":"E0515 19:36:52.852185   83597 watch.go:40] Failed to load config from \"/Users/tius/Documents/Data Tius/Projeksi-bisnis/dataconnect\": could not find dataconnect.yaml in `/Users/tius/Documents/Data Tius/Projeksi-bisnis/dataconnect`\n"}}
[debug] [2026-05-15T12:37:02.851Z] E0515 19:37:02.850771   83597 watch.go:116] watchAllDir unable to walk dir `/Users/tius/Documents/Data Tius/Projeksi-bisnis/dataconnect`: lstat /Users/tius/Documents/Data Tius/Projeksi-bisnis/dataconnect: no such file or directory
E0515 19:37:02.850871   83597 watch.go:40] Failed to load config from "/Users/tius/Documents/Data Tius/Projeksi-bisnis/dataconnect": could not find dataconnect.yaml in `/Users/tius/Documents/Data Tius/Projeksi-bisnis/dataconnect`
 {"metadata":{"emulator":{"name":"dataconnect"},"message":"E0515 19:37:02.850771   83597 watch.go:116] watchAllDir unable to walk dir `/Users/tius/Documents/Data Tius/Projeksi-bisnis/dataconnect`: lstat /Users/tius/Documents/Data Tius/Projeksi-bisnis/dataconnect: no such file or directory\nE0515 19:37:02.850871   83597 watch.go:40] Failed to load config from \"/Users/tius/Documents/Data Tius/Projeksi-bisnis/dataconnect\": could not find dataconnect.yaml in `/Users/tius/Documents/Data Tius/Projeksi-bisnis/dataconnect`\n"}}
[debug] [2026-05-15T12:37:12.851Z] E0515 19:37:12.849957   83597 watch.go:40] Failed to load config from "/Users/tius/Documents/Data Tius/Projeksi-bisnis/dataconnect": could not find dataconnect.yaml in `/Users/tius/Documents/Data Tius/Projeksi-bisnis/dataconnect`
 {"metadata":{"emulator":{"name":"dataconnect"},"message":"E0515 19:37:12.849957   83597 watch.go:40] Failed to load config from \"/Users/tius/Documents/Data Tius/Projeksi-bisnis/dataconnect\": could not find dataconnect.yaml in `/Users/tius/Documents/Data Tius/Projeksi-bisnis/dataconnect`\n"}}
[debug] [2026-05-15T12:37:22.854Z] E0515 19:37:22.851240   83597 watch.go:40] Failed to load config from "/Users/tius/Documents/Data Tius/Projeksi-bisnis/dataconnect": could not find dataconnect.yaml in `/Users/tius/Documents/Data Tius/Projeksi-bisnis/dataconnect`
 {"metadata":{"emulator":{"name":"dataconnect"},"message":"E0515 19:37:22.851240   83597 watch.go:40] Failed to load config from \"/Users/tius/Documents/Data Tius/Projeksi-bisnis/dataconnect\": could not find dataconnect.yaml in `/Users/tius/Documents/Data Tius/Projeksi-bisnis/dataconnect`\n"}}
[debug] [2026-05-15T12:37:32.851Z] E0515 19:37:32.850991   83597 watch.go:40] Failed to load config from "/Users/tius/Documents/Data Tius/Projeksi-bisnis/dataconnect": could not find dataconnect.yaml in `/Users/tius/Documents/Data Tius/Projeksi-bisnis/dataconnect`
 {"metadata":{"emulator":{"name":"dataconnect"},"message":"E0515 19:37:32.850991   83597 watch.go:40] Failed to load config from \"/Users/tius/Documents/Data Tius/Projeksi-bisnis/dataconnect\": could not find dataconnect.yaml in `/Users/tius/Documents/Data Tius/Projeksi-bisnis/dataconnect`\n"}}
[debug] [2026-05-15T12:37:42.916Z] E0515 19:37:42.912230   83597 watch.go:40] Failed to load config from "/Users/tius/Documents/Data Tius/Projeksi-bisnis/dataconnect": could not find dataconnect.yaml in `/Users/tius/Documents/Data Tius/Projeksi-bisnis/dataconnect`
 {"metadata":{"emulator":{"name":"dataconnect"},"message":"E0515 19:37:42.912230   83597 watch.go:40] Failed to load config from \"/Users/tius/Documents/Data Tius/Projeksi-bisnis/dataconnect\": could not find dataconnect.yaml in `/Users/tius/Documents/Data Tius/Projeksi-bisnis/dataconnect`\n"}}
[debug] [2026-05-15T12:37:52.850Z] E0515 19:37:52.850017   83597 watch.go:40] Failed to load config from "/Users/tius/Documents/Data Tius/Projeksi-bisnis/dataconnect": could not find dataconnect.yaml in `/Users/tius/Documents/Data Tius/Projeksi-bisnis/dataconnect`
 {"metadata":{"emulator":{"name":"dataconnect"},"message":"E0515 19:37:52.850017   83597 watch.go:40] Failed to load config from \"/Users/tius/Documents/Data Tius/Projeksi-bisnis/dataconnect\": could not find dataconnect.yaml in `/Users/tius/Documents/Data Tius/Projeksi-bisnis/dataconnect`\n"}}
[debug] [2026-05-15T12:37:54.992Z] [Firebase Plugin] Value of process.env.MONOSPACE_ENV: undefined
[debug] [2026-05-15T12:37:54.994Z] [Firebase Plugin] requireAuthWrapper
[debug] [2026-05-15T12:37:55.005Z] > command requires scopes: ["email","openid","https://www.googleapis.com/auth/cloudplatformprojects.readonly","https://www.googleapis.com/auth/firebase","https://www.googleapis.com/auth/cloud-platform"]
[debug] [2026-05-15T12:37:55.007Z] > authorizing via signed-in user (ramalanchiamsi@gmail.com)
[debug] [2026-05-15T12:37:55.009Z] Checked if tokens are valid: false, expires at: 1778845292032
[debug] [2026-05-15T12:37:55.009Z] Checked if tokens are valid: false, expires at: 1778845292032
[debug] [2026-05-15T12:37:55.009Z] > refreshing access token with scopes: []
[debug] [2026-05-15T12:37:55.018Z] >>> [apiv2][query] POST https://www.googleapis.com/oauth2/v3/token [none]
[debug] [2026-05-15T12:37:55.019Z] >>> [apiv2][body] POST https://www.googleapis.com/oauth2/v3/token [omitted]
[debug] [2026-05-15T12:37:55.128Z] [Firebase Plugin] Value of process.env.MONOSPACE_ENV: undefined
[debug] [2026-05-15T12:37:55.130Z] [Firebase Plugin] requireAuthWrapper
[debug] [2026-05-15T12:37:55.131Z] > command requires scopes: ["email","openid","https://www.googleapis.com/auth/cloudplatformprojects.readonly","https://www.googleapis.com/auth/firebase","https://www.googleapis.com/auth/cloud-platform"]
[debug] [2026-05-15T12:37:55.133Z] > authorizing via signed-in user (ramalanchiamsi@gmail.com)
[debug] [2026-05-15T12:37:55.144Z] Checked if tokens are valid: false, expires at: 1778845292032
[debug] [2026-05-15T12:37:55.145Z] Checked if tokens are valid: false, expires at: 1778845292032
[debug] [2026-05-15T12:37:55.146Z] > refreshing access token with scopes: []
[debug] [2026-05-15T12:37:55.191Z] >>> [apiv2][query] POST https://www.googleapis.com/oauth2/v3/token [none]
[debug] [2026-05-15T12:37:55.192Z] >>> [apiv2][body] POST https://www.googleapis.com/oauth2/v3/token [omitted]
[debug] [2026-05-15T12:37:56.397Z] <<< [apiv2][status] POST https://www.googleapis.com/oauth2/v3/token 200
[debug] [2026-05-15T12:37:56.397Z] <<< [apiv2][body] POST https://www.googleapis.com/oauth2/v3/token [omitted]
[debug] [2026-05-15T12:37:56.451Z] [Firebase Plugin] User found:  ramalanchiamsi@gmail.com
[info] [Firebase Plugin] (Core:Project) New user detected, fetching projects
[debug] [2026-05-15T12:37:56.455Z] Checked if tokens are valid: true, expires at: 1778852275398
[debug] [2026-05-15T12:37:56.460Z] >>> [apiv2][query] GET https://firebase.googleapis.com/v1beta1/projects pageSize=1000
[debug] [2026-05-15T12:37:56.563Z] <<< [apiv2][status] POST https://www.googleapis.com/oauth2/v3/token 200
[debug] [2026-05-15T12:37:56.575Z] <<< [apiv2][body] POST https://www.googleapis.com/oauth2/v3/token [omitted]
[debug] [2026-05-15T12:37:56.732Z] [Firebase Plugin] User found:  ramalanchiamsi@gmail.com
[info] [Firebase Plugin] (Core:Project) New user detected, fetching projects
[debug] [2026-05-15T12:37:56.743Z] Checked if tokens are valid: true, expires at: 1778852275578
[debug] [2026-05-15T12:37:56.749Z] >>> [apiv2][query] GET https://firebase.googleapis.com/v1beta1/projects pageSize=1000
[debug] [2026-05-15T12:38:00.349Z] <<< [apiv2][status] GET https://firebase.googleapis.com/v1beta1/projects 200
[debug] [2026-05-15T12:38:00.350Z] <<< [apiv2][body] GET https://firebase.googleapis.com/v1beta1/projects [omitted]
[debug] [2026-05-15T12:38:00.683Z] <<< [apiv2][status] GET https://firebase.googleapis.com/v1beta1/projects 200
[debug] [2026-05-15T12:38:00.684Z] <<< [apiv2][body] GET https://firebase.googleapis.com/v1beta1/projects [omitted]
[debug] [2026-05-15T12:38:02.850Z] E0515 19:38:02.850289   83597 watch.go:116] watchAllDir unable to walk dir `/Users/tius/Documents/Data Tius/Projeksi-bisnis/dataconnect`: lstat /Users/tius/Documents/Data Tius/Projeksi-bisnis/dataconnect: no such file or directory
 {"metadata":{"emulator":{"name":"dataconnect"},"message":"E0515 19:38:02.850289   83597 watch.go:116] watchAllDir unable to walk dir `/Users/tius/Documents/Data Tius/Projeksi-bisnis/dataconnect`: lstat /Users/tius/Documents/Data Tius/Projeksi-bisnis/dataconnect: no such file or directory\n"}}
[debug] [2026-05-15T12:38:02.851Z] E0515 19:38:02.850506   83597 watch.go:40] Failed to load config from "/Users/tius/Documents/Data Tius/Projeksi-bisnis/dataconnect": could not find dataconnect.yaml in `/Users/tius/Documents/Data Tius/Projeksi-bisnis/dataconnect`
 {"metadata":{"emulator":{"name":"dataconnect"},"message":"E0515 19:38:02.850506   83597 watch.go:40] Failed to load config from \"/Users/tius/Documents/Data Tius/Projeksi-bisnis/dataconnect\": could not find dataconnect.yaml in `/Users/tius/Documents/Data Tius/Projeksi-bisnis/dataconnect`\n"}}
[debug] [2026-05-15T12:38:12.850Z] E0515 19:38:12.850041   83597 watch.go:40] Failed to load config from "/Users/tius/Documents/Data Tius/Projeksi-bisnis/dataconnect": could not find dataconnect.yaml in `/Users/tius/Documents/Data Tius/Projeksi-bisnis/dataconnect`
 {"metadata":{"emulator":{"name":"dataconnect"},"message":"E0515 19:38:12.850041   83597 watch.go:40] Failed to load config from \"/Users/tius/Documents/Data Tius/Projeksi-bisnis/dataconnect\": could not find dataconnect.yaml in `/Users/tius/Documents/Data Tius/Projeksi-bisnis/dataconnect`\n"}}
[debug] [2026-05-15T12:38:22.860Z] E0515 19:38:22.851726   83597 watch.go:40] Failed to load config from "/Users/tius/Documents/Data Tius/Projeksi-bisnis/dataconnect": could not find dataconnect.yaml in `/Users/tius/Documents/Data Tius/Projeksi-bisnis/dataconnect`
 {"metadata":{"emulator":{"name":"dataconnect"},"message":"E0515 19:38:22.851726   83597 watch.go:40] Failed to load config from \"/Users/tius/Documents/Data Tius/Projeksi-bisnis/dataconnect\": could not find dataconnect.yaml in `/Users/tius/Documents/Data Tius/Projeksi-bisnis/dataconnect`\n"}}
[debug] [2026-05-15T12:38:32.907Z] E0515 19:38:32.906571   83597 watch.go:40] Failed to load config from "/Users/tius/Documents/Data Tius/Projeksi-bisnis/dataconnect": could not find dataconnect.yaml in `/Users/tius/Documents/Data Tius/Projeksi-bisnis/dataconnect`
 {"metadata":{"emulator":{"name":"dataconnect"},"message":"E0515 19:38:32.906571   83597 watch.go:40] Failed to load config from \"/Users/tius/Documents/Data Tius/Projeksi-bisnis/dataconnect\": could not find dataconnect.yaml in `/Users/tius/Documents/Data Tius/Projeksi-bisnis/dataconnect`\n"}}
[debug] [2026-05-15T12:38:42.878Z] E0515 19:38:42.850138   83597 watch.go:40] Failed to load config from "/Users/tius/Documents/Data Tius/Projeksi-bisnis/dataconnect": could not find dataconnect.yaml in `/Users/tius/Documents/Data Tius/Projeksi-bisnis/dataconnect`
 {"metadata":{"emulator":{"name":"dataconnect"},"message":"E0515 19:38:42.850138   83597 watch.go:40] Failed to load config from \"/Users/tius/Documents/Data Tius/Projeksi-bisnis/dataconnect\": could not find dataconnect.yaml in `/Users/tius/Documents/Data Tius/Projeksi-bisnis/dataconnect`\n"}}
[debug] [2026-05-15T12:38:52.952Z] E0515 19:38:52.851185   83597 watch.go:40] Failed to load config from "/Users/tius/Documents/Data Tius/Projeksi-bisnis/dataconnect": could not find dataconnect.yaml in `/Users/tius/Documents/Data Tius/Projeksi-bisnis/dataconnect`
 {"metadata":{"emulator":{"name":"dataconnect"},"message":"E0515 19:38:52.851185   83597 watch.go:40] Failed to load config from \"/Users/tius/Documents/Data Tius/Projeksi-bisnis/dataconnect\": could not find dataconnect.yaml in `/Users/tius/Documents/Data Tius/Projeksi-bisnis/dataconnect`\n"}}
[debug] [2026-05-15T12:39:02.850Z] E0515 19:39:02.850461   83597 watch.go:116] watchAllDir unable to walk dir `/Users/tius/Documents/Data Tius/Projeksi-bisnis/dataconnect`: lstat /Users/tius/Documents/Data Tius/Projeksi-bisnis/dataconnect: no such file or directory
 {"metadata":{"emulator":{"name":"dataconnect"},"message":"E0515 19:39:02.850461   83597 watch.go:116] watchAllDir unable to walk dir `/Users/tius/Documents/Data Tius/Projeksi-bisnis/dataconnect`: lstat /Users/tius/Documents/Data Tius/Projeksi-bisnis/dataconnect: no such file or directory\n"}}
[debug] [2026-05-15T12:39:02.852Z] E0515 19:39:02.850531   83597 watch.go:40] Failed to load config from "/Users/tius/Documents/Data Tius/Projeksi-bisnis/dataconnect": could not find dataconnect.yaml in `/Users/tius/Documents/Data Tius/Projeksi-bisnis/dataconnect`
 {"metadata":{"emulator":{"name":"dataconnect"},"message":"E0515 19:39:02.850531   83597 watch.go:40] Failed to load config from \"/Users/tius/Documents/Data Tius/Projeksi-bisnis/dataconnect\": could not find dataconnect.yaml in `/Users/tius/Documents/Data Tius/Projeksi-bisnis/dataconnect`\n"}}
[debug] [2026-05-15T12:39:12.851Z] E0515 19:39:12.851239   83597 watch.go:40] Failed to load config from "/Users/tius/Documents/Data Tius/Projeksi-bisnis/dataconnect": could not find dataconnect.yaml in `/Users/tius/Documents/Data Tius/Projeksi-bisnis/dataconnect`
 {"metadata":{"emulator":{"name":"dataconnect"},"message":"E0515 19:39:12.851239   83597 watch.go:40] Failed to load config from \"/Users/tius/Documents/Data Tius/Projeksi-bisnis/dataconnect\": could not find dataconnect.yaml in `/Users/tius/Documents/Data Tius/Projeksi-bisnis/dataconnect`\n"}}
[debug] [2026-05-15T12:39:22.851Z] E0515 19:39:22.850898   83597 watch.go:40] Failed to load config from "/Users/tius/Documents/Data Tius/Projeksi-bisnis/dataconnect": could not find dataconnect.yaml in `/Users/tius/Documents/Data Tius/Projeksi-bisnis/dataconnect`
 {"metadata":{"emulator":{"name":"dataconnect"},"message":"E0515 19:39:22.850898   83597 watch.go:40] Failed to load config from \"/Users/tius/Documents/Data Tius/Projeksi-bisnis/dataconnect\": could not find dataconnect.yaml in `/Users/tius/Documents/Data Tius/Projeksi-bisnis/dataconnect`\n"}}
[debug] [2026-05-15T12:39:32.851Z] E0515 19:39:32.850784   83597 watch.go:40] Failed to load config from "/Users/tius/Documents/Data Tius/Projeksi-bisnis/dataconnect": could not find dataconnect.yaml in `/Users/tius/Documents/Data Tius/Projeksi-bisnis/dataconnect`
 {"metadata":{"emulator":{"name":"dataconnect"},"message":"E0515 19:39:32.850784   83597 watch.go:40] Failed to load config from \"/Users/tius/Documents/Data Tius/Projeksi-bisnis/dataconnect\": could not find dataconnect.yaml in `/Users/tius/Documents/Data Tius/Projeksi-bisnis/dataconnect`\n"}}
[debug] [2026-05-15T12:39:42.851Z] E0515 19:39:42.851055   83597 watch.go:40] Failed to load config from "/Users/tius/Documents/Data Tius/Projeksi-bisnis/dataconnect": could not find dataconnect.yaml in `/Users/tius/Documents/Data Tius/Projeksi-bisnis/dataconnect`
 {"metadata":{"emulator":{"name":"dataconnect"},"message":"E0515 19:39:42.851055   83597 watch.go:40] Failed to load config from \"/Users/tius/Documents/Data Tius/Projeksi-bisnis/dataconnect\": could not find dataconnect.yaml in `/Users/tius/Documents/Data Tius/Projeksi-bisnis/dataconnect`\n"}}
[debug] [2026-05-15T12:39:52.852Z] E0515 19:39:52.852335   83597 watch.go:40] Failed to load config from "/Users/tius/Documents/Data Tius/Projeksi-bisnis/dataconnect": could not find dataconnect.yaml in `/Users/tius/Documents/Data Tius/Projeksi-bisnis/dataconnect`
 {"metadata":{"emulator":{"name":"dataconnect"},"message":"E0515 19:39:52.852335   83597 watch.go:40] Failed to load config from \"/Users/tius/Documents/Data Tius/Projeksi-bisnis/dataconnect\": could not find dataconnect.yaml in `/Users/tius/Documents/Data Tius/Projeksi-bisnis/dataconnect`\n"}}
[debug] [2026-05-15T12:40:02.961Z] E0515 19:40:02.850014   83597 watch.go:116] watchAllDir unable to walk dir `/Users/tius/Documents/Data Tius/Projeksi-bisnis/dataconnect`: lstat /Users/tius/Documents/Data Tius/Projeksi-bisnis/dataconnect: no such file or directory
E0515 19:40:02.858985   83597 watch.go:40] Failed to load config from "/Users/tius/Documents/Data Tius/Projeksi-bisnis/dataconnect": could not find dataconnect.yaml in `/Users/tius/Documents/Data Tius/Projeksi-bisnis/dataconnect`
 {"metadata":{"emulator":{"name":"dataconnect"},"message":"E0515 19:40:02.850014   83597 watch.go:116] watchAllDir unable to walk dir `/Users/tius/Documents/Data Tius/Projeksi-bisnis/dataconnect`: lstat /Users/tius/Documents/Data Tius/Projeksi-bisnis/dataconnect: no such file or directory\nE0515 19:40:02.858985   83597 watch.go:40] Failed to load config from \"/Users/tius/Documents/Data Tius/Projeksi-bisnis/dataconnect\": could not find dataconnect.yaml in `/Users/tius/Documents/Data Tius/Projeksi-bisnis/dataconnect`\n"}}
[debug] [2026-05-15T12:40:12.853Z] E0515 19:40:12.852182   83597 watch.go:40] Failed to load config from "/Users/tius/Documents/Data Tius/Projeksi-bisnis/dataconnect": could not find dataconnect.yaml in `/Users/tius/Documents/Data Tius/Projeksi-bisnis/dataconnect`
 {"metadata":{"emulator":{"name":"dataconnect"},"message":"E0515 19:40:12.852182   83597 watch.go:40] Failed to load config from \"/Users/tius/Documents/Data Tius/Projeksi-bisnis/dataconnect\": could not find dataconnect.yaml in `/Users/tius/Documents/Data Tius/Projeksi-bisnis/dataconnect`\n"}}
[debug] [2026-05-15T12:40:22.851Z] E0515 19:40:22.851299   83597 watch.go:40] Failed to load config from "/Users/tius/Documents/Data Tius/Projeksi-bisnis/dataconnect": could not find dataconnect.yaml in `/Users/tius/Documents/Data Tius/Projeksi-bisnis/dataconnect`
 {"metadata":{"emulator":{"name":"dataconnect"},"message":"E0515 19:40:22.851299   83597 watch.go:40] Failed to load config from \"/Users/tius/Documents/Data Tius/Projeksi-bisnis/dataconnect\": could not find dataconnect.yaml in `/Users/tius/Documents/Data Tius/Projeksi-bisnis/dataconnect`\n"}}
[debug] [2026-05-15T12:40:32.851Z] E0515 19:40:32.851258   83597 watch.go:40] Failed to load config from "/Users/tius/Documents/Data Tius/Projeksi-bisnis/dataconnect": could not find dataconnect.yaml in `/Users/tius/Documents/Data Tius/Projeksi-bisnis/dataconnect`
 {"metadata":{"emulator":{"name":"dataconnect"},"message":"E0515 19:40:32.851258   83597 watch.go:40] Failed to load config from \"/Users/tius/Documents/Data Tius/Projeksi-bisnis/dataconnect\": could not find dataconnect.yaml in `/Users/tius/Documents/Data Tius/Projeksi-bisnis/dataconnect`\n"}}
[debug] [2026-05-15T12:40:43.833Z] E0515 19:40:42.850318   83597 watch.go:40] Failed to load config from "/Users/tius/Documents/Data Tius/Projeksi-bisnis/dataconnect": could not find dataconnect.yaml in `/Users/tius/Documents/Data Tius/Projeksi-bisnis/dataconnect`
 {"metadata":{"emulator":{"name":"dataconnect"},"message":"E0515 19:40:42.850318   83597 watch.go:40] Failed to load config from \"/Users/tius/Documents/Data Tius/Projeksi-bisnis/dataconnect\": could not find dataconnect.yaml in `/Users/tius/Documents/Data Tius/Projeksi-bisnis/dataconnect`\n"}}
[debug] [2026-05-15T12:40:52.850Z] E0515 19:40:52.850059   83597 watch.go:40] Failed to load config from "/Users/tius/Documents/Data Tius/Projeksi-bisnis/dataconnect": could not find dataconnect.yaml in `/Users/tius/Documents/Data Tius/Projeksi-bisnis/dataconnect`
 {"metadata":{"emulator":{"name":"dataconnect"},"message":"E0515 19:40:52.850059   83597 watch.go:40] Failed to load config from \"/Users/tius/Documents/Data Tius/Projeksi-bisnis/dataconnect\": could not find dataconnect.yaml in `/Users/tius/Documents/Data Tius/Projeksi-bisnis/dataconnect`\n"}}
[debug] [2026-05-15T12:41:02.850Z] E0515 19:41:02.850118   83597 watch.go:116] watchAllDir unable to walk dir `/Users/tius/Documents/Data Tius/Projeksi-bisnis/dataconnect`: lstat /Users/tius/Documents/Data Tius/Projeksi-bisnis/dataconnect: no such file or directory
 {"metadata":{"emulator":{"name":"dataconnect"},"message":"E0515 19:41:02.850118   83597 watch.go:116] watchAllDir unable to walk dir `/Users/tius/Documents/Data Tius/Projeksi-bisnis/dataconnect`: lstat /Users/tius/Documents/Data Tius/Projeksi-bisnis/dataconnect: no such file or directory\n"}}
[debug] [2026-05-15T12:41:02.858Z] E0515 19:41:02.857130   83597 watch.go:40] Failed to load config from "/Users/tius/Documents/Data Tius/Projeksi-bisnis/dataconnect": could not find dataconnect.yaml in `/Users/tius/Documents/Data Tius/Projeksi-bisnis/dataconnect`
 {"metadata":{"emulator":{"name":"dataconnect"},"message":"E0515 19:41:02.857130   83597 watch.go:40] Failed to load config from \"/Users/tius/Documents/Data Tius/Projeksi-bisnis/dataconnect\": could not find dataconnect.yaml in `/Users/tius/Documents/Data Tius/Projeksi-bisnis/dataconnect`\n"}}
[debug] [2026-05-15T12:41:12.853Z] E0515 19:41:12.853493   83597 watch.go:40] Failed to load config from "/Users/tius/Documents/Data Tius/Projeksi-bisnis/dataconnect": could not find dataconnect.yaml in `/Users/tius/Documents/Data Tius/Projeksi-bisnis/dataconnect`
 {"metadata":{"emulator":{"name":"dataconnect"},"message":"E0515 19:41:12.853493   83597 watch.go:40] Failed to load config from \"/Users/tius/Documents/Data Tius/Projeksi-bisnis/dataconnect\": could not find dataconnect.yaml in `/Users/tius/Documents/Data Tius/Projeksi-bisnis/dataconnect`\n"}}
[debug] [2026-05-15T12:41:22.850Z] E0515 19:41:22.850178   83597 watch.go:40] Failed to load config from "/Users/tius/Documents/Data Tius/Projeksi-bisnis/dataconnect": could not find dataconnect.yaml in `/Users/tius/Documents/Data Tius/Projeksi-bisnis/dataconnect`
 {"metadata":{"emulator":{"name":"dataconnect"},"message":"E0515 19:41:22.850178   83597 watch.go:40] Failed to load config from \"/Users/tius/Documents/Data Tius/Projeksi-bisnis/dataconnect\": could not find dataconnect.yaml in `/Users/tius/Documents/Data Tius/Projeksi-bisnis/dataconnect`\n"}}
[debug] [2026-05-15T12:41:32.877Z] E0515 19:41:32.871887   83597 watch.go:40] Failed to load config from "/Users/tius/Documents/Data Tius/Projeksi-bisnis/dataconnect": could not find dataconnect.yaml in `/Users/tius/Documents/Data Tius/Projeksi-bisnis/dataconnect`
 {"metadata":{"emulator":{"name":"dataconnect"},"message":"E0515 19:41:32.871887   83597 watch.go:40] Failed to load config from \"/Users/tius/Documents/Data Tius/Projeksi-bisnis/dataconnect\": could not find dataconnect.yaml in `/Users/tius/Documents/Data Tius/Projeksi-bisnis/dataconnect`\n"}}
[debug] [2026-05-15T12:41:42.850Z] E0515 19:41:42.850646   83597 watch.go:40] Failed to load config from "/Users/tius/Documents/Data Tius/Projeksi-bisnis/dataconnect": could not find dataconnect.yaml in `/Users/tius/Documents/Data Tius/Projeksi-bisnis/dataconnect`
 {"metadata":{"emulator":{"name":"dataconnect"},"message":"E0515 19:41:42.850646   83597 watch.go:40] Failed to load config from \"/Users/tius/Documents/Data Tius/Projeksi-bisnis/dataconnect\": could not find dataconnect.yaml in `/Users/tius/Documents/Data Tius/Projeksi-bisnis/dataconnect`\n"}}
[debug] [2026-05-15T12:41:52.851Z] E0515 19:41:52.850980   83597 watch.go:40] Failed to load config from "/Users/tius/Documents/Data Tius/Projeksi-bisnis/dataconnect": could not find dataconnect.yaml in `/Users/tius/Documents/Data Tius/Projeksi-bisnis/dataconnect`
 {"metadata":{"emulator":{"name":"dataconnect"},"message":"E0515 19:41:52.850980   83597 watch.go:40] Failed to load config from \"/Users/tius/Documents/Data Tius/Projeksi-bisnis/dataconnect\": could not find dataconnect.yaml in `/Users/tius/Documents/Data Tius/Projeksi-bisnis/dataconnect`\n"}}
[debug] [2026-05-15T12:42:02.851Z] E0515 19:42:02.851038   83597 watch.go:116] watchAllDir unable to walk dir `/Users/tius/Documents/Data Tius/Projeksi-bisnis/dataconnect`: lstat /Users/tius/Documents/Data Tius/Projeksi-bisnis/dataconnect: no such file or directory
 {"metadata":{"emulator":{"name":"dataconnect"},"message":"E0515 19:42:02.851038   83597 watch.go:116] watchAllDir unable to walk dir `/Users/tius/Documents/Data Tius/Projeksi-bisnis/dataconnect`: lstat /Users/tius/Documents/Data Tius/Projeksi-bisnis/dataconnect: no such file or directory\n"}}
[debug] [2026-05-15T12:42:02.852Z] E0515 19:42:02.851631   83597 watch.go:40] Failed to load config from "/Users/tius/Documents/Data Tius/Projeksi-bisnis/dataconnect": could not find dataconnect.yaml in `/Users/tius/Documents/Data Tius/Projeksi-bisnis/dataconnect`
 {"metadata":{"emulator":{"name":"dataconnect"},"message":"E0515 19:42:02.851631   83597 watch.go:40] Failed to load config from \"/Users/tius/Documents/Data Tius/Projeksi-bisnis/dataconnect\": could not find dataconnect.yaml in `/Users/tius/Documents/Data Tius/Projeksi-bisnis/dataconnect`\n"}}
[debug] [2026-05-15T12:42:12.850Z] E0515 19:42:12.850441   83597 watch.go:40] Failed to load config from "/Users/tius/Documents/Data Tius/Projeksi-bisnis/dataconnect": could not find dataconnect.yaml in `/Users/tius/Documents/Data Tius/Projeksi-bisnis/dataconnect`
 {"metadata":{"emulator":{"name":"dataconnect"},"message":"E0515 19:42:12.850441   83597 watch.go:40] Failed to load config from \"/Users/tius/Documents/Data Tius/Projeksi-bisnis/dataconnect\": could not find dataconnect.yaml in `/Users/tius/Documents/Data Tius/Projeksi-bisnis/dataconnect`\n"}}
[debug] [2026-05-15T12:42:23.311Z] E0515 19:42:22.851185   83597 watch.go:40] Failed to load config from "/Users/tius/Documents/Data Tius/Projeksi-bisnis/dataconnect": could not find dataconnect.yaml in `/Users/tius/Documents/Data Tius/Projeksi-bisnis/dataconnect`
 {"metadata":{"emulator":{"name":"dataconnect"},"message":"E0515 19:42:22.851185   83597 watch.go:40] Failed to load config from \"/Users/tius/Documents/Data Tius/Projeksi-bisnis/dataconnect\": could not find dataconnect.yaml in `/Users/tius/Documents/Data Tius/Projeksi-bisnis/dataconnect`\n"}}
[debug] [2026-05-15T12:42:32.851Z] E0515 19:42:32.850976   83597 watch.go:40] Failed to load config from "/Users/tius/Documents/Data Tius/Projeksi-bisnis/dataconnect": could not find dataconnect.yaml in `/Users/tius/Documents/Data Tius/Projeksi-bisnis/dataconnect`
 {"metadata":{"emulator":{"name":"dataconnect"},"message":"E0515 19:42:32.850976   83597 watch.go:40] Failed to load config from \"/Users/tius/Documents/Data Tius/Projeksi-bisnis/dataconnect\": could not find dataconnect.yaml in `/Users/tius/Documents/Data Tius/Projeksi-bisnis/dataconnect`\n"}}
[debug] [2026-05-15T12:42:45.434Z] E0515 19:42:42.934608   83597 watch.go:40] Failed to load config from "/Users/tius/Documents/Data Tius/Projeksi-bisnis/dataconnect": could not find dataconnect.yaml in `/Users/tius/Documents/Data Tius/Projeksi-bisnis/dataconnect`
 {"metadata":{"emulator":{"name":"dataconnect"},"message":"E0515 19:42:42.934608   83597 watch.go:40] Failed to load config from \"/Users/tius/Documents/Data Tius/Projeksi-bisnis/dataconnect\": could not find dataconnect.yaml in `/Users/tius/Documents/Data Tius/Projeksi-bisnis/dataconnect`\n"}}
[debug] [2026-05-15T12:42:52.852Z] E0515 19:42:52.852529   83597 watch.go:40] Failed to load config from "/Users/tius/Documents/Data Tius/Projeksi-bisnis/dataconnect": could not find dataconnect.yaml in `/Users/tius/Documents/Data Tius/Projeksi-bisnis/dataconnect`
 {"metadata":{"emulator":{"name":"dataconnect"},"message":"E0515 19:42:52.852529   83597 watch.go:40] Failed to load config from \"/Users/tius/Documents/Data Tius/Projeksi-bisnis/dataconnect\": could not find dataconnect.yaml in `/Users/tius/Documents/Data Tius/Projeksi-bisnis/dataconnect`\n"}}
[debug] [2026-05-15T12:43:02.851Z] E0515 19:43:02.851226   83597 watch.go:116] watchAllDir unable to walk dir `/Users/tius/Documents/Data Tius/Projeksi-bisnis/dataconnect`: lstat /Users/tius/Documents/Data Tius/Projeksi-bisnis/dataconnect: no such file or directory
E0515 19:43:02.851469   83597 watch.go:40] Failed to load config from "/Users/tius/Documents/Data Tius/Projeksi-bisnis/dataconnect": could not find dataconnect.yaml in `/Users/tius/Documents/Data Tius/Projeksi-bisnis/dataconnect`
 {"metadata":{"emulator":{"name":"dataconnect"},"message":"E0515 19:43:02.851226   83597 watch.go:116] watchAllDir unable to walk dir `/Users/tius/Documents/Data Tius/Projeksi-bisnis/dataconnect`: lstat /Users/tius/Documents/Data Tius/Projeksi-bisnis/dataconnect: no such file or directory\nE0515 19:43:02.851469   83597 watch.go:40] Failed to load config from \"/Users/tius/Documents/Data Tius/Projeksi-bisnis/dataconnect\": could not find dataconnect.yaml in `/Users/tius/Documents/Data Tius/Projeksi-bisnis/dataconnect`\n"}}
[debug] [2026-05-15T12:43:14.638Z] E0515 19:43:12.855452   83597 watch.go:40] Failed to load config from "/Users/tius/Documents/Data Tius/Projeksi-bisnis/dataconnect": could not find dataconnect.yaml in `/Users/tius/Documents/Data Tius/Projeksi-bisnis/dataconnect`
 {"metadata":{"emulator":{"name":"dataconnect"},"message":"E0515 19:43:12.855452   83597 watch.go:40] Failed to load config from \"/Users/tius/Documents/Data Tius/Projeksi-bisnis/dataconnect\": could not find dataconnect.yaml in `/Users/tius/Documents/Data Tius/Projeksi-bisnis/dataconnect`\n"}}
[debug] [2026-05-15T12:43:22.851Z] E0515 19:43:22.850258   83597 watch.go:40] Failed to load config from "/Users/tius/Documents/Data Tius/Projeksi-bisnis/dataconnect": could not find dataconnect.yaml in `/Users/tius/Documents/Data Tius/Projeksi-bisnis/dataconnect`
 {"metadata":{"emulator":{"name":"dataconnect"},"message":"E0515 19:43:22.850258   83597 watch.go:40] Failed to load config from \"/Users/tius/Documents/Data Tius/Projeksi-bisnis/dataconnect\": could not find dataconnect.yaml in `/Users/tius/Documents/Data Tius/Projeksi-bisnis/dataconnect`\n"}}
[debug] [2026-05-15T12:43:33.179Z] E0515 19:43:32.851040   83597 watch.go:40] Failed to load config from "/Users/tius/Documents/Data Tius/Projeksi-bisnis/dataconnect": could not find dataconnect.yaml in `/Users/tius/Documents/Data Tius/Projeksi-bisnis/dataconnect`
 {"metadata":{"emulator":{"name":"dataconnect"},"message":"E0515 19:43:32.851040   83597 watch.go:40] Failed to load config from \"/Users/tius/Documents/Data Tius/Projeksi-bisnis/dataconnect\": could not find dataconnect.yaml in `/Users/tius/Documents/Data Tius/Projeksi-bisnis/dataconnect`\n"}}
[debug] [2026-05-15T12:43:42.852Z] E0515 19:43:42.851221   83597 watch.go:40] Failed to load config from "/Users/tius/Documents/Data Tius/Projeksi-bisnis/dataconnect": could not find dataconnect.yaml in `/Users/tius/Documents/Data Tius/Projeksi-bisnis/dataconnect`
 {"metadata":{"emulator":{"name":"dataconnect"},"message":"E0515 19:43:42.851221   83597 watch.go:40] Failed to load config from \"/Users/tius/Documents/Data Tius/Projeksi-bisnis/dataconnect\": could not find dataconnect.yaml in `/Users/tius/Documents/Data Tius/Projeksi-bisnis/dataconnect`\n"}}
[debug] [2026-05-15T12:43:52.853Z] E0515 19:43:52.851900   83597 watch.go:40] Failed to load config from "/Users/tius/Documents/Data Tius/Projeksi-bisnis/dataconnect": could not find dataconnect.yaml in `/Users/tius/Documents/Data Tius/Projeksi-bisnis/dataconnect`
 {"metadata":{"emulator":{"name":"dataconnect"},"message":"E0515 19:43:52.851900   83597 watch.go:40] Failed to load config from \"/Users/tius/Documents/Data Tius/Projeksi-bisnis/dataconnect\": could not find dataconnect.yaml in `/Users/tius/Documents/Data Tius/Projeksi-bisnis/dataconnect`\n"}}
[debug] [2026-05-15T12:44:02.853Z] E0515 19:44:02.853368   83597 watch.go:116] watchAllDir unable to walk dir `/Users/tius/Documents/Data Tius/Projeksi-bisnis/dataconnect`: lstat /Users/tius/Documents/Data Tius/Projeksi-bisnis/dataconnect: no such file or directory
E0515 19:44:02.853614   83597 watch.go:40] Failed to load config from "/Users/tius/Documents/Data Tius/Projeksi-bisnis/dataconnect": could not find dataconnect.yaml in `/Users/tius/Documents/Data Tius/Projeksi-bisnis/dataconnect`
 {"metadata":{"emulator":{"name":"dataconnect"},"message":"E0515 19:44:02.853368   83597 watch.go:116] watchAllDir unable to walk dir `/Users/tius/Documents/Data Tius/Projeksi-bisnis/dataconnect`: lstat /Users/tius/Documents/Data Tius/Projeksi-bisnis/dataconnect: no such file or directory\nE0515 19:44:02.853614   83597 watch.go:40] Failed to load config from \"/Users/tius/Documents/Data Tius/Projeksi-bisnis/dataconnect\": could not find dataconnect.yaml in `/Users/tius/Documents/Data Tius/Projeksi-bisnis/dataconnect`\n"}}
[debug] [2026-05-15T12:44:12.852Z] E0515 19:44:12.851363   83597 watch.go:40] Failed to load config from "/Users/tius/Documents/Data Tius/Projeksi-bisnis/dataconnect": could not find dataconnect.yaml in `/Users/tius/Documents/Data Tius/Projeksi-bisnis/dataconnect`
 {"metadata":{"emulator":{"name":"dataconnect"},"message":"E0515 19:44:12.851363   83597 watch.go:40] Failed to load config from \"/Users/tius/Documents/Data Tius/Projeksi-bisnis/dataconnect\": could not find dataconnect.yaml in `/Users/tius/Documents/Data Tius/Projeksi-bisnis/dataconnect`\n"}}
[debug] [2026-05-15T12:44:22.851Z] E0515 19:44:22.851095   83597 watch.go:40] Failed to load config from "/Users/tius/Documents/Data Tius/Projeksi-bisnis/dataconnect": could not find dataconnect.yaml in `/Users/tius/Documents/Data Tius/Projeksi-bisnis/dataconnect`
 {"metadata":{"emulator":{"name":"dataconnect"},"message":"E0515 19:44:22.851095   83597 watch.go:40] Failed to load config from \"/Users/tius/Documents/Data Tius/Projeksi-bisnis/dataconnect\": could not find dataconnect.yaml in `/Users/tius/Documents/Data Tius/Projeksi-bisnis/dataconnect`\n"}}
[debug] [2026-05-15T12:44:32.851Z] E0515 19:44:32.851234   83597 watch.go:40] Failed to load config from "/Users/tius/Documents/Data Tius/Projeksi-bisnis/dataconnect": could not find dataconnect.yaml in `/Users/tius/Documents/Data Tius/Projeksi-bisnis/dataconnect`
 {"metadata":{"emulator":{"name":"dataconnect"},"message":"E0515 19:44:32.851234   83597 watch.go:40] Failed to load config from \"/Users/tius/Documents/Data Tius/Projeksi-bisnis/dataconnect\": could not find dataconnect.yaml in `/Users/tius/Documents/Data Tius/Projeksi-bisnis/dataconnect`\n"}}
[debug] [2026-05-15T12:44:42.851Z] E0515 19:44:42.851225   83597 watch.go:40] Failed to load config from "/Users/tius/Documents/Data Tius/Projeksi-bisnis/dataconnect": could not find dataconnect.yaml in `/Users/tius/Documents/Data Tius/Projeksi-bisnis/dataconnect`
 {"metadata":{"emulator":{"name":"dataconnect"},"message":"E0515 19:44:42.851225   83597 watch.go:40] Failed to load config from \"/Users/tius/Documents/Data Tius/Projeksi-bisnis/dataconnect\": could not find dataconnect.yaml in `/Users/tius/Documents/Data Tius/Projeksi-bisnis/dataconnect`\n"}}
[debug] [2026-05-15T12:44:52.850Z] E0515 19:44:52.850659   83597 watch.go:40] Failed to load config from "/Users/tius/Documents/Data Tius/Projeksi-bisnis/dataconnect": could not find dataconnect.yaml in `/Users/tius/Documents/Data Tius/Projeksi-bisnis/dataconnect`
 {"metadata":{"emulator":{"name":"dataconnect"},"message":"E0515 19:44:52.850659   83597 watch.go:40] Failed to load config from \"/Users/tius/Documents/Data Tius/Projeksi-bisnis/dataconnect\": could not find dataconnect.yaml in `/Users/tius/Documents/Data Tius/Projeksi-bisnis/dataconnect`\n"}}
[debug] [2026-05-15T12:45:02.851Z] E0515 19:45:02.850990   83597 watch.go:116] watchAllDir unable to walk dir `/Users/tius/Documents/Data Tius/Projeksi-bisnis/dataconnect`: lstat /Users/tius/Documents/Data Tius/Projeksi-bisnis/dataconnect: no such file or directory
 {"metadata":{"emulator":{"name":"dataconnect"},"message":"E0515 19:45:02.850990   83597 watch.go:116] watchAllDir unable to walk dir `/Users/tius/Documents/Data Tius/Projeksi-bisnis/dataconnect`: lstat /Users/tius/Documents/Data Tius/Projeksi-bisnis/dataconnect: no such file or directory\n"}}
[debug] [2026-05-15T12:45:02.852Z] E0515 19:45:02.851171   83597 watch.go:40] Failed to load config from "/Users/tius/Documents/Data Tius/Projeksi-bisnis/dataconnect": could not find dataconnect.yaml in `/Users/tius/Documents/Data Tius/Projeksi-bisnis/dataconnect`
 {"metadata":{"emulator":{"name":"dataconnect"},"message":"E0515 19:45:02.851171   83597 watch.go:40] Failed to load config from \"/Users/tius/Documents/Data Tius/Projeksi-bisnis/dataconnect\": could not find dataconnect.yaml in `/Users/tius/Documents/Data Tius/Projeksi-bisnis/dataconnect`\n"}}
[debug] [2026-05-15T12:45:12.851Z] E0515 19:45:12.851340   83597 watch.go:40] Failed to load config from "/Users/tius/Documents/Data Tius/Projeksi-bisnis/dataconnect": could not find dataconnect.yaml in `/Users/tius/Documents/Data Tius/Projeksi-bisnis/dataconnect`
 {"metadata":{"emulator":{"name":"dataconnect"},"message":"E0515 19:45:12.851340   83597 watch.go:40] Failed to load config from \"/Users/tius/Documents/Data Tius/Projeksi-bisnis/dataconnect\": could not find dataconnect.yaml in `/Users/tius/Documents/Data Tius/Projeksi-bisnis/dataconnect`\n"}}
[debug] [2026-05-15T12:45:22.895Z] E0515 19:45:22.850838   83597 watch.go:40] Failed to load config from "/Users/tius/Documents/Data Tius/Projeksi-bisnis/dataconnect": could not find dataconnect.yaml in `/Users/tius/Documents/Data Tius/Projeksi-bisnis/dataconnect`
 {"metadata":{"emulator":{"name":"dataconnect"},"message":"E0515 19:45:22.850838   83597 watch.go:40] Failed to load config from \"/Users/tius/Documents/Data Tius/Projeksi-bisnis/dataconnect\": could not find dataconnect.yaml in `/Users/tius/Documents/Data Tius/Projeksi-bisnis/dataconnect`\n"}}
[debug] [2026-05-15T12:45:32.851Z] E0515 19:45:32.850450   83597 watch.go:40] Failed to load config from "/Users/tius/Documents/Data Tius/Projeksi-bisnis/dataconnect": could not find dataconnect.yaml in `/Users/tius/Documents/Data Tius/Projeksi-bisnis/dataconnect`
 {"metadata":{"emulator":{"name":"dataconnect"},"message":"E0515 19:45:32.850450   83597 watch.go:40] Failed to load config from \"/Users/tius/Documents/Data Tius/Projeksi-bisnis/dataconnect\": could not find dataconnect.yaml in `/Users/tius/Documents/Data Tius/Projeksi-bisnis/dataconnect`\n"}}
[debug] [2026-05-15T12:45:42.854Z] E0515 19:45:42.854320   83597 watch.go:40] Failed to load config from "/Users/tius/Documents/Data Tius/Projeksi-bisnis/dataconnect": could not find dataconnect.yaml in `/Users/tius/Documents/Data Tius/Projeksi-bisnis/dataconnect`
 {"metadata":{"emulator":{"name":"dataconnect"},"message":"E0515 19:45:42.854320   83597 watch.go:40] Failed to load config from \"/Users/tius/Documents/Data Tius/Projeksi-bisnis/dataconnect\": could not find dataconnect.yaml in `/Users/tius/Documents/Data Tius/Projeksi-bisnis/dataconnect`\n"}}
[debug] [2026-05-15T12:45:53.454Z] E0515 19:45:52.850802   83597 watch.go:40] Failed to load config from "/Users/tius/Documents/Data Tius/Projeksi-bisnis/dataconnect": could not find dataconnect.yaml in `/Users/tius/Documents/Data Tius/Projeksi-bisnis/dataconnect`
 {"metadata":{"emulator":{"name":"dataconnect"},"message":"E0515 19:45:52.850802   83597 watch.go:40] Failed to load config from \"/Users/tius/Documents/Data Tius/Projeksi-bisnis/dataconnect\": could not find dataconnect.yaml in `/Users/tius/Documents/Data Tius/Projeksi-bisnis/dataconnect`\n"}}
[debug] [2026-05-15T12:46:02.855Z] E0515 19:46:02.854288   83597 watch.go:116] watchAllDir unable to walk dir `/Users/tius/Documents/Data Tius/Projeksi-bisnis/dataconnect`: lstat /Users/tius/Documents/Data Tius/Projeksi-bisnis/dataconnect: no such file or directory
E0515 19:46:02.854698   83597 watch.go:40] Failed to load config from "/Users/tius/Documents/Data Tius/Projeksi-bisnis/dataconnect": could not find dataconnect.yaml in `/Users/tius/Documents/Data Tius/Projeksi-bisnis/dataconnect`
 {"metadata":{"emulator":{"name":"dataconnect"},"message":"E0515 19:46:02.854288   83597 watch.go:116] watchAllDir unable to walk dir `/Users/tius/Documents/Data Tius/Projeksi-bisnis/dataconnect`: lstat /Users/tius/Documents/Data Tius/Projeksi-bisnis/dataconnect: no such file or directory\nE0515 19:46:02.854698   83597 watch.go:40] Failed to load config from \"/Users/tius/Documents/Data Tius/Projeksi-bisnis/dataconnect\": could not find dataconnect.yaml in `/Users/tius/Documents/Data Tius/Projeksi-bisnis/dataconnect`\n"}}
[debug] [2026-05-15T12:46:12.852Z] E0515 19:46:12.851968   83597 watch.go:40] Failed to load config from "/Users/tius/Documents/Data Tius/Projeksi-bisnis/dataconnect": could not find dataconnect.yaml in `/Users/tius/Documents/Data Tius/Projeksi-bisnis/dataconnect`
 {"metadata":{"emulator":{"name":"dataconnect"},"message":"E0515 19:46:12.851968   83597 watch.go:40] Failed to load config from \"/Users/tius/Documents/Data Tius/Projeksi-bisnis/dataconnect\": could not find dataconnect.yaml in `/Users/tius/Documents/Data Tius/Projeksi-bisnis/dataconnect`\n"}}
[debug] [2026-05-15T12:46:22.846Z] E0515 19:46:22.846599   83597 watch.go:40] Failed to load config from "/Users/tius/Documents/Data Tius/Projeksi-bisnis/dataconnect": could not find dataconnect.yaml in `/Users/tius/Documents/Data Tius/Projeksi-bisnis/dataconnect`
 {"metadata":{"emulator":{"name":"dataconnect"},"message":"E0515 19:46:22.846599   83597 watch.go:40] Failed to load config from \"/Users/tius/Documents/Data Tius/Projeksi-bisnis/dataconnect\": could not find dataconnect.yaml in `/Users/tius/Documents/Data Tius/Projeksi-bisnis/dataconnect`\n"}}
[debug] [2026-05-15T12:46:32.844Z] E0515 19:46:32.843896   83597 watch.go:40] Failed to load config from "/Users/tius/Documents/Data Tius/Projeksi-bisnis/dataconnect": could not find dataconnect.yaml in `/Users/tius/Documents/Data Tius/Projeksi-bisnis/dataconnect`
 {"metadata":{"emulator":{"name":"dataconnect"},"message":"E0515 19:46:32.843896   83597 watch.go:40] Failed to load config from \"/Users/tius/Documents/Data Tius/Projeksi-bisnis/dataconnect\": could not find dataconnect.yaml in `/Users/tius/Documents/Data Tius/Projeksi-bisnis/dataconnect`\n"}}
[debug] [2026-05-15T12:46:42.841Z] E0515 19:46:42.841216   83597 watch.go:40] Failed to load config from "/Users/tius/Documents/Data Tius/Projeksi-bisnis/dataconnect": could not find dataconnect.yaml in `/Users/tius/Documents/Data Tius/Projeksi-bisnis/dataconnect`
 {"metadata":{"emulator":{"name":"dataconnect"},"message":"E0515 19:46:42.841216   83597 watch.go:40] Failed to load config from \"/Users/tius/Documents/Data Tius/Projeksi-bisnis/dataconnect\": could not find dataconnect.yaml in `/Users/tius/Documents/Data Tius/Projeksi-bisnis/dataconnect`\n"}}
[debug] [2026-05-15T12:46:52.869Z] E0515 19:46:52.854035   83597 watch.go:40] Failed to load config from "/Users/tius/Documents/Data Tius/Projeksi-bisnis/dataconnect": could not find dataconnect.yaml in `/Users/tius/Documents/Data Tius/Projeksi-bisnis/dataconnect`
 {"metadata":{"emulator":{"name":"dataconnect"},"message":"E0515 19:46:52.854035   83597 watch.go:40] Failed to load config from \"/Users/tius/Documents/Data Tius/Projeksi-bisnis/dataconnect\": could not find dataconnect.yaml in `/Users/tius/Documents/Data Tius/Projeksi-bisnis/dataconnect`\n"}}
[debug] [2026-05-15T12:47:02.839Z] E0515 19:47:02.839530   83597 watch.go:40] Failed to load config from "/Users/tius/Documents/Data Tius/Projeksi-bisnis/dataconnect": could not find dataconnect.yaml in `/Users/tius/Documents/Data Tius/Projeksi-bisnis/dataconnect`
 {"metadata":{"emulator":{"name":"dataconnect"},"message":"E0515 19:47:02.839530   83597 watch.go:40] Failed to load config from \"/Users/tius/Documents/Data Tius/Projeksi-bisnis/dataconnect\": could not find dataconnect.yaml in `/Users/tius/Documents/Data Tius/Projeksi-bisnis/dataconnect`\n"}}
[debug] [2026-05-15T12:47:02.856Z] E0515 19:47:02.839606   83597 watch.go:116] watchAllDir unable to walk dir `/Users/tius/Documents/Data Tius/Projeksi-bisnis/dataconnect`: lstat /Users/tius/Documents/Data Tius/Projeksi-bisnis/dataconnect: no such file or directory
 {"metadata":{"emulator":{"name":"dataconnect"},"message":"E0515 19:47:02.839606   83597 watch.go:116] watchAllDir unable to walk dir `/Users/tius/Documents/Data Tius/Projeksi-bisnis/dataconnect`: lstat /Users/tius/Documents/Data Tius/Projeksi-bisnis/dataconnect: no such file or directory\n"}}
[debug] [2026-05-15T12:47:12.841Z] E0515 19:47:12.841691   83597 watch.go:40] Failed to load config from "/Users/tius/Documents/Data Tius/Projeksi-bisnis/dataconnect": could not find dataconnect.yaml in `/Users/tius/Documents/Data Tius/Projeksi-bisnis/dataconnect`
 {"metadata":{"emulator":{"name":"dataconnect"},"message":"E0515 19:47:12.841691   83597 watch.go:40] Failed to load config from \"/Users/tius/Documents/Data Tius/Projeksi-bisnis/dataconnect\": could not find dataconnect.yaml in `/Users/tius/Documents/Data Tius/Projeksi-bisnis/dataconnect`\n"}}
[debug] [2026-05-15T12:47:22.841Z] E0515 19:47:22.840092   83597 watch.go:40] Failed to load config from "/Users/tius/Documents/Data Tius/Projeksi-bisnis/dataconnect": could not find dataconnect.yaml in `/Users/tius/Documents/Data Tius/Projeksi-bisnis/dataconnect`
 {"metadata":{"emulator":{"name":"dataconnect"},"message":"E0515 19:47:22.840092   83597 watch.go:40] Failed to load config from \"/Users/tius/Documents/Data Tius/Projeksi-bisnis/dataconnect\": could not find dataconnect.yaml in `/Users/tius/Documents/Data Tius/Projeksi-bisnis/dataconnect`\n"}}
[debug] [2026-05-15T12:47:32.887Z] E0515 19:47:32.839491   83597 watch.go:40] Failed to load config from "/Users/tius/Documents/Data Tius/Projeksi-bisnis/dataconnect": could not find dataconnect.yaml in `/Users/tius/Documents/Data Tius/Projeksi-bisnis/dataconnect`
 {"metadata":{"emulator":{"name":"dataconnect"},"message":"E0515 19:47:32.839491   83597 watch.go:40] Failed to load config from \"/Users/tius/Documents/Data Tius/Projeksi-bisnis/dataconnect\": could not find dataconnect.yaml in `/Users/tius/Documents/Data Tius/Projeksi-bisnis/dataconnect`\n"}}
[debug] [2026-05-15T12:47:42.839Z] E0515 19:47:42.839322   83597 watch.go:40] Failed to load config from "/Users/tius/Documents/Data Tius/Projeksi-bisnis/dataconnect": could not find dataconnect.yaml in `/Users/tius/Documents/Data Tius/Projeksi-bisnis/dataconnect`
 {"metadata":{"emulator":{"name":"dataconnect"},"message":"E0515 19:47:42.839322   83597 watch.go:40] Failed to load config from \"/Users/tius/Documents/Data Tius/Projeksi-bisnis/dataconnect\": could not find dataconnect.yaml in `/Users/tius/Documents/Data Tius/Projeksi-bisnis/dataconnect`\n"}}
[debug] [2026-05-15T12:47:52.840Z] E0515 19:47:52.840115   83597 watch.go:40] Failed to load config from "/Users/tius/Documents/Data Tius/Projeksi-bisnis/dataconnect": could not find dataconnect.yaml in `/Users/tius/Documents/Data Tius/Projeksi-bisnis/dataconnect`
 {"metadata":{"emulator":{"name":"dataconnect"},"message":"E0515 19:47:52.840115   83597 watch.go:40] Failed to load config from \"/Users/tius/Documents/Data Tius/Projeksi-bisnis/dataconnect\": could not find dataconnect.yaml in `/Users/tius/Documents/Data Tius/Projeksi-bisnis/dataconnect`\n"}}
[debug] [2026-05-15T12:48:02.839Z] E0515 19:48:02.839290   83597 watch.go:116] watchAllDir unable to walk dir `/Users/tius/Documents/Data Tius/Projeksi-bisnis/dataconnect`: lstat /Users/tius/Documents/Data Tius/Projeksi-bisnis/dataconnect: no such file or directory
E0515 19:48:02.839345   83597 watch.go:40] Failed to load config from "/Users/tius/Documents/Data Tius/Projeksi-bisnis/dataconnect": could not find dataconnect.yaml in `/Users/tius/Documents/Data Tius/Projeksi-bisnis/dataconnect`
 {"metadata":{"emulator":{"name":"dataconnect"},"message":"E0515 19:48:02.839290   83597 watch.go:116] watchAllDir unable to walk dir `/Users/tius/Documents/Data Tius/Projeksi-bisnis/dataconnect`: lstat /Users/tius/Documents/Data Tius/Projeksi-bisnis/dataconnect: no such file or directory\nE0515 19:48:02.839345   83597 watch.go:40] Failed to load config from \"/Users/tius/Documents/Data Tius/Projeksi-bisnis/dataconnect\": could not find dataconnect.yaml in `/Users/tius/Documents/Data Tius/Projeksi-bisnis/dataconnect`\n"}}
[debug] [2026-05-15T12:48:12.840Z] E0515 19:48:12.840040   83597 watch.go:40] Failed to load config from "/Users/tius/Documents/Data Tius/Projeksi-bisnis/dataconnect": could not find dataconnect.yaml in `/Users/tius/Documents/Data Tius/Projeksi-bisnis/dataconnect`
 {"metadata":{"emulator":{"name":"dataconnect"},"message":"E0515 19:48:12.840040   83597 watch.go:40] Failed to load config from \"/Users/tius/Documents/Data Tius/Projeksi-bisnis/dataconnect\": could not find dataconnect.yaml in `/Users/tius/Documents/Data Tius/Projeksi-bisnis/dataconnect`\n"}}
[debug] [2026-05-15T12:48:22.839Z] E0515 19:48:22.838839   83597 watch.go:40] Failed to load config from "/Users/tius/Documents/Data Tius/Projeksi-bisnis/dataconnect": could not find dataconnect.yaml in `/Users/tius/Documents/Data Tius/Projeksi-bisnis/dataconnect`
 {"metadata":{"emulator":{"name":"dataconnect"},"message":"E0515 19:48:22.838839   83597 watch.go:40] Failed to load config from \"/Users/tius/Documents/Data Tius/Projeksi-bisnis/dataconnect\": could not find dataconnect.yaml in `/Users/tius/Documents/Data Tius/Projeksi-bisnis/dataconnect`\n"}}
[debug] [2026-05-15T12:48:37.603Z] E0515 19:48:32.847200   83597 watch.go:40] Failed to load config from "/Users/tius/Documents/Data Tius/Projeksi-bisnis/dataconnect": could not find dataconnect.yaml in `/Users/tius/Documents/Data Tius/Projeksi-bisnis/dataconnect`
 {"metadata":{"emulator":{"name":"dataconnect"},"message":"E0515 19:48:32.847200   83597 watch.go:40] Failed to load config from \"/Users/tius/Documents/Data Tius/Projeksi-bisnis/dataconnect\": could not find dataconnect.yaml in `/Users/tius/Documents/Data Tius/Projeksi-bisnis/dataconnect`\n"}}
[debug] [2026-05-15T12:48:42.842Z] E0515 19:48:42.839893   83597 watch.go:40] Failed to load config from "/Users/tius/Documents/Data Tius/Projeksi-bisnis/dataconnect": could not find dataconnect.yaml in `/Users/tius/Documents/Data Tius/Projeksi-bisnis/dataconnect`
 {"metadata":{"emulator":{"name":"dataconnect"},"message":"E0515 19:48:42.839893   83597 watch.go:40] Failed to load config from \"/Users/tius/Documents/Data Tius/Projeksi-bisnis/dataconnect\": could not find dataconnect.yaml in `/Users/tius/Documents/Data Tius/Projeksi-bisnis/dataconnect`\n"}}
[debug] [2026-05-15T12:48:52.842Z] E0515 19:48:52.841851   83597 watch.go:40] Failed to load config from "/Users/tius/Documents/Data Tius/Projeksi-bisnis/dataconnect": could not find dataconnect.yaml in `/Users/tius/Documents/Data Tius/Projeksi-bisnis/dataconnect`
 {"metadata":{"emulator":{"name":"dataconnect"},"message":"E0515 19:48:52.841851   83597 watch.go:40] Failed to load config from \"/Users/tius/Documents/Data Tius/Projeksi-bisnis/dataconnect\": could not find dataconnect.yaml in `/Users/tius/Documents/Data Tius/Projeksi-bisnis/dataconnect`\n"}}
[debug] [2026-05-15T12:49:02.841Z] E0515 19:49:02.841181   83597 watch.go:40] Failed to load config from "/Users/tius/Documents/Data Tius/Projeksi-bisnis/dataconnect": could not find dataconnect.yaml in `/Users/tius/Documents/Data Tius/Projeksi-bisnis/dataconnect`
 {"metadata":{"emulator":{"name":"dataconnect"},"message":"E0515 19:49:02.841181   83597 watch.go:40] Failed to load config from \"/Users/tius/Documents/Data Tius/Projeksi-bisnis/dataconnect\": could not find dataconnect.yaml in `/Users/tius/Documents/Data Tius/Projeksi-bisnis/dataconnect`\n"}}
[debug] [2026-05-15T12:49:02.844Z] E0515 19:49:02.841144   83597 watch.go:116] watchAllDir unable to walk dir `/Users/tius/Documents/Data Tius/Projeksi-bisnis/dataconnect`: lstat /Users/tius/Documents/Data Tius/Projeksi-bisnis/dataconnect: no such file or directory
 {"metadata":{"emulator":{"name":"dataconnect"},"message":"E0515 19:49:02.841144   83597 watch.go:116] watchAllDir unable to walk dir `/Users/tius/Documents/Data Tius/Projeksi-bisnis/dataconnect`: lstat /Users/tius/Documents/Data Tius/Projeksi-bisnis/dataconnect: no such file or directory\n"}}
[debug] [2026-05-15T12:49:12.840Z] E0515 19:49:12.840396   83597 watch.go:40] Failed to load config from "/Users/tius/Documents/Data Tius/Projeksi-bisnis/dataconnect": could not find dataconnect.yaml in `/Users/tius/Documents/Data Tius/Projeksi-bisnis/dataconnect`
 {"metadata":{"emulator":{"name":"dataconnect"},"message":"E0515 19:49:12.840396   83597 watch.go:40] Failed to load config from \"/Users/tius/Documents/Data Tius/Projeksi-bisnis/dataconnect\": could not find dataconnect.yaml in `/Users/tius/Documents/Data Tius/Projeksi-bisnis/dataconnect`\n"}}
[debug] [2026-05-15T12:49:22.841Z] E0515 19:49:22.839943   83597 watch.go:40] Failed to load config from "/Users/tius/Documents/Data Tius/Projeksi-bisnis/dataconnect": could not find dataconnect.yaml in `/Users/tius/Documents/Data Tius/Projeksi-bisnis/dataconnect`
 {"metadata":{"emulator":{"name":"dataconnect"},"message":"E0515 19:49:22.839943   83597 watch.go:40] Failed to load config from \"/Users/tius/Documents/Data Tius/Projeksi-bisnis/dataconnect\": could not find dataconnect.yaml in `/Users/tius/Documents/Data Tius/Projeksi-bisnis/dataconnect`\n"}}
[debug] [2026-05-15T12:49:32.842Z] E0515 19:49:32.842421   83597 watch.go:40] Failed to load config from "/Users/tius/Documents/Data Tius/Projeksi-bisnis/dataconnect": could not find dataconnect.yaml in `/Users/tius/Documents/Data Tius/Projeksi-bisnis/dataconnect`
 {"metadata":{"emulator":{"name":"dataconnect"},"message":"E0515 19:49:32.842421   83597 watch.go:40] Failed to load config from \"/Users/tius/Documents/Data Tius/Projeksi-bisnis/dataconnect\": could not find dataconnect.yaml in `/Users/tius/Documents/Data Tius/Projeksi-bisnis/dataconnect`\n"}}
[debug] [2026-05-15T12:49:42.843Z] E0515 19:49:42.842800   83597 watch.go:40] Failed to load config from "/Users/tius/Documents/Data Tius/Projeksi-bisnis/dataconnect": could not find dataconnect.yaml in `/Users/tius/Documents/Data Tius/Projeksi-bisnis/dataconnect`
 {"metadata":{"emulator":{"name":"dataconnect"},"message":"E0515 19:49:42.842800   83597 watch.go:40] Failed to load config from \"/Users/tius/Documents/Data Tius/Projeksi-bisnis/dataconnect\": could not find dataconnect.yaml in `/Users/tius/Documents/Data Tius/Projeksi-bisnis/dataconnect`\n"}}
[debug] [2026-05-15T12:49:52.846Z] E0515 19:49:52.846665   83597 watch.go:40] Failed to load config from "/Users/tius/Documents/Data Tius/Projeksi-bisnis/dataconnect": could not find dataconnect.yaml in `/Users/tius/Documents/Data Tius/Projeksi-bisnis/dataconnect`
 {"metadata":{"emulator":{"name":"dataconnect"},"message":"E0515 19:49:52.846665   83597 watch.go:40] Failed to load config from \"/Users/tius/Documents/Data Tius/Projeksi-bisnis/dataconnect\": could not find dataconnect.yaml in `/Users/tius/Documents/Data Tius/Projeksi-bisnis/dataconnect`\n"}}
[debug] [2026-05-15T12:50:02.848Z] E0515 19:50:02.847784   83597 watch.go:116] watchAllDir unable to walk dir `/Users/tius/Documents/Data Tius/Projeksi-bisnis/dataconnect`: lstat /Users/tius/Documents/Data Tius/Projeksi-bisnis/dataconnect: no such file or directory
E0515 19:50:02.847904   83597 watch.go:40] Failed to load config from "/Users/tius/Documents/Data Tius/Projeksi-bisnis/dataconnect": could not find dataconnect.yaml in `/Users/tius/Documents/Data Tius/Projeksi-bisnis/dataconnect`
 {"metadata":{"emulator":{"name":"dataconnect"},"message":"E0515 19:50:02.847784   83597 watch.go:116] watchAllDir unable to walk dir `/Users/tius/Documents/Data Tius/Projeksi-bisnis/dataconnect`: lstat /Users/tius/Documents/Data Tius/Projeksi-bisnis/dataconnect: no such file or directory\nE0515 19:50:02.847904   83597 watch.go:40] Failed to load config from \"/Users/tius/Documents/Data Tius/Projeksi-bisnis/dataconnect\": could not find dataconnect.yaml in `/Users/tius/Documents/Data Tius/Projeksi-bisnis/dataconnect`\n"}}
[debug] [2026-05-15T12:50:12.840Z] E0515 19:50:12.839829   83597 watch.go:40] Failed to load config from "/Users/tius/Documents/Data Tius/Projeksi-bisnis/dataconnect": could not find dataconnect.yaml in `/Users/tius/Documents/Data Tius/Projeksi-bisnis/dataconnect`
 {"metadata":{"emulator":{"name":"dataconnect"},"message":"E0515 19:50:12.839829   83597 watch.go:40] Failed to load config from \"/Users/tius/Documents/Data Tius/Projeksi-bisnis/dataconnect\": could not find dataconnect.yaml in `/Users/tius/Documents/Data Tius/Projeksi-bisnis/dataconnect`\n"}}
[debug] [2026-05-15T12:50:22.839Z] E0515 19:50:22.839270   83597 watch.go:40] Failed to load config from "/Users/tius/Documents/Data Tius/Projeksi-bisnis/dataconnect": could not find dataconnect.yaml in `/Users/tius/Documents/Data Tius/Projeksi-bisnis/dataconnect`
 {"metadata":{"emulator":{"name":"dataconnect"},"message":"E0515 19:50:22.839270   83597 watch.go:40] Failed to load config from \"/Users/tius/Documents/Data Tius/Projeksi-bisnis/dataconnect\": could not find dataconnect.yaml in `/Users/tius/Documents/Data Tius/Projeksi-bisnis/dataconnect`\n"}}
[debug] [2026-05-15T12:50:32.840Z] E0515 19:50:32.840019   83597 watch.go:40] Failed to load config from "/Users/tius/Documents/Data Tius/Projeksi-bisnis/dataconnect": could not find dataconnect.yaml in `/Users/tius/Documents/Data Tius/Projeksi-bisnis/dataconnect`
 {"metadata":{"emulator":{"name":"dataconnect"},"message":"E0515 19:50:32.840019   83597 watch.go:40] Failed to load config from \"/Users/tius/Documents/Data Tius/Projeksi-bisnis/dataconnect\": could not find dataconnect.yaml in `/Users/tius/Documents/Data Tius/Projeksi-bisnis/dataconnect`\n"}}
[debug] [2026-05-15T12:50:42.843Z] E0515 19:50:42.843209   83597 watch.go:40] Failed to load config from "/Users/tius/Documents/Data Tius/Projeksi-bisnis/dataconnect": could not find dataconnect.yaml in `/Users/tius/Documents/Data Tius/Projeksi-bisnis/dataconnect`
 {"metadata":{"emulator":{"name":"dataconnect"},"message":"E0515 19:50:42.843209   83597 watch.go:40] Failed to load config from \"/Users/tius/Documents/Data Tius/Projeksi-bisnis/dataconnect\": could not find dataconnect.yaml in `/Users/tius/Documents/Data Tius/Projeksi-bisnis/dataconnect`\n"}}
[debug] [2026-05-15T12:50:52.839Z] E0515 19:50:52.838898   83597 watch.go:40] Failed to load config from "/Users/tius/Documents/Data Tius/Projeksi-bisnis/dataconnect": could not find dataconnect.yaml in `/Users/tius/Documents/Data Tius/Projeksi-bisnis/dataconnect`
 {"metadata":{"emulator":{"name":"dataconnect"},"message":"E0515 19:50:52.838898   83597 watch.go:40] Failed to load config from \"/Users/tius/Documents/Data Tius/Projeksi-bisnis/dataconnect\": could not find dataconnect.yaml in `/Users/tius/Documents/Data Tius/Projeksi-bisnis/dataconnect`\n"}}
[debug] [2026-05-15T12:51:22.047Z] E0515 19:51:02.839839   83597 watch.go:40] Failed to load config from "/Users/tius/Documents/Data Tius/Projeksi-bisnis/dataconnect": could not find dataconnect.yaml in `/Users/tius/Documents/Data Tius/Projeksi-bisnis/dataconnect`
E0515 19:51:02.839744   83597 watch.go:116] watchAllDir unable to walk dir `/Users/tius/Documents/Data Tius/Projeksi-bisnis/dataconnect`: lstat /Users/tius/Documents/Data Tius/Projeksi-bisnis/dataconnect: no such file or directory
E0515 19:51:12.840447   83597 watch.go:40] Failed to load config from "/Users/tius/Documents/Data Tius/Projeksi-bisnis/dataconnect": could not find dataconnect.yaml in `/Users/tius/Documents/Data Tius/Projeksi-bisnis/dataconnect`
 {"metadata":{"emulator":{"name":"dataconnect"},"message":"E0515 19:51:02.839839   83597 watch.go:40] Failed to load config from \"/Users/tius/Documents/Data Tius/Projeksi-bisnis/dataconnect\": could not find dataconnect.yaml in `/Users/tius/Documents/Data Tius/Projeksi-bisnis/dataconnect`\nE0515 19:51:02.839744   83597 watch.go:116] watchAllDir unable to walk dir `/Users/tius/Documents/Data Tius/Projeksi-bisnis/dataconnect`: lstat /Users/tius/Documents/Data Tius/Projeksi-bisnis/dataconnect: no such file or directory\nE0515 19:51:12.840447   83597 watch.go:40] Failed to load config from \"/Users/tius/Documents/Data Tius/Projeksi-bisnis/dataconnect\": could not find dataconnect.yaml in `/Users/tius/Documents/Data Tius/Projeksi-bisnis/dataconnect`\n"}}
[debug] [2026-05-15T12:51:23.177Z] E0515 19:51:22.845335   83597 watch.go:40] Failed to load config from "/Users/tius/Documents/Data Tius/Projeksi-bisnis/dataconnect": could not find dataconnect.yaml in `/Users/tius/Documents/Data Tius/Projeksi-bisnis/dataconnect`
 {"metadata":{"emulator":{"name":"dataconnect"},"message":"E0515 19:51:22.845335   83597 watch.go:40] Failed to load config from \"/Users/tius/Documents/Data Tius/Projeksi-bisnis/dataconnect\": could not find dataconnect.yaml in `/Users/tius/Documents/Data Tius/Projeksi-bisnis/dataconnect`\n"}}
[debug] [2026-05-15T12:51:36.552Z] E0515 19:51:33.219192   83597 watch.go:40] Failed to load config from "/Users/tius/Documents/Data Tius/Projeksi-bisnis/dataconnect": could not find dataconnect.yaml in `/Users/tius/Documents/Data Tius/Projeksi-bisnis/dataconnect`
 {"metadata":{"emulator":{"name":"dataconnect"},"message":"E0515 19:51:33.219192   83597 watch.go:40] Failed to load config from \"/Users/tius/Documents/Data Tius/Projeksi-bisnis/dataconnect\": could not find dataconnect.yaml in `/Users/tius/Documents/Data Tius/Projeksi-bisnis/dataconnect`\n"}}
[debug] [2026-05-15T12:51:54.621Z] E0515 19:51:42.838883   83597 watch.go:40] Failed to load config from "/Users/tius/Documents/Data Tius/Projeksi-bisnis/dataconnect": could not find dataconnect.yaml in `/Users/tius/Documents/Data Tius/Projeksi-bisnis/dataconnect`
E0515 19:51:52.838771   83597 watch.go:40] Failed to load config from "/Users/tius/Documents/Data Tius/Projeksi-bisnis/dataconnect": could not find dataconnect.yaml in `/Users/tius/Documents/Data Tius/Projeksi-bisnis/dataconnect`
 {"metadata":{"emulator":{"name":"dataconnect"},"message":"E0515 19:51:42.838883   83597 watch.go:40] Failed to load config from \"/Users/tius/Documents/Data Tius/Projeksi-bisnis/dataconnect\": could not find dataconnect.yaml in `/Users/tius/Documents/Data Tius/Projeksi-bisnis/dataconnect`\nE0515 19:51:52.838771   83597 watch.go:40] Failed to load config from \"/Users/tius/Documents/Data Tius/Projeksi-bisnis/dataconnect\": could not find dataconnect.yaml in `/Users/tius/Documents/Data Tius/Projeksi-bisnis/dataconnect`\n"}}
[debug] [2026-05-15T12:52:09.437Z] E0515 19:52:02.838833   83597 watch.go:40] Failed to load config from "/Users/tius/Documents/Data Tius/Projeksi-bisnis/dataconnect": could not find dataconnect.yaml in `/Users/tius/Documents/Data Tius/Projeksi-bisnis/dataconnect`
E0515 19:52:02.838794   83597 watch.go:116] watchAllDir unable to walk dir `/Users/tius/Documents/Data Tius/Projeksi-bisnis/dataconnect`: lstat /Users/tius/Documents/Data Tius/Projeksi-bisnis/dataconnect: no such file or directory
 {"metadata":{"emulator":{"name":"dataconnect"},"message":"E0515 19:52:02.838833   83597 watch.go:40] Failed to load config from \"/Users/tius/Documents/Data Tius/Projeksi-bisnis/dataconnect\": could not find dataconnect.yaml in `/Users/tius/Documents/Data Tius/Projeksi-bisnis/dataconnect`\nE0515 19:52:02.838794   83597 watch.go:116] watchAllDir unable to walk dir `/Users/tius/Documents/Data Tius/Projeksi-bisnis/dataconnect`: lstat /Users/tius/Documents/Data Tius/Projeksi-bisnis/dataconnect: no such file or directory\n"}}
[debug] [2026-05-15T12:52:12.839Z] E0515 19:52:12.839656   83597 watch.go:40] Failed to load config from "/Users/tius/Documents/Data Tius/Projeksi-bisnis/dataconnect": could not find dataconnect.yaml in `/Users/tius/Documents/Data Tius/Projeksi-bisnis/dataconnect`
 {"metadata":{"emulator":{"name":"dataconnect"},"message":"E0515 19:52:12.839656   83597 watch.go:40] Failed to load config from \"/Users/tius/Documents/Data Tius/Projeksi-bisnis/dataconnect\": could not find dataconnect.yaml in `/Users/tius/Documents/Data Tius/Projeksi-bisnis/dataconnect`\n"}}
[debug] [2026-05-15T12:52:22.869Z] E0515 19:52:22.869597   83597 watch.go:40] Failed to load config from "/Users/tius/Documents/Data Tius/Projeksi-bisnis/dataconnect": could not find dataconnect.yaml in `/Users/tius/Documents/Data Tius/Projeksi-bisnis/dataconnect`
 {"metadata":{"emulator":{"name":"dataconnect"},"message":"E0515 19:52:22.869597   83597 watch.go:40] Failed to load config from \"/Users/tius/Documents/Data Tius/Projeksi-bisnis/dataconnect\": could not find dataconnect.yaml in `/Users/tius/Documents/Data Tius/Projeksi-bisnis/dataconnect`\n"}}
